discount_id,product_id,discount_percentage,start_date,end_date,day_of_week,campaign_name
1,3851,30.0,2014-01-01,2015-12-30,Tuesday,Martes Promo 30% OFF
2,3851,25.0,2014-01-01,2015-12-30,Friday,Viernes Promo 25% OFF
3,3859,30.0,2014-01-01,2015-12-30,Tuesday,Martes Promo 30% OFF
4,3859,25.0,2014-01-01,2015-12-30,Friday,Viernes Promo 25% OFF
5,885,30.0,2014-01-01,2015-12-30,Tuesday,Martes Promo 30% OFF
6,885,25.0,2014-01-01,2015-12-30,Friday,Viernes Promo 25% OFF
7,1873,30.0,2014-01-01,2015-12-30,Tuesday,Martes Promo 30% OFF
8,1873,25.0,2014-01-01,2015-12-30,Friday,Viernes Promo 25% OFF
9,2871,30.0,2014-01-01,2015-12-30,Tuesday,Martes Promo 30% OFF
10,2871,25.0,2014-01-01,2015-12-30,Friday,Viernes Promo 25% OFF
11,3085,30.0,2014-01-01,2015-12-30,Tuesday,Martes Promo 30% OFF
12,3085,25.0,2014-01-01,2015-12-30,Friday,Viernes Promo 25% OFF
13,1487,30.0,2014-01-01,2015-12-30,Tuesday,Martes Promo 30% OFF
14,1487,25.0,2014-01-01,2015-12-30,Friday,Viernes Promo 25% OFF
15,1609,30.0,2014-01-01,2015-12-30,Tuesday,Martes Promo 30% OFF
16,1609,25.0,2014-01-01,2015-12-30,Friday,Viernes Promo 25% OFF
17,1606,30.0,2014-01-01,2015-12-30,Tuesday,Martes Promo 30% OFF
18,1606,25.0,2014-01-01,2015-12-30,Friday,Viernes Promo 25% OFF
19,209,30.0,2014-01-01,2015-12-30,Tuesday,Martes Promo 30% OFF
20,209,25.0,2014-01-01,2015-12-30,Friday,Viernes Promo 25% OFF
21,2702,30.0,2014-01-01,2015-12-30,Tuesday,Martes Promo 30% OFF
22,2702,25.0,2014-01-01,2015-12-30,Friday,Viernes Promo 25% OFF
23,2703,30.0,2014-01-01,2015-12-30,Tuesday,Martes Promo 30% OFF
24,2703,25.0,2014-01-01,2015-12-30,Friday,Viernes Promo 25% OFF
25,1246,30.0,2014-01-01,2015-12-30,Tuesday,Martes Promo 30% OFF
26,1246,25.0,2014-01-01,2015-12-30,Friday,Viernes Promo 25% OFF
27,1766,30.0,2014-01-01,2015-12-30,Tuesday,Martes Promo 30% OFF
28,1766,25.0,2014-01-01,2015-12-30,Friday,Viernes Promo 25% OFF
29,525,30.0,2014-01-01,2015-12-30,Tuesday,Martes Promo 30% OFF
30,525,25.0,2014-01-01,2015-12-30,Friday,Viernes Promo 25% OFF
31,531,30.0,2014-01-01,2015-12-30,Tuesday,Martes Promo 30% OFF
32,531,25.0,2014-01-01,2015-12-30,Friday,Viernes Promo 25% OFF
33,530,30.0,2014-01-01,2015-12-30,Tuesday,Martes Promo 30% OFF
34,530,25.0,2014-01-01,2015-12-30,Friday,Viernes Promo 25% OFF
35,1703,30.0,2014-01-01,2015-12-30,Tuesday,Martes Promo 30% OFF
36,1703,25.0,2014-01-01,2015-12-30,Friday,Viernes Promo 25% OFF
37,1998,30.0,2014-01-01,2015-12-30,Tuesday,Martes Promo 30% OFF
38,1998,25.0,2014-01-01,2015-12-30,Friday,Viernes Promo 25% OFF
39,2774,30.0,2014-01-01,2015-12-30,Tuesday,Martes Promo 30% OFF
40,2774,25.0,2014-01-01,2015-12-30,Friday,Viernes Promo 25% OFF
41,1058,30.0,2014-01-01,2015-12-30,Tuesday,Martes Promo 30% OFF
42,1058,25.0,2014-01-01,2015-12-30,Friday,Viernes Promo 25% OFF
43,1795,30.0,2014-01-01,2015-12-30,Tuesday,Martes Promo 30% OFF
44,1795,25.0,2014-01-01,2015-12-30,Friday,Viernes Promo 25% OFF
45,2793,30.0,2014-01-01,2015-12-30,Tuesday,Martes Promo 30% OFF
46,2793,25.0,2014-01-01,2015-12-30,Friday,Viernes Promo 25% OFF
47,3991,30.0,2014-01-01,2015-12-30,Tuesday,Martes Promo 30% OFF
48,3991,25.0,2014-01-01,2015-12-30,Friday,Viernes Promo 25% OFF
49,413,30.0,2014-01-01,2015-12-30,Tuesday,Martes Promo 30% OFF
50,413,25.0,2014-01-01,2015-12-30,Friday,Viernes Promo 25% OFF
51,278,30.0,2014-01-01,2015-12-30,Tuesday,Martes Promo 30% OFF
52,278,25.0,2014-01-01,2015-12-30,Friday,Viernes Promo 25% OFF
53,138,30.0,2014-01-01,2015-12-30,Tuesday,Martes Promo 30% OFF
54,138,25.0,2014-01-01,2015-12-30,Friday,Viernes Promo 25% OFF
55,139,30.0,2014-01-01,2015-12-30,Tuesday,Martes Promo 30% OFF
56,139,25.0,2014-01-01,2015-12-30,Friday,Viernes Promo 25% OFF
57,135,30.0,2014-01-01,2015-12-30,Tuesday,Martes Promo 30% OFF
58,135,25.0,2014-01-01,2015-12-30,Friday,Viernes Promo 25% OFF
59,2389,30.0,2014-01-01,2015-12-30,Tuesday,Martes Promo 30% OFF
60,2389,25.0,2014-01-01,2015-12-30,Friday,Viernes Promo 25% OFF
61,3482,30.0,2014-01-01,2015-12-30,Tuesday,Martes Promo 30% OFF
62,3482,25.0,2014-01-01,2015-12-30,Friday,Viernes Promo 25% OFF
63,1752,30.0,2014-01-01,2015-12-30,Tuesday,Martes Promo 30% OFF
64,1752,25.0,2014-01-01,2015-12-30,Friday,Viernes Promo 25% OFF
65,3730,30.0,2014-01-01,2015-12-30,Tuesday,Martes Promo 30% OFF
66,3730,25.0,2014-01-01,2015-12-30,Friday,Viernes Promo 25% OFF
67,3225,30.0,2014-01-01,2015-12-30,Tuesday,Martes Promo 30% OFF
68,3225,25.0,2014-01-01,2015-12-30,Friday,Viernes Promo 25% OFF
69,2990,30.0,2014-01-01,2015-12-30,Tuesday,Martes Promo 30% OFF
70,2990,25.0,2014-01-01,2015-12-30,Friday,Viernes Promo 25% OFF
71,3446,30.0,2014-01-01,2015-12-30,Tuesday,Martes Promo 30% OFF
72,3446,25.0,2014-01-01,2015-12-30,Friday,Viernes Promo 25% OFF
73,2028,30.0,2014-01-01,2015-12-30,Tuesday,Martes Promo 30% OFF
74,2028,25.0,2014-01-01,2015-12-30,Friday,Viernes Promo 25% OFF
75,800,30.0,2014-01-01,2015-12-30,Tuesday,Martes Promo 30% OFF
76,800,25.0,2014-01-01,2015-12-30,Friday,Viernes Promo 25% OFF
77,688,30.0,2014-01-01,2015-12-30,Tuesday,Martes Promo 30% OFF
78,688,25.0,2014-01-01,2015-12-30,Friday,Viernes Promo 25% OFF
79,2867,30.0,2014-01-01,2015-12-30,Tuesday,Martes Promo 30% OFF
80,2867,25.0,2014-01-01,2015-12-30,Friday,Viernes Promo 25% OFF
81,3062,30.0,2014-01-01,2015-12-30,Tuesday,Martes Promo 30% OFF
82,3062,25.0,2014-01-01,2015-12-30,Friday,Viernes Promo 25% OFF
83,3759,30.0,2014-01-01,2015-12-30,Tuesday,Martes Promo 30% OFF
84,3759,25.0,2014-01-01,2015-12-30,Friday,Viernes Promo 25% OFF
85,2119,30.0,2014-01-01,2015-12-30,Tuesday,Martes Promo 30% OFF
86,2119,25.0,2014-01-01,2015-12-30,Friday,Viernes Promo 25% OFF
87,2125,30.0,2014-01-01,2015-12-30,Tuesday,Martes Promo 30% OFF
88,2125,25.0,2014-01-01,2015-12-30,Friday,Viernes Promo 25% OFF
89,2129,30.0,2014-01-01,2015-12-30,Tuesday,Martes Promo 30% OFF
90,2129,25.0,2014-01-01,2015-12-30,Friday,Viernes Promo 25% OFF
91,2711,30.0,2014-01-01,2015-12-30,Tuesday,Martes Promo 30% OFF
92,2711,25.0,2014-01-01,2015-12-30,Friday,Viernes Promo 25% OFF
93,2408,30.0,2014-01-01,2015-12-30,Tuesday,Martes Promo 30% OFF
94,2408,25.0,2014-01-01,2015-12-30,Friday,Viernes Promo 25% OFF
95,1124,30.0,2014-01-01,2015-12-30,Tuesday,Martes Promo 30% OFF
96,1124,25.0,2014-01-01,2015-12-30,Friday,Viernes Promo 25% OFF
97,2895,30.0,2014-01-01,2015-12-30,Tuesday,Martes Promo 30% OFF
98,2895,25.0,2014-01-01,2015-12-30,Friday,Viernes Promo 25% OFF
99,3031,30.0,2014-01-01,2015-12-30,Tuesday,Martes Promo 30% OFF
100,3031,25.0,2014-01-01,2015-12-30,Friday,Viernes Promo 25% OFF
101,3700,30.0,2014-01-01,2015-12-30,Tuesday,Martes Promo 30% OFF
102,3700,25.0,2014-01-01,2015-12-30,Friday,Viernes Promo 25% OFF
103,3701,30.0,2014-01-01,2015-12-30,Tuesday,Martes Promo 30% OFF
104,3701,25.0,2014-01-01,2015-12-30,Friday,Viernes Promo 25% OFF
105,3899,30.0,2014-01-01,2015-12-30,Tuesday,Martes Promo 30% OFF
106,3899,25.0,2014-01-01,2015-12-30,Friday,Viernes Promo 25% OFF
107,3902,30.0,2014-01-01,2015-12-30,Tuesday,Martes Promo 30% OFF
108,3902,25.0,2014-01-01,2015-12-30,Friday,Viernes Promo 25% OFF
109,3917,30.0,2014-01-01,2015-12-30,Tuesday,Martes Promo 30% OFF
110,3917,25.0,2014-01-01,2015-12-30,Friday,Viernes Promo 25% OFF
111,3913,30.0,2014-01-01,2015-12-30,Tuesday,Martes Promo 30% OFF
112,3913,25.0,2014-01-01,2015-12-30,Friday,Viernes Promo 25% OFF
113,3683,30.0,2014-01-01,2015-12-30,Tuesday,Martes Promo 30% OFF
114,3683,25.0,2014-01-01,2015-12-30,Friday,Viernes Promo 25% OFF
115,1729,30.0,2014-01-01,2015-12-30,Tuesday,Martes Promo 30% OFF
116,1729,25.0,2014-01-01,2015-12-30,Friday,Viernes Promo 25% OFF
117,2807,30.0,2014-01-01,2015-12-30,Tuesday,Martes Promo 30% OFF
118,2807,25.0,2014-01-01,2015-12-30,Friday,Viernes Promo 25% OFF
119,1826,30.0,2014-01-01,2015-12-30,Tuesday,Martes Promo 30% OFF
120,1826,25.0,2014-01-01,2015-12-30,Friday,Viernes Promo 25% OFF
121,1816,30.0,2014-01-01,2015-12-30,Tuesday,Martes Promo 30% OFF
122,1816,25.0,2014-01-01,2015-12-30,Friday,Viernes Promo 25% OFF
123,1820,30.0,2014-01-01,2015-12-30,Tuesday,Martes Promo 30% OFF
124,1820,25.0,2014-01-01,2015-12-30,Friday,Viernes Promo 25% OFF
125,3495,30.0,2014-01-01,2015-12-30,Tuesday,Martes Promo 30% OFF
126,3495,25.0,2014-01-01,2015-12-30,Friday,Viernes Promo 25% OFF
127,2788,30.0,2014-01-01,2015-12-30,Tuesday,Martes Promo 30% OFF
128,2788,25.0,2014-01-01,2015-12-30,Friday,Viernes Promo 25% OFF
129,400,30.0,2014-01-01,2015-12-30,Tuesday,Martes Promo 30% OFF
130,400,25.0,2014-01-01,2015-12-30,Friday,Viernes Promo 25% OFF
131,3272,30.0,2014-01-01,2015-12-30,Tuesday,Martes Promo 30% OFF
132,3272,25.0,2014-01-01,2015-12-30,Friday,Viernes Promo 25% OFF
133,2018,30.0,2014-01-01,2015-12-30,Tuesday,Martes Promo 30% OFF
134,2018,25.0,2014-01-01,2015-12-30,Friday,Viernes Promo 25% OFF
135,3499,30.0,2014-01-01,2015-12-30,Tuesday,Martes Promo 30% OFF
136,3499,25.0,2014-01-01,2015-12-30,Friday,Viernes Promo 25% OFF
137,2030,30.0,2014-01-01,2015-12-30,Tuesday,Martes Promo 30% OFF
138,2030,25.0,2014-01-01,2015-12-30,Friday,Viernes Promo 25% OFF
139,2363,30.0,2014-01-01,2015-12-30,Tuesday,Martes Promo 30% OFF
140,2363,25.0,2014-01-01,2015-12-30,Friday,Viernes Promo 25% OFF
141,2359,30.0,2014-01-01,2015-12-30,Tuesday,Martes Promo 30% OFF
142,2359,25.0,2014-01-01,2015-12-30,Friday,Viernes Promo 25% OFF
143,2361,30.0,2014-01-01,2015-12-30,Tuesday,Martes Promo 30% OFF
144,2361,25.0,2014-01-01,2015-12-30,Friday,Viernes Promo 25% OFF
145,100,30.0,2014-01-01,2015-12-30,Tuesday,Martes Promo 30% OFF
146,100,25.0,2014-01-01,2015-12-30,Friday,Viernes Promo 25% OFF
147,3590,30.0,2014-01-01,2015-12-30,Tuesday,Martes Promo 30% OFF
148,3590,25.0,2014-01-01,2015-12-30,Friday,Viernes Promo 25% OFF
149,675,30.0,2014-01-01,2015-12-30,Tuesday,Martes Promo 30% OFF
150,675,25.0,2014-01-01,2015-12-30,Friday,Viernes Promo 25% OFF
151,2792,30.0,2014-01-01,2015-12-30,Tuesday,Martes Promo 30% OFF
152,2792,25.0,2014-01-01,2015-12-30,Friday,Viernes Promo 25% OFF
153,1841,30.0,2014-01-01,2015-12-30,Tuesday,Martes Promo 30% OFF
154,1841,25.0,2014-01-01,2015-12-30,Friday,Viernes Promo 25% OFF
155,1827,30.0,2014-01-01,2015-12-30,Tuesday,Martes Promo 30% OFF
156,1827,25.0,2014-01-01,2015-12-30,Friday,Viernes Promo 25% OFF
157,1794,30.0,2014-01-01,2015-12-30,Tuesday,Martes Promo 30% OFF
158,1794,25.0,2014-01-01,2015-12-30,Friday,Viernes Promo 25% OFF
159,2921,30.0,2014-01-01,2015-12-30,Tuesday,Martes Promo 30% OFF
160,2921,25.0,2014-01-01,2015-12-30,Friday,Viernes Promo 25% OFF
161,1452,30.0,2014-01-01,2015-12-30,Tuesday,Martes Promo 30% OFF
162,1452,25.0,2014-01-01,2015-12-30,Friday,Viernes Promo 25% OFF
163,1839,30.0,2014-01-01,2015-12-30,Tuesday,Martes Promo 30% OFF
164,1839,25.0,2014-01-01,2015-12-30,Friday,Viernes Promo 25% OFF
165,133,30.0,2014-01-01,2015-12-30,Tuesday,Martes Promo 30% OFF
166,133,25.0,2014-01-01,2015-12-30,Friday,Viernes Promo 25% OFF
167,3869,30.0,2014-01-01,2015-12-30,Tuesday,Martes Promo 30% OFF
168,3869,25.0,2014-01-01,2015-12-30,Friday,Viernes Promo 25% OFF
169,2798,30.0,2014-01-01,2015-12-30,Tuesday,Martes Promo 30% OFF
170,2798,25.0,2014-01-01,2015-12-30,Friday,Viernes Promo 25% OFF
171,827,30.0,2014-01-01,2015-12-30,Tuesday,Martes Promo 30% OFF
172,827,25.0,2014-01-01,2015-12-30,Friday,Viernes Promo 25% OFF
173,2486,30.0,2014-01-01,2015-12-30,Tuesday,Martes Promo 30% OFF
174,2486,25.0,2014-01-01,2015-12-30,Friday,Viernes Promo 25% OFF
175,1219,30.0,2014-01-01,2015-12-30,Tuesday,Martes Promo 30% OFF
176,1219,25.0,2014-01-01,2015-12-30,Friday,Viernes Promo 25% OFF
177,2503,30.0,2014-01-01,2015-12-30,Tuesday,Martes Promo 30% OFF
178,2503,25.0,2014-01-01,2015-12-30,Friday,Viernes Promo 25% OFF
179,3344,30.0,2014-01-01,2015-12-30,Tuesday,Martes Promo 30% OFF
180,3344,25.0,2014-01-01,2015-12-30,Friday,Viernes Promo 25% OFF
181,4005,30.0,2014-01-01,2015-12-30,Tuesday,Martes Promo 30% OFF
182,4005,25.0,2014-01-01,2015-12-30,Friday,Viernes Promo 25% OFF
183,857,30.0,2014-01-01,2015-12-30,Tuesday,Martes Promo 30% OFF
184,857,25.0,2014-01-01,2015-12-30,Friday,Viernes Promo 25% OFF
185,1439,30.0,2014-01-01,2015-12-30,Tuesday,Martes Promo 30% OFF
186,1439,25.0,2014-01-01,2015-12-30,Friday,Viernes Promo 25% OFF
187,3990,30.0,2014-01-01,2015-12-30,Tuesday,Martes Promo 30% OFF
188,3990,25.0,2014-01-01,2015-12-30,Friday,Viernes Promo 25% OFF
189,2529,30.0,2014-01-01,2015-12-30,Tuesday,Martes Promo 30% OFF
190,2529,25.0,2014-01-01,2015-12-30,Friday,Viernes Promo 25% OFF
191,2411,30.0,2014-01-01,2015-12-30,Tuesday,Martes Promo 30% OFF
192,2411,25.0,2014-01-01,2015-12-30,Friday,Viernes Promo 25% OFF
193,3377,30.0,2014-01-01,2015-12-30,Tuesday,Martes Promo 30% OFF
194,3377,25.0,2014-01-01,2015-12-30,Friday,Viernes Promo 25% OFF
195,3559,30.0,2014-01-01,2015-12-30,Tuesday,Martes Promo 30% OFF
196,3559,25.0,2014-01-01,2015-12-30,Friday,Viernes Promo 25% OFF
197,1221,30.0,2014-01-01,2015-12-30,Tuesday,Martes Promo 30% OFF
198,1221,25.0,2014-01-01,2015-12-30,Friday,Viernes Promo 25% OFF
199,4030,30.0,2014-01-01,2015-12-30,Tuesday,Martes Promo 30% OFF
200,4030,25.0,2014-01-01,2015-12-30,Friday,Viernes Promo 25% OFF
201,661,30.0,2014-01-01,2015-12-30,Tuesday,Martes Promo 30% OFF
202,661,25.0,2014-01-01,2015-12-30,Friday,Viernes Promo 25% OFF
203,2916,30.0,2014-01-01,2015-12-30,Tuesday,Martes Promo 30% OFF
204,2916,25.0,2014-01-01,2015-12-30,Friday,Viernes Promo 25% OFF
205,3182,30.0,2014-01-01,2015-12-30,Tuesday,Martes Promo 30% OFF
206,3182,25.0,2014-01-01,2015-12-30,Friday,Viernes Promo 25% OFF
207,1121,30.0,2014-01-01,2015-12-30,Tuesday,Martes Promo 30% OFF
208,1121,25.0,2014-01-01,2015-12-30,Friday,Viernes Promo 25% OFF
209,1122,30.0,2014-01-01,2015-12-30,Tuesday,Martes Promo 30% OFF
210,1122,25.0,2014-01-01,2015-12-30,Friday,Viernes Promo 25% OFF
211,666,30.0,2014-01-01,2015-12-30,Tuesday,Martes Promo 30% OFF
212,666,25.0,2014-01-01,2015-12-30,Friday,Viernes Promo 25% OFF
213,452,30.0,2014-01-01,2015-12-30,Tuesday,Martes Promo 30% OFF
214,452,25.0,2014-01-01,2015-12-30,Friday,Viernes Promo 25% OFF
215,267,30.0,2014-01-01,2015-12-30,Tuesday,Martes Promo 30% OFF
216,267,25.0,2014-01-01,2015-12-30,Friday,Viernes Promo 25% OFF
217,1477,30.0,2014-01-01,2015-12-30,Tuesday,Martes Promo 30% OFF
218,1477,25.0,2014-01-01,2015-12-30,Friday,Viernes Promo 25% OFF
219,1588,30.0,2014-01-01,2015-12-30,Tuesday,Martes Promo 30% OFF
220,1588,25.0,2014-01-01,2015-12-30,Friday,Viernes Promo 25% OFF
221,1050,30.0,2014-01-01,2015-12-30,Tuesday,Martes Promo 30% OFF
222,1050,25.0,2014-01-01,2015-12-30,Friday,Viernes Promo 25% OFF
223,3761,30.0,2014-01-01,2015-12-30,Tuesday,Martes Promo 30% OFF
224,3761,25.0,2014-01-01,2015-12-30,Friday,Viernes Promo 25% OFF
225,745,30.0,2014-01-01,2015-12-30,Tuesday,Martes Promo 30% OFF
226,745,25.0,2014-01-01,2015-12-30,Friday,Viernes Promo 25% OFF
227,2784,30.0,2014-01-01,2015-12-30,Tuesday,Martes Promo 30% OFF
228,2784,25.0,2014-01-01,2015-12-30,Friday,Viernes Promo 25% OFF
229,3597,30.0,2014-01-01,2015-12-30,Tuesday,Martes Promo 30% OFF
230,3597,25.0,2014-01-01,2015-12-30,Friday,Viernes Promo 25% OFF
231,174,30.0,2014-01-01,2015-12-30,Tuesday,Martes Promo 30% OFF
232,174,25.0,2014-01-01,2015-12-30,Friday,Viernes Promo 25% OFF
233,1760,30.0,2014-01-01,2015-12-30,Tuesday,Martes Promo 30% OFF
234,1760,25.0,2014-01-01,2015-12-30,Friday,Viernes Promo 25% OFF
235,43,30.0,2014-01-01,2015-12-30,Tuesday,Martes Promo 30% OFF
236,43,25.0,2014-01-01,2015-12-30,Friday,Viernes Promo 25% OFF
237,44,30.0,2014-01-01,2015-12-30,Tuesday,Martes Promo 30% OFF
238,44,25.0,2014-01-01,2015-12-30,Friday,Viernes Promo 25% OFF
239,3067,30.0,2014-01-01,2015-12-30,Tuesday,Martes Promo 30% OFF
240,3067,25.0,2014-01-01,2015-12-30,Friday,Viernes Promo 25% OFF
241,3901,30.0,2014-01-01,2015-12-30,Tuesday,Martes Promo 30% OFF
242,3901,25.0,2014-01-01,2015-12-30,Friday,Viernes Promo 25% OFF
243,845,30.0,2014-01-01,2015-12-30,Tuesday,Martes Promo 30% OFF
244,845,25.0,2014-01-01,2015-12-30,Friday,Viernes Promo 25% OFF
245,1632,30.0,2014-01-01,2015-12-30,Tuesday,Martes Promo 30% OFF
246,1632,25.0,2014-01-01,2015-12-30,Friday,Viernes Promo 25% OFF
247,1630,30.0,2014-01-01,2015-12-30,Tuesday,Martes Promo 30% OFF
248,1630,25.0,2014-01-01,2015-12-30,Friday,Viernes Promo 25% OFF
249,2219,30.0,2014-01-01,2015-12-30,Tuesday,Martes Promo 30% OFF
250,2219,25.0,2014-01-01,2015-12-30,Friday,Viernes Promo 25% OFF
251,1666,30.0,2014-01-01,2015-12-30,Tuesday,Martes Promo 30% OFF
252,1666,25.0,2014-01-01,2015-12-30,Friday,Viernes Promo 25% OFF
253,1665,30.0,2014-01-01,2015-12-30,Tuesday,Martes Promo 30% OFF
254,1665,25.0,2014-01-01,2015-12-30,Friday,Viernes Promo 25% OFF
255,3858,30.0,2014-01-01,2015-12-30,Tuesday,Martes Promo 30% OFF
256,3858,25.0,2014-01-01,2015-12-30,Friday,Viernes Promo 25% OFF
257,818,30.0,2014-01-01,2015-12-30,Tuesday,Martes Promo 30% OFF
258,818,25.0,2014-01-01,2015-12-30,Friday,Viernes Promo 25% OFF
259,889,30.0,2014-01-01,2015-12-30,Tuesday,Martes Promo 30% OFF
260,889,25.0,2014-01-01,2015-12-30,Friday,Viernes Promo 25% OFF
261,1171,30.0,2014-01-01,2015-12-30,Tuesday,Martes Promo 30% OFF
262,1171,25.0,2014-01-01,2015-12-30,Friday,Viernes Promo 25% OFF
263,1170,30.0,2014-01-01,2015-12-30,Tuesday,Martes Promo 30% OFF
264,1170,25.0,2014-01-01,2015-12-30,Friday,Viernes Promo 25% OFF
265,1167,30.0,2014-01-01,2015-12-30,Tuesday,Martes Promo 30% OFF
266,1167,25.0,2014-01-01,2015-12-30,Friday,Viernes Promo 25% OFF
267,1822,30.0,2014-01-01,2015-12-30,Tuesday,Martes Promo 30% OFF
268,1822,25.0,2014-01-01,2015-12-30,Friday,Viernes Promo 25% OFF
269,3600,30.0,2014-01-01,2015-12-30,Tuesday,Martes Promo 30% OFF
270,3600,25.0,2014-01-01,2015-12-30,Friday,Viernes Promo 25% OFF
271,2293,30.0,2014-01-01,2015-12-30,Tuesday,Martes Promo 30% OFF
272,2293,25.0,2014-01-01,2015-12-30,Friday,Viernes Promo 25% OFF
273,2015,30.0,2014-01-01,2015-12-30,Tuesday,Martes Promo 30% OFF
274,2015,25.0,2014-01-01,2015-12-30,Friday,Viernes Promo 25% OFF
275,3883,30.0,2014-01-01,2015-12-30,Tuesday,Martes Promo 30% OFF
276,3883,25.0,2014-01-01,2015-12-30,Friday,Viernes Promo 25% OFF
277,1828,30.0,2014-01-01,2015-12-30,Tuesday,Martes Promo 30% OFF
278,1828,25.0,2014-01-01,2015-12-30,Friday,Viernes Promo 25% OFF
279,738,30.0,2014-01-01,2015-12-30,Tuesday,Martes Promo 30% OFF
280,738,25.0,2014-01-01,2015-12-30,Friday,Viernes Promo 25% OFF
281,1975,30.0,2014-01-01,2015-12-30,Tuesday,Martes Promo 30% OFF
282,1975,25.0,2014-01-01,2015-12-30,Friday,Viernes Promo 25% OFF
283,3916,30.0,2014-01-01,2015-12-30,Tuesday,Martes Promo 30% OFF
284,3916,25.0,2014-01-01,2015-12-30,Friday,Viernes Promo 25% OFF
285,1205,30.0,2014-01-01,2015-12-30,Tuesday,Martes Promo 30% OFF
286,1205,25.0,2014-01-01,2015-12-30,Friday,Viernes Promo 25% OFF
287,1705,30.0,2014-01-01,2015-12-30,Tuesday,Martes Promo 30% OFF
288,1705,25.0,2014-01-01,2015-12-30,Friday,Viernes Promo 25% OFF
289,1444,30.0,2014-01-01,2015-12-30,Tuesday,Martes Promo 30% OFF
290,1444,25.0,2014-01-01,2015-12-30,Friday,Viernes Promo 25% OFF
291,1271,30.0,2014-01-01,2015-12-30,Tuesday,Martes Promo 30% OFF
292,1271,25.0,2014-01-01,2015-12-30,Friday,Viernes Promo 25% OFF
293,205,30.0,2014-01-01,2015-12-30,Tuesday,Martes Promo 30% OFF
294,205,25.0,2014-01-01,2015-12-30,Friday,Viernes Promo 25% OFF
295,1381,30.0,2014-01-01,2015-12-30,Tuesday,Martes Promo 30% OFF
296,1381,25.0,2014-01-01,2015-12-30,Friday,Viernes Promo 25% OFF
297,1717,30.0,2014-01-01,2015-12-30,Tuesday,Martes Promo 30% OFF
298,1717,25.0,2014-01-01,2015-12-30,Friday,Viernes Promo 25% OFF
299,1380,30.0,2014-01-01,2015-12-30,Tuesday,Martes Promo 30% OFF
300,1380,25.0,2014-01-01,2015-12-30,Friday,Viernes Promo 25% OFF
301,2964,30.0,2014-01-01,2015-12-30,Tuesday,Martes Promo 30% OFF
302,2964,25.0,2014-01-01,2015-12-30,Friday,Viernes Promo 25% OFF
303,79,30.0,2014-01-01,2015-12-30,Tuesday,Martes Promo 30% OFF
304,79,25.0,2014-01-01,2015-12-30,Friday,Viernes Promo 25% OFF
305,765,30.0,2014-01-01,2015-12-30,Tuesday,Martes Promo 30% OFF
306,765,25.0,2014-01-01,2015-12-30,Friday,Viernes Promo 25% OFF
307,3765,30.0,2014-01-01,2015-12-30,Tuesday,Martes Promo 30% OFF
308,3765,25.0,2014-01-01,2015-12-30,Friday,Viernes Promo 25% OFF
309,3124,30.0,2014-01-01,2015-12-30,Tuesday,Martes Promo 30% OFF
310,3124,25.0,2014-01-01,2015-12-30,Friday,Viernes Promo 25% OFF
311,3126,30.0,2014-01-01,2015-12-30,Tuesday,Martes Promo 30% OFF
312,3126,25.0,2014-01-01,2015-12-30,Friday,Viernes Promo 25% OFF
313,2854,30.0,2014-01-01,2015-12-30,Tuesday,Martes Promo 30% OFF
314,2854,25.0,2014-01-01,2015-12-30,Friday,Viernes Promo 25% OFF
315,388,30.0,2014-01-01,2015-12-30,Tuesday,Martes Promo 30% OFF
316,388,25.0,2014-01-01,2015-12-30,Friday,Viernes Promo 25% OFF
317,2796,30.0,2014-01-01,2015-12-30,Tuesday,Martes Promo 30% OFF
318,2796,25.0,2014-01-01,2015-12-30,Friday,Viernes Promo 25% OFF
319,418,30.0,2014-01-01,2015-12-30,Tuesday,Martes Promo 30% OFF
320,418,25.0,2014-01-01,2015-12-30,Friday,Viernes Promo 25% OFF
321,1757,30.0,2014-01-01,2015-12-30,Tuesday,Martes Promo 30% OFF
322,1757,25.0,2014-01-01,2015-12-30,Friday,Viernes Promo 25% OFF
323,1908,30.0,2014-01-01,2015-12-30,Tuesday,Martes Promo 30% OFF
324,1908,25.0,2014-01-01,2015-12-30,Friday,Viernes Promo 25% OFF
325,3378,30.0,2014-01-01,2015-12-30,Tuesday,Martes Promo 30% OFF
326,3378,25.0,2014-01-01,2015-12-30,Friday,Viernes Promo 25% OFF
327,1793,30.0,2014-01-01,2015-12-30,Tuesday,Martes Promo 30% OFF
328,1793,25.0,2014-01-01,2015-12-30,Friday,Viernes Promo 25% OFF
329,1792,30.0,2014-01-01,2015-12-30,Tuesday,Martes Promo 30% OFF
330,1792,25.0,2014-01-01,2015-12-30,Friday,Viernes Promo 25% OFF
331,2966,30.0,2014-01-01,2015-12-30,Tuesday,Martes Promo 30% OFF
332,2966,25.0,2014-01-01,2015-12-30,Friday,Viernes Promo 25% OFF
333,1626,30.0,2014-01-01,2015-12-30,Tuesday,Martes Promo 30% OFF
334,1626,25.0,2014-01-01,2015-12-30,Friday,Viernes Promo 25% OFF
335,2413,30.0,2014-01-01,2015-12-30,Tuesday,Martes Promo 30% OFF
336,2413,25.0,2014-01-01,2015-12-30,Friday,Viernes Promo 25% OFF
337,1002,30.0,2014-01-01,2015-12-30,Tuesday,Martes Promo 30% OFF
338,1002,25.0,2014-01-01,2015-12-30,Friday,Viernes Promo 25% OFF
339,3393,30.0,2014-01-01,2015-12-30,Tuesday,Martes Promo 30% OFF
340,3393,25.0,2014-01-01,2015-12-30,Friday,Viernes Promo 25% OFF
341,1916,30.0,2014-01-01,2015-12-30,Tuesday,Martes Promo 30% OFF
342,1916,25.0,2014-01-01,2015-12-30,Friday,Viernes Promo 25% OFF
343,3226,30.0,2014-01-01,2015-12-30,Tuesday,Martes Promo 30% OFF
344,3226,25.0,2014-01-01,2015-12-30,Friday,Viernes Promo 25% OFF
345,3271,30.0,2014-01-01,2015-12-30,Tuesday,Martes Promo 30% OFF
346,3271,25.0,2014-01-01,2015-12-30,Friday,Viernes Promo 25% OFF
347,2687,30.0,2014-01-01,2015-12-30,Tuesday,Martes Promo 30% OFF
348,2687,25.0,2014-01-01,2015-12-30,Friday,Viernes Promo 25% OFF
349,976,30.0,2014-01-01,2015-12-30,Tuesday,Martes Promo 30% OFF
350,976,25.0,2014-01-01,2015-12-30,Friday,Viernes Promo 25% OFF
351,2914,30.0,2014-01-01,2015-12-30,Tuesday,Martes Promo 30% OFF
352,2914,25.0,2014-01-01,2015-12-30,Friday,Viernes Promo 25% OFF
353,1182,30.0,2014-01-01,2015-12-30,Tuesday,Martes Promo 30% OFF
354,1182,25.0,2014-01-01,2015-12-30,Friday,Viernes Promo 25% OFF
355,2487,30.0,2014-01-01,2015-12-30,Tuesday,Martes Promo 30% OFF
356,2487,25.0,2014-01-01,2015-12-30,Friday,Viernes Promo 25% OFF
357,42,30.0,2014-01-01,2015-12-30,Tuesday,Martes Promo 30% OFF
358,42,25.0,2014-01-01,2015-12-30,Friday,Viernes Promo 25% OFF
359,3195,30.0,2014-01-01,2015-12-30,Tuesday,Martes Promo 30% OFF
360,3195,25.0,2014-01-01,2015-12-30,Friday,Viernes Promo 25% OFF
361,3606,30.0,2014-01-01,2015-12-30,Tuesday,Martes Promo 30% OFF
362,3606,25.0,2014-01-01,2015-12-30,Friday,Viernes Promo 25% OFF
363,3911,30.0,2014-01-01,2015-12-30,Tuesday,Martes Promo 30% OFF
364,3911,25.0,2014-01-01,2015-12-30,Friday,Viernes Promo 25% OFF
365,2999,30.0,2014-01-01,2015-12-30,Tuesday,Martes Promo 30% OFF
366,2999,25.0,2014-01-01,2015-12-30,Friday,Viernes Promo 25% OFF
367,2445,30.0,2014-01-01,2015-12-30,Tuesday,Martes Promo 30% OFF
368,2445,25.0,2014-01-01,2015-12-30,Friday,Viernes Promo 25% OFF
369,2442,30.0,2014-01-01,2015-12-30,Tuesday,Martes Promo 30% OFF
370,2442,25.0,2014-01-01,2015-12-30,Friday,Viernes Promo 25% OFF
371,2496,30.0,2014-01-01,2015-12-30,Tuesday,Martes Promo 30% OFF
372,2496,25.0,2014-01-01,2015-12-30,Friday,Viernes Promo 25% OFF
373,3475,30.0,2014-01-01,2015-12-30,Tuesday,Martes Promo 30% OFF
374,3475,25.0,2014-01-01,2015-12-30,Friday,Viernes Promo 25% OFF
375,2915,30.0,2014-01-01,2015-12-30,Tuesday,Martes Promo 30% OFF
376,2915,25.0,2014-01-01,2015-12-30,Friday,Viernes Promo 25% OFF
377,1209,30.0,2014-01-01,2015-12-30,Tuesday,Martes Promo 30% OFF
378,1209,25.0,2014-01-01,2015-12-30,Friday,Viernes Promo 25% OFF
379,1608,30.0,2014-01-01,2015-12-30,Tuesday,Martes Promo 30% OFF
380,1608,25.0,2014-01-01,2015-12-30,Friday,Viernes Promo 25% OFF
381,1604,30.0,2014-01-01,2015-12-30,Tuesday,Martes Promo 30% OFF
382,1604,25.0,2014-01-01,2015-12-30,Friday,Viernes Promo 25% OFF
383,1607,30.0,2014-01-01,2015-12-30,Tuesday,Martes Promo 30% OFF
384,1607,25.0,2014-01-01,2015-12-30,Friday,Viernes Promo 25% OFF
385,1009,30.0,2014-01-01,2015-12-30,Tuesday,Martes Promo 30% OFF
386,1009,25.0,2014-01-01,2015-12-30,Friday,Viernes Promo 25% OFF
387,833,30.0,2014-01-01,2015-12-30,Tuesday,Martes Promo 30% OFF
388,833,25.0,2014-01-01,2015-12-30,Friday,Viernes Promo 25% OFF
389,1598,30.0,2014-01-01,2015-12-30,Tuesday,Martes Promo 30% OFF
390,1598,25.0,2014-01-01,2015-12-30,Friday,Viernes Promo 25% OFF
391,3623,30.0,2014-01-01,2015-12-30,Tuesday,Martes Promo 30% OFF
392,3623,25.0,2014-01-01,2015-12-30,Friday,Viernes Promo 25% OFF
393,365,30.0,2014-01-01,2015-12-30,Tuesday,Martes Promo 30% OFF
394,365,25.0,2014-01-01,2015-12-30,Friday,Viernes Promo 25% OFF
395,706,30.0,2014-01-01,2015-12-30,Tuesday,Martes Promo 30% OFF
396,706,25.0,2014-01-01,2015-12-30,Friday,Viernes Promo 25% OFF
397,3372,30.0,2014-01-01,2015-12-30,Tuesday,Martes Promo 30% OFF
398,3372,25.0,2014-01-01,2015-12-30,Friday,Viernes Promo 25% OFF
399,136,30.0,2014-01-01,2015-12-30,Tuesday,Martes Promo 30% OFF
400,136,25.0,2014-01-01,2015-12-30,Friday,Viernes Promo 25% OFF
401,137,30.0,2014-01-01,2015-12-30,Tuesday,Martes Promo 30% OFF
402,137,25.0,2014-01-01,2015-12-30,Friday,Viernes Promo 25% OFF
403,1603,30.0,2014-01-01,2015-12-30,Tuesday,Martes Promo 30% OFF
404,1603,25.0,2014-01-01,2015-12-30,Friday,Viernes Promo 25% OFF
405,1758,30.0,2014-01-01,2015-12-30,Tuesday,Martes Promo 30% OFF
406,1758,25.0,2014-01-01,2015-12-30,Friday,Viernes Promo 25% OFF
407,3120,30.0,2014-01-01,2015-12-30,Tuesday,Martes Promo 30% OFF
408,3120,25.0,2014-01-01,2015-12-30,Friday,Viernes Promo 25% OFF
409,2334,30.0,2014-01-01,2015-12-30,Tuesday,Martes Promo 30% OFF
410,2334,25.0,2014-01-01,2015-12-30,Friday,Viernes Promo 25% OFF
411,2836,30.0,2014-01-01,2015-12-30,Tuesday,Martes Promo 30% OFF
412,2836,25.0,2014-01-01,2015-12-30,Friday,Viernes Promo 25% OFF
413,244,30.0,2014-01-01,2015-12-30,Tuesday,Martes Promo 30% OFF
414,244,25.0,2014-01-01,2015-12-30,Friday,Viernes Promo 25% OFF
415,1049,30.0,2014-01-01,2015-12-30,Tuesday,Martes Promo 30% OFF
416,1049,25.0,2014-01-01,2015-12-30,Friday,Viernes Promo 25% OFF
417,3493,30.0,2014-01-01,2015-12-30,Tuesday,Martes Promo 30% OFF
418,3493,25.0,2014-01-01,2015-12-30,Friday,Viernes Promo 25% OFF
419,2552,30.0,2014-01-01,2015-12-30,Tuesday,Martes Promo 30% OFF
420,2552,25.0,2014-01-01,2015-12-30,Friday,Viernes Promo 25% OFF
421,3284,30.0,2014-01-01,2015-12-30,Tuesday,Martes Promo 30% OFF
422,3284,25.0,2014-01-01,2015-12-30,Friday,Viernes Promo 25% OFF
423,1726,30.0,2014-01-01,2015-12-30,Tuesday,Martes Promo 30% OFF
424,1726,25.0,2014-01-01,2015-12-30,Friday,Viernes Promo 25% OFF
425,746,30.0,2014-01-01,2015-12-30,Tuesday,Martes Promo 30% OFF
426,746,25.0,2014-01-01,2015-12-30,Friday,Viernes Promo 25% OFF
427,3866,30.0,2014-01-01,2015-12-30,Tuesday,Martes Promo 30% OFF
428,3866,25.0,2014-01-01,2015-12-30,Friday,Viernes Promo 25% OFF
429,3040,30.0,2014-01-01,2015-12-30,Tuesday,Martes Promo 30% OFF
430,3040,25.0,2014-01-01,2015-12-30,Friday,Viernes Promo 25% OFF
431,320,30.0,2014-01-01,2015-12-30,Tuesday,Martes Promo 30% OFF
432,320,25.0,2014-01-01,2015-12-30,Friday,Viernes Promo 25% OFF
433,523,30.0,2014-01-01,2015-12-30,Tuesday,Martes Promo 30% OFF
434,523,25.0,2014-01-01,2015-12-30,Friday,Viernes Promo 25% OFF
435,3352,30.0,2014-01-01,2015-12-30,Tuesday,Martes Promo 30% OFF
436,3352,25.0,2014-01-01,2015-12-30,Friday,Viernes Promo 25% OFF
437,2489,30.0,2014-01-01,2015-12-30,Tuesday,Martes Promo 30% OFF
438,2489,25.0,2014-01-01,2015-12-30,Friday,Viernes Promo 25% OFF
439,3285,30.0,2014-01-01,2015-12-30,Tuesday,Martes Promo 30% OFF
440,3285,25.0,2014-01-01,2015-12-30,Friday,Viernes Promo 25% OFF
441,2498,30.0,2014-01-01,2015-12-30,Tuesday,Martes Promo 30% OFF
442,2498,25.0,2014-01-01,2015-12-30,Friday,Viernes Promo 25% OFF
443,3020,30.0,2014-01-01,2015-12-30,Tuesday,Martes Promo 30% OFF
444,3020,25.0,2014-01-01,2015-12-30,Friday,Viernes Promo 25% OFF
445,3036,30.0,2014-01-01,2015-12-30,Tuesday,Martes Promo 30% OFF
446,3036,25.0,2014-01-01,2015-12-30,Friday,Viernes Promo 25% OFF
447,270,30.0,2014-01-01,2015-12-30,Tuesday,Martes Promo 30% OFF
448,270,25.0,2014-01-01,2015-12-30,Friday,Viernes Promo 25% OFF
449,1937,30.0,2014-01-01,2015-12-30,Tuesday,Martes Promo 30% OFF
450,1937,25.0,2014-01-01,2015-12-30,Friday,Viernes Promo 25% OFF
451,3663,30.0,2014-01-01,2015-12-30,Tuesday,Martes Promo 30% OFF
452,3663,25.0,2014-01-01,2015-12-30,Friday,Viernes Promo 25% OFF
453,3152,30.0,2014-01-01,2015-12-30,Tuesday,Martes Promo 30% OFF
454,3152,25.0,2014-01-01,2015-12-30,Friday,Viernes Promo 25% OFF
455,3151,30.0,2014-01-01,2015-12-30,Tuesday,Martes Promo 30% OFF
456,3151,25.0,2014-01-01,2015-12-30,Friday,Viernes Promo 25% OFF
457,3633,30.0,2014-01-01,2015-12-30,Tuesday,Martes Promo 30% OFF
458,3633,25.0,2014-01-01,2015-12-30,Friday,Viernes Promo 25% OFF
459,1207,30.0,2014-01-01,2015-12-30,Tuesday,Martes Promo 30% OFF
460,1207,25.0,2014-01-01,2015-12-30,Friday,Viernes Promo 25% OFF
461,2151,30.0,2014-01-01,2015-12-30,Tuesday,Martes Promo 30% OFF
462,2151,25.0,2014-01-01,2015-12-30,Friday,Viernes Promo 25% OFF
463,1003,30.0,2014-01-01,2015-12-30,Tuesday,Martes Promo 30% OFF
464,1003,25.0,2014-01-01,2015-12-30,Friday,Viernes Promo 25% OFF
465,3311,30.0,2014-01-01,2015-12-30,Tuesday,Martes Promo 30% OFF
466,3311,25.0,2014-01-01,2015-12-30,Friday,Viernes Promo 25% OFF
467,1878,30.0,2014-01-01,2015-12-30,Tuesday,Martes Promo 30% OFF
468,1878,25.0,2014-01-01,2015-12-30,Friday,Viernes Promo 25% OFF
469,2092,30.0,2014-01-01,2015-12-30,Tuesday,Martes Promo 30% OFF
470,2092,25.0,2014-01-01,2015-12-30,Friday,Viernes Promo 25% OFF
471,1063,30.0,2014-01-01,2015-12-30,Tuesday,Martes Promo 30% OFF
472,1063,25.0,2014-01-01,2015-12-30,Friday,Viernes Promo 25% OFF
473,281,30.0,2014-01-01,2015-12-30,Tuesday,Martes Promo 30% OFF
474,281,25.0,2014-01-01,2015-12-30,Friday,Viernes Promo 25% OFF
475,1865,30.0,2014-01-01,2015-12-30,Tuesday,Martes Promo 30% OFF
476,1865,25.0,2014-01-01,2015-12-30,Friday,Viernes Promo 25% OFF
477,3588,30.0,2014-01-01,2015-12-30,Tuesday,Martes Promo 30% OFF
478,3588,25.0,2014-01-01,2015-12-30,Friday,Viernes Promo 25% OFF
479,2095,30.0,2014-01-01,2015-12-30,Tuesday,Martes Promo 30% OFF
480,2095,25.0,2014-01-01,2015-12-30,Friday,Viernes Promo 25% OFF
481,1741,30.0,2014-01-01,2015-12-30,Tuesday,Martes Promo 30% OFF
482,1741,25.0,2014-01-01,2015-12-30,Friday,Viernes Promo 25% OFF
483,1582,30.0,2014-01-01,2015-12-30,Tuesday,Martes Promo 30% OFF
484,1582,25.0,2014-01-01,2015-12-30,Friday,Viernes Promo 25% OFF
485,3221,30.0,2014-01-01,2015-12-30,Tuesday,Martes Promo 30% OFF
486,3221,25.0,2014-01-01,2015-12-30,Friday,Viernes Promo 25% OFF
487,3063,30.0,2014-01-01,2015-12-30,Tuesday,Martes Promo 30% OFF
488,3063,25.0,2014-01-01,2015-12-30,Friday,Viernes Promo 25% OFF
489,3201,30.0,2014-01-01,2015-12-30,Tuesday,Martes Promo 30% OFF
490,3201,25.0,2014-01-01,2015-12-30,Friday,Viernes Promo 25% OFF
491,3200,30.0,2014-01-01,2015-12-30,Tuesday,Martes Promo 30% OFF
492,3200,25.0,2014-01-01,2015-12-30,Friday,Viernes Promo 25% OFF
493,3214,30.0,2014-01-01,2015-12-30,Tuesday,Martes Promo 30% OFF
494,3214,25.0,2014-01-01,2015-12-30,Friday,Viernes Promo 25% OFF
495,3027,30.0,2014-01-01,2015-12-30,Tuesday,Martes Promo 30% OFF
496,3027,25.0,2014-01-01,2015-12-30,Friday,Viernes Promo 25% OFF
497,190,30.0,2014-01-01,2015-12-30,Tuesday,Martes Promo 30% OFF
498,190,25.0,2014-01-01,2015-12-30,Friday,Viernes Promo 25% OFF
499,3492,30.0,2014-01-01,2015-12-30,Tuesday,Martes Promo 30% OFF
500,3492,25.0,2014-01-01,2015-12-30,Friday,Viernes Promo 25% OFF
501,373,30.0,2014-01-01,2015-12-30,Tuesday,Martes Promo 30% OFF
502,373,25.0,2014-01-01,2015-12-30,Friday,Viernes Promo 25% OFF
503,3477,30.0,2014-01-01,2015-12-30,Tuesday,Martes Promo 30% OFF
504,3477,25.0,2014-01-01,2015-12-30,Friday,Viernes Promo 25% OFF
505,3422,30.0,2014-01-01,2015-12-30,Tuesday,Martes Promo 30% OFF
506,3422,25.0,2014-01-01,2015-12-30,Friday,Viernes Promo 25% OFF
507,2605,30.0,2014-01-01,2015-12-30,Tuesday,Martes Promo 30% OFF
508,2605,25.0,2014-01-01,2015-12-30,Friday,Viernes Promo 25% OFF
509,2912,30.0,2014-01-01,2015-12-30,Tuesday,Martes Promo 30% OFF
510,2912,25.0,2014-01-01,2015-12-30,Friday,Viernes Promo 25% OFF
511,868,30.0,2014-01-01,2015-12-30,Tuesday,Martes Promo 30% OFF
512,868,25.0,2014-01-01,2015-12-30,Friday,Viernes Promo 25% OFF
513,1803,30.0,2014-01-01,2015-12-30,Tuesday,Martes Promo 30% OFF
514,1803,25.0,2014-01-01,2015-12-30,Friday,Viernes Promo 25% OFF
515,600,30.0,2014-01-01,2015-12-30,Tuesday,Martes Promo 30% OFF
516,600,25.0,2014-01-01,2015-12-30,Friday,Viernes Promo 25% OFF
517,212,30.0,2014-01-01,2015-12-30,Tuesday,Martes Promo 30% OFF
518,212,25.0,2014-01-01,2015-12-30,Friday,Viernes Promo 25% OFF
519,2021,30.0,2014-01-01,2015-12-30,Tuesday,Martes Promo 30% OFF
520,2021,25.0,2014-01-01,2015-12-30,Friday,Viernes Promo 25% OFF
521,2027,30.0,2014-01-01,2015-12-30,Tuesday,Martes Promo 30% OFF
522,2027,25.0,2014-01-01,2015-12-30,Friday,Viernes Promo 25% OFF
523,2017,30.0,2014-01-01,2015-12-30,Tuesday,Martes Promo 30% OFF
524,2017,25.0,2014-01-01,2015-12-30,Friday,Viernes Promo 25% OFF
525,1586,30.0,2014-01-01,2015-12-30,Tuesday,Martes Promo 30% OFF
526,1586,25.0,2014-01-01,2015-12-30,Friday,Viernes Promo 25% OFF
527,449,30.0,2014-01-01,2015-12-30,Tuesday,Martes Promo 30% OFF
528,449,25.0,2014-01-01,2015-12-30,Friday,Viernes Promo 25% OFF
529,2604,30.0,2014-01-01,2015-12-30,Tuesday,Martes Promo 30% OFF
530,2604,25.0,2014-01-01,2015-12-30,Friday,Viernes Promo 25% OFF
531,1198,30.0,2014-01-01,2015-12-30,Tuesday,Martes Promo 30% OFF
532,1198,25.0,2014-01-01,2015-12-30,Friday,Viernes Promo 25% OFF
533,538,30.0,2014-01-01,2015-12-30,Tuesday,Martes Promo 30% OFF
534,538,25.0,2014-01-01,2015-12-30,Friday,Viernes Promo 25% OFF
535,3563,30.0,2014-01-01,2015-12-30,Tuesday,Martes Promo 30% OFF
536,3563,25.0,2014-01-01,2015-12-30,Friday,Viernes Promo 25% OFF
537,1724,30.0,2014-01-01,2015-12-30,Tuesday,Martes Promo 30% OFF
538,1724,25.0,2014-01-01,2015-12-30,Friday,Viernes Promo 25% OFF
539,1662,30.0,2014-01-01,2015-12-30,Tuesday,Martes Promo 30% OFF
540,1662,25.0,2014-01-01,2015-12-30,Friday,Viernes Promo 25% OFF
541,2553,30.0,2014-01-01,2015-12-30,Tuesday,Martes Promo 30% OFF
542,2553,25.0,2014-01-01,2015-12-30,Friday,Viernes Promo 25% OFF
543,1533,30.0,2014-01-01,2015-12-30,Tuesday,Martes Promo 30% OFF
544,1533,25.0,2014-01-01,2015-12-30,Friday,Viernes Promo 25% OFF
545,421,30.0,2014-01-01,2015-12-30,Tuesday,Martes Promo 30% OFF
546,421,25.0,2014-01-01,2015-12-30,Friday,Viernes Promo 25% OFF
547,3081,30.0,2014-01-01,2015-12-30,Tuesday,Martes Promo 30% OFF
548,3081,25.0,2014-01-01,2015-12-30,Friday,Viernes Promo 25% OFF
549,3183,30.0,2014-01-01,2015-12-30,Tuesday,Martes Promo 30% OFF
550,3183,25.0,2014-01-01,2015-12-30,Friday,Viernes Promo 25% OFF
551,2960,30.0,2014-01-01,2015-12-30,Tuesday,Martes Promo 30% OFF
552,2960,25.0,2014-01-01,2015-12-30,Friday,Viernes Promo 25% OFF
553,542,30.0,2014-01-01,2015-12-30,Tuesday,Martes Promo 30% OFF
554,542,25.0,2014-01-01,2015-12-30,Friday,Viernes Promo 25% OFF
555,744,30.0,2014-01-01,2015-12-30,Tuesday,Martes Promo 30% OFF
556,744,25.0,2014-01-01,2015-12-30,Friday,Viernes Promo 25% OFF
557,2449,30.0,2014-01-01,2015-12-30,Tuesday,Martes Promo 30% OFF
558,2449,25.0,2014-01-01,2015-12-30,Friday,Viernes Promo 25% OFF
559,2450,30.0,2014-01-01,2015-12-30,Tuesday,Martes Promo 30% OFF
560,2450,25.0,2014-01-01,2015-12-30,Friday,Viernes Promo 25% OFF
561,2451,30.0,2014-01-01,2015-12-30,Tuesday,Martes Promo 30% OFF
562,2451,25.0,2014-01-01,2015-12-30,Friday,Viernes Promo 25% OFF
563,3121,30.0,2014-01-01,2015-12-30,Tuesday,Martes Promo 30% OFF
564,3121,25.0,2014-01-01,2015-12-30,Friday,Viernes Promo 25% OFF
565,3128,30.0,2014-01-01,2015-12-30,Tuesday,Martes Promo 30% OFF
566,3128,25.0,2014-01-01,2015-12-30,Friday,Viernes Promo 25% OFF
567,37,30.0,2014-01-01,2015-12-30,Tuesday,Martes Promo 30% OFF
568,37,25.0,2014-01-01,2015-12-30,Friday,Viernes Promo 25% OFF
569,2364,30.0,2014-01-01,2015-12-30,Tuesday,Martes Promo 30% OFF
570,2364,25.0,2014-01-01,2015-12-30,Friday,Viernes Promo 25% OFF
571,2362,30.0,2014-01-01,2015-12-30,Tuesday,Martes Promo 30% OFF
572,2362,25.0,2014-01-01,2015-12-30,Friday,Viernes Promo 25% OFF
573,104,30.0,2014-01-01,2015-12-30,Tuesday,Martes Promo 30% OFF
574,104,25.0,2014-01-01,2015-12-30,Friday,Viernes Promo 25% OFF
575,2022,30.0,2014-01-01,2015-12-30,Tuesday,Martes Promo 30% OFF
576,2022,25.0,2014-01-01,2015-12-30,Friday,Viernes Promo 25% OFF
577,2013,30.0,2014-01-01,2015-12-30,Tuesday,Martes Promo 30% OFF
578,2013,25.0,2014-01-01,2015-12-30,Friday,Viernes Promo 25% OFF
579,2010,30.0,2014-01-01,2015-12-30,Tuesday,Martes Promo 30% OFF
580,2010,25.0,2014-01-01,2015-12-30,Friday,Viernes Promo 25% OFF
581,1661,30.0,2014-01-01,2015-12-30,Tuesday,Martes Promo 30% OFF
582,1661,25.0,2014-01-01,2015-12-30,Friday,Viernes Promo 25% OFF
583,3254,30.0,2014-01-01,2015-12-30,Tuesday,Martes Promo 30% OFF
584,3254,25.0,2014-01-01,2015-12-30,Friday,Viernes Promo 25% OFF
585,2040,30.0,2014-01-01,2015-12-30,Tuesday,Martes Promo 30% OFF
586,2040,25.0,2014-01-01,2015-12-30,Friday,Viernes Promo 25% OFF
587,2037,30.0,2014-01-01,2015-12-30,Tuesday,Martes Promo 30% OFF
588,2037,25.0,2014-01-01,2015-12-30,Friday,Viernes Promo 25% OFF
589,13,30.0,2014-01-01,2015-12-30,Tuesday,Martes Promo 30% OFF
590,13,25.0,2014-01-01,2015-12-30,Friday,Viernes Promo 25% OFF
591,2787,30.0,2014-01-01,2015-12-30,Tuesday,Martes Promo 30% OFF
592,2787,25.0,2014-01-01,2015-12-30,Friday,Viernes Promo 25% OFF
593,438,30.0,2014-01-01,2015-12-30,Tuesday,Martes Promo 30% OFF
594,438,25.0,2014-01-01,2015-12-30,Friday,Viernes Promo 25% OFF
595,3347,30.0,2014-01-01,2015-12-30,Tuesday,Martes Promo 30% OFF
596,3347,25.0,2014-01-01,2015-12-30,Friday,Viernes Promo 25% OFF
597,2314,30.0,2014-01-01,2015-12-30,Tuesday,Martes Promo 30% OFF
598,2314,25.0,2014-01-01,2015-12-30,Friday,Viernes Promo 25% OFF
599,3116,30.0,2014-01-01,2015-12-30,Tuesday,Martes Promo 30% OFF
600,3116,25.0,2014-01-01,2015-12-30,Friday,Viernes Promo 25% OFF
601,1,30.0,2014-01-01,2015-12-30,Tuesday,Martes Promo 30% OFF
602,1,25.0,2014-01-01,2015-12-30,Friday,Viernes Promo 25% OFF
603,3682,30.0,2014-01-01,2015-12-30,Tuesday,Martes Promo 30% OFF
604,3682,25.0,2014-01-01,2015-12-30,Friday,Viernes Promo 25% OFF
605,3335,30.0,2014-01-01,2015-12-30,Tuesday,Martes Promo 30% OFF
606,3335,25.0,2014-01-01,2015-12-30,Friday,Viernes Promo 25% OFF
607,1634,30.0,2014-01-01,2015-12-30,Tuesday,Martes Promo 30% OFF
608,1634,25.0,2014-01-01,2015-12-30,Friday,Viernes Promo 25% OFF
609,3304,30.0,2014-01-01,2015-12-30,Tuesday,Martes Promo 30% OFF
610,3304,25.0,2014-01-01,2015-12-30,Friday,Viernes Promo 25% OFF
611,1060,30.0,2014-01-01,2015-12-30,Tuesday,Martes Promo 30% OFF
612,1060,25.0,2014-01-01,2015-12-30,Friday,Viernes Promo 25% OFF
613,1051,30.0,2014-01-01,2015-12-30,Tuesday,Martes Promo 30% OFF
614,1051,25.0,2014-01-01,2015-12-30,Friday,Viernes Promo 25% OFF
615,2220,30.0,2014-01-01,2015-12-30,Tuesday,Martes Promo 30% OFF
616,2220,25.0,2014-01-01,2015-12-30,Friday,Viernes Promo 25% OFF
617,2008,30.0,2014-01-01,2015-12-30,Tuesday,Martes Promo 30% OFF
618,2008,25.0,2014-01-01,2015-12-30,Friday,Viernes Promo 25% OFF
619,2479,30.0,2014-01-01,2015-12-30,Tuesday,Martes Promo 30% OFF
620,2479,25.0,2014-01-01,2015-12-30,Friday,Viernes Promo 25% OFF
621,624,30.0,2014-01-01,2015-12-30,Tuesday,Martes Promo 30% OFF
622,624,25.0,2014-01-01,2015-12-30,Friday,Viernes Promo 25% OFF
623,3963,30.0,2014-01-01,2015-12-30,Tuesday,Martes Promo 30% OFF
624,3963,25.0,2014-01-01,2015-12-30,Friday,Viernes Promo 25% OFF
625,131,30.0,2014-01-01,2015-12-30,Tuesday,Martes Promo 30% OFF
626,131,25.0,2014-01-01,2015-12-30,Friday,Viernes Promo 25% OFF
627,3211,30.0,2014-01-01,2015-12-30,Tuesday,Martes Promo 30% OFF
628,3211,25.0,2014-01-01,2015-12-30,Friday,Viernes Promo 25% OFF
629,2668,30.0,2014-01-01,2015-12-30,Tuesday,Martes Promo 30% OFF
630,2668,25.0,2014-01-01,2015-12-30,Friday,Viernes Promo 25% OFF
631,3358,30.0,2014-01-01,2015-12-30,Tuesday,Martes Promo 30% OFF
632,3358,25.0,2014-01-01,2015-12-30,Friday,Viernes Promo 25% OFF
633,621,30.0,2014-01-01,2015-12-30,Tuesday,Martes Promo 30% OFF
634,621,25.0,2014-01-01,2015-12-30,Friday,Viernes Promo 25% OFF
635,2316,30.0,2014-01-01,2015-12-30,Tuesday,Martes Promo 30% OFF
636,2316,25.0,2014-01-01,2015-12-30,Friday,Viernes Promo 25% OFF
637,2979,30.0,2014-01-01,2015-12-30,Tuesday,Martes Promo 30% OFF
638,2979,25.0,2014-01-01,2015-12-30,Friday,Viernes Promo 25% OFF
639,2930,30.0,2014-01-01,2015-12-30,Tuesday,Martes Promo 30% OFF
640,2930,25.0,2014-01-01,2015-12-30,Friday,Viernes Promo 25% OFF
641,76,30.0,2014-01-01,2015-12-30,Tuesday,Martes Promo 30% OFF
642,76,25.0,2014-01-01,2015-12-30,Friday,Viernes Promo 25% OFF
643,250,30.0,2014-01-01,2015-12-30,Tuesday,Martes Promo 30% OFF
644,250,25.0,2014-01-01,2015-12-30,Friday,Viernes Promo 25% OFF
645,84,30.0,2014-01-01,2015-12-30,Tuesday,Martes Promo 30% OFF
646,84,25.0,2014-01-01,2015-12-30,Friday,Viernes Promo 25% OFF
647,3469,30.0,2014-01-01,2015-12-30,Tuesday,Martes Promo 30% OFF
648,3469,25.0,2014-01-01,2015-12-30,Friday,Viernes Promo 25% OFF
649,3444,30.0,2014-01-01,2015-12-30,Tuesday,Martes Promo 30% OFF
650,3444,25.0,2014-01-01,2015-12-30,Friday,Viernes Promo 25% OFF
651,710,30.0,2014-01-01,2015-12-30,Tuesday,Martes Promo 30% OFF
652,710,25.0,2014-01-01,2015-12-30,Friday,Viernes Promo 25% OFF
653,1234,30.0,2014-01-01,2015-12-30,Tuesday,Martes Promo 30% OFF
654,1234,25.0,2014-01-01,2015-12-30,Friday,Viernes Promo 25% OFF
655,342,30.0,2014-01-01,2015-12-30,Tuesday,Martes Promo 30% OFF
656,342,25.0,2014-01-01,2015-12-30,Friday,Viernes Promo 25% OFF
657,3596,30.0,2014-01-01,2015-12-30,Tuesday,Martes Promo 30% OFF
658,3596,25.0,2014-01-01,2015-12-30,Friday,Viernes Promo 25% OFF
659,3058,30.0,2014-01-01,2015-12-30,Tuesday,Martes Promo 30% OFF
660,3058,25.0,2014-01-01,2015-12-30,Friday,Viernes Promo 25% OFF
661,3669,30.0,2014-01-01,2015-12-30,Tuesday,Martes Promo 30% OFF
662,3669,25.0,2014-01-01,2015-12-30,Friday,Viernes Promo 25% OFF
663,2808,30.0,2014-01-01,2015-12-30,Tuesday,Martes Promo 30% OFF
664,2808,25.0,2014-01-01,2015-12-30,Friday,Viernes Promo 25% OFF
665,2806,30.0,2014-01-01,2015-12-30,Tuesday,Martes Promo 30% OFF
666,2806,25.0,2014-01-01,2015-12-30,Friday,Viernes Promo 25% OFF
667,825,30.0,2014-01-01,2015-12-30,Tuesday,Martes Promo 30% OFF
668,825,25.0,2014-01-01,2015-12-30,Friday,Viernes Promo 25% OFF
669,1065,30.0,2014-01-01,2015-12-30,Tuesday,Martes Promo 30% OFF
670,1065,25.0,2014-01-01,2015-12-30,Friday,Viernes Promo 25% OFF
671,3678,30.0,2014-01-01,2015-12-30,Tuesday,Martes Promo 30% OFF
672,3678,25.0,2014-01-01,2015-12-30,Friday,Viernes Promo 25% OFF
673,1401,30.0,2014-01-01,2015-12-30,Tuesday,Martes Promo 30% OFF
674,1401,25.0,2014-01-01,2015-12-30,Friday,Viernes Promo 25% OFF
675,2039,30.0,2014-01-01,2015-12-30,Tuesday,Martes Promo 30% OFF
676,2039,25.0,2014-01-01,2015-12-30,Friday,Viernes Promo 25% OFF
677,761,30.0,2014-01-01,2015-12-30,Tuesday,Martes Promo 30% OFF
678,761,25.0,2014-01-01,2015-12-30,Friday,Viernes Promo 25% OFF
679,585,30.0,2014-01-01,2015-12-30,Tuesday,Martes Promo 30% OFF
680,585,25.0,2014-01-01,2015-12-30,Friday,Viernes Promo 25% OFF
681,2387,30.0,2014-01-01,2015-12-30,Tuesday,Martes Promo 30% OFF
682,2387,25.0,2014-01-01,2015-12-30,Friday,Viernes Promo 25% OFF
683,1302,30.0,2014-01-01,2015-12-30,Tuesday,Martes Promo 30% OFF
684,1302,25.0,2014-01-01,2015-12-30,Friday,Viernes Promo 25% OFF
685,367,30.0,2014-01-01,2015-12-30,Tuesday,Martes Promo 30% OFF
686,367,25.0,2014-01-01,2015-12-30,Friday,Viernes Promo 25% OFF
687,2459,30.0,2014-01-01,2015-12-30,Tuesday,Martes Promo 30% OFF
688,2459,25.0,2014-01-01,2015-12-30,Friday,Viernes Promo 25% OFF
689,2521,30.0,2014-01-01,2015-12-30,Tuesday,Martes Promo 30% OFF
690,2521,25.0,2014-01-01,2015-12-30,Friday,Viernes Promo 25% OFF
691,2643,30.0,2014-01-01,2015-12-30,Tuesday,Martes Promo 30% OFF
692,2643,25.0,2014-01-01,2015-12-30,Friday,Viernes Promo 25% OFF
693,92,30.0,2014-01-01,2015-12-30,Tuesday,Martes Promo 30% OFF
694,92,25.0,2014-01-01,2015-12-30,Friday,Viernes Promo 25% OFF
695,127,30.0,2014-01-01,2015-12-30,Tuesday,Martes Promo 30% OFF
696,127,25.0,2014-01-01,2015-12-30,Friday,Viernes Promo 25% OFF
697,511,30.0,2014-01-01,2015-12-30,Tuesday,Martes Promo 30% OFF
698,511,25.0,2014-01-01,2015-12-30,Friday,Viernes Promo 25% OFF
699,95,30.0,2014-01-01,2015-12-30,Tuesday,Martes Promo 30% OFF
700,95,25.0,2014-01-01,2015-12-30,Friday,Viernes Promo 25% OFF
701,1823,30.0,2014-01-01,2015-12-30,Tuesday,Martes Promo 30% OFF
702,1823,25.0,2014-01-01,2015-12-30,Friday,Viernes Promo 25% OFF
703,2309,30.0,2014-01-01,2015-12-30,Tuesday,Martes Promo 30% OFF
704,2309,25.0,2014-01-01,2015-12-30,Friday,Viernes Promo 25% OFF
705,2378,30.0,2014-01-01,2015-12-30,Tuesday,Martes Promo 30% OFF
706,2378,25.0,2014-01-01,2015-12-30,Friday,Viernes Promo 25% OFF
707,2376,30.0,2014-01-01,2015-12-30,Tuesday,Martes Promo 30% OFF
708,2376,25.0,2014-01-01,2015-12-30,Friday,Viernes Promo 25% OFF
709,158,30.0,2014-01-01,2015-12-30,Tuesday,Martes Promo 30% OFF
710,158,25.0,2014-01-01,2015-12-30,Friday,Viernes Promo 25% OFF
711,1832,30.0,2014-01-01,2015-12-30,Tuesday,Martes Promo 30% OFF
712,1832,25.0,2014-01-01,2015-12-30,Friday,Viernes Promo 25% OFF
713,3501,30.0,2014-01-01,2015-12-30,Tuesday,Martes Promo 30% OFF
714,3501,25.0,2014-01-01,2015-12-30,Friday,Viernes Promo 25% OFF
715,2988,30.0,2014-01-01,2015-12-30,Tuesday,Martes Promo 30% OFF
716,2988,25.0,2014-01-01,2015-12-30,Friday,Viernes Promo 25% OFF
717,2989,30.0,2014-01-01,2015-12-30,Tuesday,Martes Promo 30% OFF
718,2989,25.0,2014-01-01,2015-12-30,Friday,Viernes Promo 25% OFF
719,1029,30.0,2014-01-01,2015-12-30,Tuesday,Martes Promo 30% OFF
720,1029,25.0,2014-01-01,2015-12-30,Friday,Viernes Promo 25% OFF
721,1560,30.0,2014-01-01,2015-12-30,Tuesday,Martes Promo 30% OFF
722,1560,25.0,2014-01-01,2015-12-30,Friday,Viernes Promo 25% OFF
723,472,30.0,2014-01-01,2015-12-30,Tuesday,Martes Promo 30% OFF
724,472,25.0,2014-01-01,2015-12-30,Friday,Viernes Promo 25% OFF
725,2841,30.0,2014-01-01,2015-12-30,Tuesday,Martes Promo 30% OFF
726,2841,25.0,2014-01-01,2015-12-30,Friday,Viernes Promo 25% OFF
727,2514,30.0,2014-01-01,2015-12-30,Tuesday,Martes Promo 30% OFF
728,2514,25.0,2014-01-01,2015-12-30,Friday,Viernes Promo 25% OFF
729,1238,30.0,2014-01-01,2015-12-30,Tuesday,Martes Promo 30% OFF
730,1238,25.0,2014-01-01,2015-12-30,Friday,Viernes Promo 25% OFF
731,1232,30.0,2014-01-01,2015-12-30,Tuesday,Martes Promo 30% OFF
732,1232,25.0,2014-01-01,2015-12-30,Friday,Viernes Promo 25% OFF
733,3130,30.0,2014-01-01,2015-12-30,Tuesday,Martes Promo 30% OFF
734,3130,25.0,2014-01-01,2015-12-30,Friday,Viernes Promo 25% OFF
735,2850,30.0,2014-01-01,2015-12-30,Tuesday,Martes Promo 30% OFF
736,2850,25.0,2014-01-01,2015-12-30,Friday,Viernes Promo 25% OFF
737,870,30.0,2014-01-01,2015-12-30,Tuesday,Martes Promo 30% OFF
738,870,25.0,2014-01-01,2015-12-30,Friday,Viernes Promo 25% OFF
739,94,30.0,2014-01-01,2015-12-30,Tuesday,Martes Promo 30% OFF
740,94,25.0,2014-01-01,2015-12-30,Friday,Viernes Promo 25% OFF
741,3,30.0,2014-01-01,2015-12-30,Tuesday,Martes Promo 30% OFF
742,3,25.0,2014-01-01,2015-12-30,Friday,Viernes Promo 25% OFF
743,80,30.0,2014-01-01,2015-12-30,Tuesday,Martes Promo 30% OFF
744,80,25.0,2014-01-01,2015-12-30,Friday,Viernes Promo 25% OFF
745,754,30.0,2014-01-01,2015-12-30,Tuesday,Martes Promo 30% OFF
746,754,25.0,2014-01-01,2015-12-30,Friday,Viernes Promo 25% OFF
747,753,30.0,2014-01-01,2015-12-30,Tuesday,Martes Promo 30% OFF
748,753,25.0,2014-01-01,2015-12-30,Friday,Viernes Promo 25% OFF
749,871,30.0,2014-01-01,2015-12-30,Tuesday,Martes Promo 30% OFF
750,871,25.0,2014-01-01,2015-12-30,Friday,Viernes Promo 25% OFF
751,1239,30.0,2014-01-01,2015-12-30,Tuesday,Martes Promo 30% OFF
752,1239,25.0,2014-01-01,2015-12-30,Friday,Viernes Promo 25% OFF
753,1236,30.0,2014-01-01,2015-12-30,Tuesday,Martes Promo 30% OFF
754,1236,25.0,2014-01-01,2015-12-30,Friday,Viernes Promo 25% OFF
755,1248,30.0,2014-01-01,2015-12-30,Tuesday,Martes Promo 30% OFF
756,1248,25.0,2014-01-01,2015-12-30,Friday,Viernes Promo 25% OFF
757,2924,30.0,2014-01-01,2015-12-30,Tuesday,Martes Promo 30% OFF
758,2924,25.0,2014-01-01,2015-12-30,Friday,Viernes Promo 25% OFF
759,1235,30.0,2014-01-01,2015-12-30,Tuesday,Martes Promo 30% OFF
760,1235,25.0,2014-01-01,2015-12-30,Friday,Viernes Promo 25% OFF
761,1233,30.0,2014-01-01,2015-12-30,Tuesday,Martes Promo 30% OFF
762,1233,25.0,2014-01-01,2015-12-30,Friday,Viernes Promo 25% OFF
763,3594,30.0,2014-01-01,2015-12-30,Tuesday,Martes Promo 30% OFF
764,3594,25.0,2014-01-01,2015-12-30,Friday,Viernes Promo 25% OFF
765,1320,30.0,2014-01-01,2015-12-30,Tuesday,Martes Promo 30% OFF
766,1320,25.0,2014-01-01,2015-12-30,Friday,Viernes Promo 25% OFF
767,1319,30.0,2014-01-01,2015-12-30,Tuesday,Martes Promo 30% OFF
768,1319,25.0,2014-01-01,2015-12-30,Friday,Viernes Promo 25% OFF
769,1322,30.0,2014-01-01,2015-12-30,Tuesday,Martes Promo 30% OFF
770,1322,25.0,2014-01-01,2015-12-30,Friday,Viernes Promo 25% OFF
771,3048,30.0,2014-01-01,2015-12-30,Tuesday,Martes Promo 30% OFF
772,3048,25.0,2014-01-01,2015-12-30,Friday,Viernes Promo 25% OFF
773,1321,30.0,2014-01-01,2015-12-30,Tuesday,Martes Promo 30% OFF
774,1321,25.0,2014-01-01,2015-12-30,Friday,Viernes Promo 25% OFF
775,3019,30.0,2014-01-01,2015-12-30,Tuesday,Martes Promo 30% OFF
776,3019,25.0,2014-01-01,2015-12-30,Friday,Viernes Promo 25% OFF
777,3430,30.0,2014-01-01,2015-12-30,Tuesday,Martes Promo 30% OFF
778,3430,25.0,2014-01-01,2015-12-30,Friday,Viernes Promo 25% OFF
779,2835,30.0,2014-01-01,2015-12-30,Tuesday,Martes Promo 30% OFF
780,2835,25.0,2014-01-01,2015-12-30,Friday,Viernes Promo 25% OFF
781,98,30.0,2014-01-01,2015-12-30,Tuesday,Martes Promo 30% OFF
782,98,25.0,2014-01-01,2015-12-30,Friday,Viernes Promo 25% OFF
783,2926,30.0,2014-01-01,2015-12-30,Tuesday,Martes Promo 30% OFF
784,2926,25.0,2014-01-01,2015-12-30,Friday,Viernes Promo 25% OFF
785,2932,30.0,2014-01-01,2015-12-30,Tuesday,Martes Promo 30% OFF
786,2932,25.0,2014-01-01,2015-12-30,Friday,Viernes Promo 25% OFF
787,3117,30.0,2014-01-01,2015-12-30,Tuesday,Martes Promo 30% OFF
788,3117,25.0,2014-01-01,2015-12-30,Friday,Viernes Promo 25% OFF
789,3652,30.0,2014-01-01,2015-12-30,Tuesday,Martes Promo 30% OFF
790,3652,25.0,2014-01-01,2015-12-30,Friday,Viernes Promo 25% OFF
791,2864,30.0,2014-01-01,2015-12-30,Tuesday,Martes Promo 30% OFF
792,2864,25.0,2014-01-01,2015-12-30,Friday,Viernes Promo 25% OFF
793,3894,30.0,2014-01-01,2015-12-30,Tuesday,Martes Promo 30% OFF
794,3894,25.0,2014-01-01,2015-12-30,Friday,Viernes Promo 25% OFF
795,125,30.0,2014-01-01,2015-12-30,Tuesday,Martes Promo 30% OFF
796,125,25.0,2014-01-01,2015-12-30,Friday,Viernes Promo 25% OFF
797,1231,30.0,2014-01-01,2015-12-30,Tuesday,Martes Promo 30% OFF
798,1231,25.0,2014-01-01,2015-12-30,Friday,Viernes Promo 25% OFF
799,2441,30.0,2014-01-01,2015-12-30,Tuesday,Martes Promo 30% OFF
800,2441,25.0,2014-01-01,2015-12-30,Friday,Viernes Promo 25% OFF
801,3892,30.0,2014-01-01,2015-12-30,Tuesday,Martes Promo 30% OFF
802,3892,25.0,2014-01-01,2015-12-30,Friday,Viernes Promo 25% OFF
803,3762,30.0,2014-01-01,2015-12-30,Tuesday,Martes Promo 30% OFF
804,3762,25.0,2014-01-01,2015-12-30,Friday,Viernes Promo 25% OFF
805,1229,30.0,2014-01-01,2015-12-30,Tuesday,Martes Promo 30% OFF
806,1229,25.0,2014-01-01,2015-12-30,Friday,Viernes Promo 25% OFF
807,319,30.0,2014-01-01,2015-12-30,Tuesday,Martes Promo 30% OFF
808,319,25.0,2014-01-01,2015-12-30,Friday,Viernes Promo 25% OFF
809,760,30.0,2014-01-01,2015-12-30,Tuesday,Martes Promo 30% OFF
810,760,25.0,2014-01-01,2015-12-30,Friday,Viernes Promo 25% OFF
811,759,30.0,2014-01-01,2015-12-30,Tuesday,Martes Promo 30% OFF
812,759,25.0,2014-01-01,2015-12-30,Friday,Viernes Promo 25% OFF
813,758,30.0,2014-01-01,2015-12-30,Tuesday,Martes Promo 30% OFF
814,758,25.0,2014-01-01,2015-12-30,Friday,Viernes Promo 25% OFF
815,2332,30.0,2014-01-01,2015-12-30,Tuesday,Martes Promo 30% OFF
816,2332,25.0,2014-01-01,2015-12-30,Friday,Viernes Promo 25% OFF
817,1247,30.0,2014-01-01,2015-12-30,Tuesday,Martes Promo 30% OFF
818,1247,25.0,2014-01-01,2015-12-30,Friday,Viernes Promo 25% OFF
819,2329,30.0,2014-01-01,2015-12-30,Tuesday,Martes Promo 30% OFF
820,2329,25.0,2014-01-01,2015-12-30,Friday,Viernes Promo 25% OFF
821,2739,30.0,2014-01-01,2015-12-30,Tuesday,Martes Promo 30% OFF
822,2739,25.0,2014-01-01,2015-12-30,Friday,Viernes Promo 25% OFF
823,708,30.0,2014-01-01,2015-12-30,Tuesday,Martes Promo 30% OFF
824,708,25.0,2014-01-01,2015-12-30,Friday,Viernes Promo 25% OFF
825,712,30.0,2014-01-01,2015-12-30,Tuesday,Martes Promo 30% OFF
826,712,25.0,2014-01-01,2015-12-30,Friday,Viernes Promo 25% OFF
827,766,30.0,2014-01-01,2015-12-30,Tuesday,Martes Promo 30% OFF
828,766,25.0,2014-01-01,2015-12-30,Friday,Viernes Promo 25% OFF
829,2360,30.0,2014-01-01,2015-12-30,Tuesday,Martes Promo 30% OFF
830,2360,25.0,2014-01-01,2015-12-30,Friday,Viernes Promo 25% OFF
831,97,30.0,2014-01-01,2015-12-30,Tuesday,Martes Promo 30% OFF
832,97,25.0,2014-01-01,2015-12-30,Friday,Viernes Promo 25% OFF
833,1602,30.0,2014-01-01,2015-12-30,Tuesday,Martes Promo 30% OFF
834,1602,25.0,2014-01-01,2015-12-30,Friday,Viernes Promo 25% OFF
835,3059,30.0,2014-01-01,2015-12-30,Tuesday,Martes Promo 30% OFF
836,3059,25.0,2014-01-01,2015-12-30,Friday,Viernes Promo 25% OFF
837,1244,30.0,2014-01-01,2015-12-30,Tuesday,Martes Promo 30% OFF
838,1244,25.0,2014-01-01,2015-12-30,Friday,Viernes Promo 25% OFF
839,1243,30.0,2014-01-01,2015-12-30,Tuesday,Martes Promo 30% OFF
840,1243,25.0,2014-01-01,2015-12-30,Friday,Viernes Promo 25% OFF
841,1245,30.0,2014-01-01,2015-12-30,Tuesday,Martes Promo 30% OFF
842,1245,25.0,2014-01-01,2015-12-30,Friday,Viernes Promo 25% OFF
843,3662,30.0,2014-01-01,2015-12-30,Tuesday,Martes Promo 30% OFF
844,3662,25.0,2014-01-01,2015-12-30,Friday,Viernes Promo 25% OFF
845,2671,30.0,2014-01-01,2015-12-30,Tuesday,Martes Promo 30% OFF
846,2671,25.0,2014-01-01,2015-12-30,Friday,Viernes Promo 25% OFF
847,2669,30.0,2014-01-01,2015-12-30,Tuesday,Martes Promo 30% OFF
848,2669,25.0,2014-01-01,2015-12-30,Friday,Viernes Promo 25% OFF
849,2672,30.0,2014-01-01,2015-12-30,Tuesday,Martes Promo 30% OFF
850,2672,25.0,2014-01-01,2015-12-30,Friday,Viernes Promo 25% OFF
851,2045,30.0,2014-01-01,2015-12-30,Tuesday,Martes Promo 30% OFF
852,2045,25.0,2014-01-01,2015-12-30,Friday,Viernes Promo 25% OFF
853,2042,30.0,2014-01-01,2015-12-30,Tuesday,Martes Promo 30% OFF
854,2042,25.0,2014-01-01,2015-12-30,Friday,Viernes Promo 25% OFF
855,2041,30.0,2014-01-01,2015-12-30,Tuesday,Martes Promo 30% OFF
856,2041,25.0,2014-01-01,2015-12-30,Friday,Viernes Promo 25% OFF
857,677,30.0,2014-01-01,2015-12-30,Tuesday,Martes Promo 30% OFF
858,677,25.0,2014-01-01,2015-12-30,Friday,Viernes Promo 25% OFF
859,3674,30.0,2014-01-01,2015-12-30,Tuesday,Martes Promo 30% OFF
860,3674,25.0,2014-01-01,2015-12-30,Friday,Viernes Promo 25% OFF
861,3202,30.0,2014-01-01,2015-12-30,Tuesday,Martes Promo 30% OFF
862,3202,25.0,2014-01-01,2015-12-30,Friday,Viernes Promo 25% OFF
863,2978,30.0,2014-01-01,2015-12-30,Tuesday,Martes Promo 30% OFF
864,2978,25.0,2014-01-01,2015-12-30,Friday,Viernes Promo 25% OFF
865,918,30.0,2014-01-01,2015-12-30,Tuesday,Martes Promo 30% OFF
866,918,25.0,2014-01-01,2015-12-30,Friday,Viernes Promo 25% OFF
867,3605,30.0,2014-01-01,2015-12-30,Tuesday,Martes Promo 30% OFF
868,3605,25.0,2014-01-01,2015-12-30,Friday,Viernes Promo 25% OFF
869,3021,30.0,2014-01-01,2015-12-30,Tuesday,Martes Promo 30% OFF
870,3021,25.0,2014-01-01,2015-12-30,Friday,Viernes Promo 25% OFF
871,2814,30.0,2014-01-01,2015-12-30,Tuesday,Martes Promo 30% OFF
872,2814,25.0,2014-01-01,2015-12-30,Friday,Viernes Promo 25% OFF
873,534,30.0,2014-01-01,2015-12-30,Tuesday,Martes Promo 30% OFF
874,534,25.0,2014-01-01,2015-12-30,Friday,Viernes Promo 25% OFF
875,1451,30.0,2014-01-01,2015-12-30,Tuesday,Martes Promo 30% OFF
876,1451,25.0,2014-01-01,2015-12-30,Friday,Viernes Promo 25% OFF
877,1579,30.0,2014-01-01,2015-12-30,Tuesday,Martes Promo 30% OFF
878,1579,25.0,2014-01-01,2015-12-30,Friday,Viernes Promo 25% OFF
879,1863,30.0,2014-01-01,2015-12-30,Tuesday,Martes Promo 30% OFF
880,1863,25.0,2014-01-01,2015-12-30,Friday,Viernes Promo 25% OFF
881,1860,30.0,2014-01-01,2015-12-30,Tuesday,Martes Promo 30% OFF
882,1860,25.0,2014-01-01,2015-12-30,Friday,Viernes Promo 25% OFF
883,2091,30.0,2014-01-01,2015-12-30,Tuesday,Martes Promo 30% OFF
884,2091,25.0,2014-01-01,2015-12-30,Friday,Viernes Promo 25% OFF
885,1214,30.0,2014-01-01,2015-12-30,Tuesday,Martes Promo 30% OFF
886,1214,25.0,2014-01-01,2015-12-30,Friday,Viernes Promo 25% OFF
887,2348,30.0,2014-01-01,2015-12-30,Tuesday,Martes Promo 30% OFF
888,2348,25.0,2014-01-01,2015-12-30,Friday,Viernes Promo 25% OFF
889,668,30.0,2014-01-01,2015-12-30,Tuesday,Martes Promo 30% OFF
890,668,25.0,2014-01-01,2015-12-30,Friday,Viernes Promo 25% OFF
891,662,30.0,2014-01-01,2015-12-30,Tuesday,Martes Promo 30% OFF
892,662,25.0,2014-01-01,2015-12-30,Friday,Viernes Promo 25% OFF
893,664,30.0,2014-01-01,2015-12-30,Tuesday,Martes Promo 30% OFF
894,664,25.0,2014-01-01,2015-12-30,Friday,Viernes Promo 25% OFF
895,1073,30.0,2014-01-01,2015-12-30,Tuesday,Martes Promo 30% OFF
896,1073,25.0,2014-01-01,2015-12-30,Friday,Viernes Promo 25% OFF
897,2907,30.0,2014-01-01,2015-12-30,Tuesday,Martes Promo 30% OFF
898,2907,25.0,2014-01-01,2015-12-30,Friday,Viernes Promo 25% OFF
899,3532,30.0,2014-01-01,2015-12-30,Tuesday,Martes Promo 30% OFF
900,3532,25.0,2014-01-01,2015-12-30,Friday,Viernes Promo 25% OFF
901,2837,30.0,2014-01-01,2015-12-30,Tuesday,Martes Promo 30% OFF
902,2837,25.0,2014-01-01,2015-12-30,Friday,Viernes Promo 25% OFF
903,2215,30.0,2014-01-01,2015-12-30,Tuesday,Martes Promo 30% OFF
904,2215,25.0,2014-01-01,2015-12-30,Friday,Viernes Promo 25% OFF
905,667,30.0,2014-01-01,2015-12-30,Tuesday,Martes Promo 30% OFF
906,667,25.0,2014-01-01,2015-12-30,Friday,Viernes Promo 25% OFF
907,822,30.0,2014-01-01,2015-12-30,Tuesday,Martes Promo 30% OFF
908,822,25.0,2014-01-01,2015-12-30,Friday,Viernes Promo 25% OFF
909,1733,30.0,2014-01-01,2015-12-30,Tuesday,Martes Promo 30% OFF
910,1733,25.0,2014-01-01,2015-12-30,Friday,Viernes Promo 25% OFF
911,755,30.0,2014-01-01,2015-12-30,Tuesday,Martes Promo 30% OFF
912,755,25.0,2014-01-01,2015-12-30,Friday,Viernes Promo 25% OFF
913,867,30.0,2014-01-01,2015-12-30,Tuesday,Martes Promo 30% OFF
914,867,25.0,2014-01-01,2015-12-30,Friday,Viernes Promo 25% OFF
915,2866,30.0,2014-01-01,2015-12-30,Tuesday,Martes Promo 30% OFF
916,2866,25.0,2014-01-01,2015-12-30,Friday,Viernes Promo 25% OFF
917,1658,30.0,2014-01-01,2015-12-30,Tuesday,Martes Promo 30% OFF
918,1658,25.0,2014-01-01,2015-12-30,Friday,Viernes Promo 25% OFF
919,2911,30.0,2014-01-01,2015-12-30,Tuesday,Martes Promo 30% OFF
920,2911,25.0,2014-01-01,2015-12-30,Friday,Viernes Promo 25% OFF
921,849,30.0,2014-01-01,2015-12-30,Tuesday,Martes Promo 30% OFF
922,849,25.0,2014-01-01,2015-12-30,Friday,Viernes Promo 25% OFF
923,67,30.0,2014-01-01,2015-12-30,Tuesday,Martes Promo 30% OFF
924,67,25.0,2014-01-01,2015-12-30,Friday,Viernes Promo 25% OFF
925,4021,30.0,2014-01-01,2015-12-30,Tuesday,Martes Promo 30% OFF
926,4021,25.0,2014-01-01,2015-12-30,Friday,Viernes Promo 25% OFF
927,1540,30.0,2014-01-01,2015-12-30,Tuesday,Martes Promo 30% OFF
928,1540,25.0,2014-01-01,2015-12-30,Friday,Viernes Promo 25% OFF
929,456,30.0,2014-01-01,2015-12-30,Tuesday,Martes Promo 30% OFF
930,456,25.0,2014-01-01,2015-12-30,Friday,Viernes Promo 25% OFF
931,790,30.0,2014-01-01,2015-12-30,Tuesday,Martes Promo 30% OFF
932,790,25.0,2014-01-01,2015-12-30,Friday,Viernes Promo 25% OFF
933,1903,30.0,2014-01-01,2015-12-30,Tuesday,Martes Promo 30% OFF
934,1903,25.0,2014-01-01,2015-12-30,Friday,Viernes Promo 25% OFF
935,3365,30.0,2014-01-01,2015-12-30,Tuesday,Martes Promo 30% OFF
936,3365,25.0,2014-01-01,2015-12-30,Friday,Viernes Promo 25% OFF
937,1620,30.0,2014-01-01,2015-12-30,Tuesday,Martes Promo 30% OFF
938,1620,25.0,2014-01-01,2015-12-30,Friday,Viernes Promo 25% OFF
939,859,30.0,2014-01-01,2015-12-30,Tuesday,Martes Promo 30% OFF
940,859,25.0,2014-01-01,2015-12-30,Friday,Viernes Promo 25% OFF
941,1861,30.0,2014-01-01,2015-12-30,Tuesday,Martes Promo 30% OFF
942,1861,25.0,2014-01-01,2015-12-30,Friday,Viernes Promo 25% OFF
943,2665,30.0,2014-01-01,2015-12-30,Tuesday,Martes Promo 30% OFF
944,2665,25.0,2014-01-01,2015-12-30,Friday,Viernes Promo 25% OFF
945,3008,30.0,2014-01-01,2015-12-30,Tuesday,Martes Promo 30% OFF
946,3008,25.0,2014-01-01,2015-12-30,Friday,Viernes Promo 25% OFF
947,1377,30.0,2014-01-01,2015-12-30,Tuesday,Martes Promo 30% OFF
948,1377,25.0,2014-01-01,2015-12-30,Friday,Viernes Promo 25% OFF
949,1203,30.0,2014-01-01,2015-12-30,Tuesday,Martes Promo 30% OFF
950,1203,25.0,2014-01-01,2015-12-30,Friday,Viernes Promo 25% OFF
951,1544,30.0,2014-01-01,2015-12-30,Tuesday,Martes Promo 30% OFF
952,1544,25.0,2014-01-01,2015-12-30,Friday,Viernes Promo 25% OFF
953,431,30.0,2014-01-01,2015-12-30,Tuesday,Martes Promo 30% OFF
954,431,25.0,2014-01-01,2015-12-30,Friday,Viernes Promo 25% OFF
955,3685,30.0,2014-01-01,2015-12-30,Tuesday,Martes Promo 30% OFF
956,3685,25.0,2014-01-01,2015-12-30,Friday,Viernes Promo 25% OFF
957,3684,30.0,2014-01-01,2015-12-30,Tuesday,Martes Promo 30% OFF
958,3684,25.0,2014-01-01,2015-12-30,Friday,Viernes Promo 25% OFF
959,3222,30.0,2014-01-01,2015-12-30,Tuesday,Martes Promo 30% OFF
960,3222,25.0,2014-01-01,2015-12-30,Friday,Viernes Promo 25% OFF
961,3814,30.0,2014-01-01,2015-12-30,Tuesday,Martes Promo 30% OFF
962,3814,25.0,2014-01-01,2015-12-30,Friday,Viernes Promo 25% OFF
963,380,30.0,2014-01-01,2015-12-30,Tuesday,Martes Promo 30% OFF
964,380,25.0,2014-01-01,2015-12-30,Friday,Viernes Promo 25% OFF
965,984,30.0,2014-01-01,2015-12-30,Tuesday,Martes Promo 30% OFF
966,984,25.0,2014-01-01,2015-12-30,Friday,Viernes Promo 25% OFF
967,350,30.0,2014-01-01,2015-12-30,Tuesday,Martes Promo 30% OFF
968,350,25.0,2014-01-01,2015-12-30,Friday,Viernes Promo 25% OFF
969,989,30.0,2014-01-01,2015-12-30,Tuesday,Martes Promo 30% OFF
970,989,25.0,2014-01-01,2015-12-30,Friday,Viernes Promo 25% OFF
971,987,30.0,2014-01-01,2015-12-30,Tuesday,Martes Promo 30% OFF
972,987,25.0,2014-01-01,2015-12-30,Friday,Viernes Promo 25% OFF
973,493,30.0,2014-01-01,2015-12-30,Tuesday,Martes Promo 30% OFF
974,493,25.0,2014-01-01,2015-12-30,Friday,Viernes Promo 25% OFF
975,2641,30.0,2014-01-01,2015-12-30,Tuesday,Martes Promo 30% OFF
976,2641,25.0,2014-01-01,2015-12-30,Friday,Viernes Promo 25% OFF
977,2752,30.0,2014-01-01,2015-12-30,Tuesday,Martes Promo 30% OFF
978,2752,25.0,2014-01-01,2015-12-30,Friday,Viernes Promo 25% OFF
979,2925,30.0,2014-01-01,2015-12-30,Tuesday,Martes Promo 30% OFF
980,2925,25.0,2014-01-01,2015-12-30,Friday,Viernes Promo 25% OFF
981,1265,30.0,2014-01-01,2015-12-30,Tuesday,Martes Promo 30% OFF
982,1265,25.0,2014-01-01,2015-12-30,Friday,Viernes Promo 25% OFF
983,2057,30.0,2014-01-01,2015-12-30,Tuesday,Martes Promo 30% OFF
984,2057,25.0,2014-01-01,2015-12-30,Friday,Viernes Promo 25% OFF
985,2328,30.0,2014-01-01,2015-12-30,Tuesday,Martes Promo 30% OFF
986,2328,25.0,2014-01-01,2015-12-30,Friday,Viernes Promo 25% OFF
987,1659,30.0,2014-01-01,2015-12-30,Tuesday,Martes Promo 30% OFF
988,1659,25.0,2014-01-01,2015-12-30,Friday,Viernes Promo 25% OFF
989,3534,30.0,2014-01-01,2015-12-30,Tuesday,Martes Promo 30% OFF
990,3534,25.0,2014-01-01,2015-12-30,Friday,Viernes Promo 25% OFF
991,3746,30.0,2014-01-01,2015-12-30,Tuesday,Martes Promo 30% OFF
992,3746,25.0,2014-01-01,2015-12-30,Friday,Viernes Promo 25% OFF
993,3219,30.0,2014-01-01,2015-12-30,Tuesday,Martes Promo 30% OFF
994,3219,25.0,2014-01-01,2015-12-30,Friday,Viernes Promo 25% OFF
995,2933,30.0,2014-01-01,2015-12-30,Tuesday,Martes Promo 30% OFF
996,2933,25.0,2014-01-01,2015-12-30,Friday,Viernes Promo 25% OFF
997,769,30.0,2014-01-01,2015-12-30,Tuesday,Martes Promo 30% OFF
998,769,25.0,2014-01-01,2015-12-30,Friday,Viernes Promo 25% OFF
999,788,30.0,2014-01-01,2015-12-30,Tuesday,Martes Promo 30% OFF
1000,788,25.0,2014-01-01,2015-12-30,Friday,Viernes Promo 25% OFF
1001,3474,30.0,2014-01-01,2015-12-30,Tuesday,Martes Promo 30% OFF
1002,3474,25.0,2014-01-01,2015-12-30,Friday,Viernes Promo 25% OFF
1003,1671,30.0,2014-01-01,2015-12-30,Tuesday,Martes Promo 30% OFF
1004,1671,25.0,2014-01-01,2015-12-30,Friday,Viernes Promo 25% OFF
1005,2115,30.0,2014-01-01,2015-12-30,Tuesday,Martes Promo 30% OFF
1006,2115,25.0,2014-01-01,2015-12-30,Friday,Viernes Promo 25% OFF
1007,3479,30.0,2014-01-01,2015-12-30,Tuesday,Martes Promo 30% OFF
1008,3479,25.0,2014-01-01,2015-12-30,Friday,Viernes Promo 25% OFF
1009,3915,30.0,2014-01-01,2015-12-30,Tuesday,Martes Promo 30% OFF
1010,3915,25.0,2014-01-01,2015-12-30,Friday,Viernes Promo 25% OFF
1011,777,30.0,2014-01-01,2015-12-30,Tuesday,Martes Promo 30% OFF
1012,777,25.0,2014-01-01,2015-12-30,Friday,Viernes Promo 25% OFF
1013,3274,30.0,2014-01-01,2015-12-30,Tuesday,Martes Promo 30% OFF
1014,3274,25.0,2014-01-01,2015-12-30,Friday,Viernes Promo 25% OFF
1015,481,30.0,2014-01-01,2015-12-30,Tuesday,Martes Promo 30% OFF
1016,481,25.0,2014-01-01,2015-12-30,Friday,Viernes Promo 25% OFF
1017,3575,30.0,2014-01-01,2015-12-30,Tuesday,Martes Promo 30% OFF
1018,3575,25.0,2014-01-01,2015-12-30,Friday,Viernes Promo 25% OFF
1019,2918,30.0,2014-01-01,2015-12-30,Tuesday,Martes Promo 30% OFF
1020,2918,25.0,2014-01-01,2015-12-30,Friday,Viernes Promo 25% OFF
1021,2920,30.0,2014-01-01,2015-12-30,Tuesday,Martes Promo 30% OFF
1022,2920,25.0,2014-01-01,2015-12-30,Friday,Viernes Promo 25% OFF
1023,58,30.0,2014-01-01,2015-12-30,Tuesday,Martes Promo 30% OFF
1024,58,25.0,2014-01-01,2015-12-30,Friday,Viernes Promo 25% OFF
1025,52,30.0,2014-01-01,2015-12-30,Tuesday,Martes Promo 30% OFF
1026,52,25.0,2014-01-01,2015-12-30,Friday,Viernes Promo 25% OFF
1027,2358,30.0,2014-01-01,2015-12-30,Tuesday,Martes Promo 30% OFF
1028,2358,25.0,2014-01-01,2015-12-30,Friday,Viernes Promo 25% OFF
1029,795,30.0,2014-01-01,2015-12-30,Tuesday,Martes Promo 30% OFF
1030,795,25.0,2014-01-01,2015-12-30,Friday,Viernes Promo 25% OFF
1031,2287,30.0,2014-01-01,2015-12-30,Tuesday,Martes Promo 30% OFF
1032,2287,25.0,2014-01-01,2015-12-30,Friday,Viernes Promo 25% OFF
1033,2934,30.0,2014-01-01,2015-12-30,Tuesday,Martes Promo 30% OFF
1034,2934,25.0,2014-01-01,2015-12-30,Friday,Viernes Promo 25% OFF
1035,3112,30.0,2014-01-01,2015-12-30,Tuesday,Martes Promo 30% OFF
1036,3112,25.0,2014-01-01,2015-12-30,Friday,Viernes Promo 25% OFF
1037,2058,30.0,2014-01-01,2015-12-30,Tuesday,Martes Promo 30% OFF
1038,2058,25.0,2014-01-01,2015-12-30,Friday,Viernes Promo 25% OFF
1039,1001,30.0,2014-01-01,2015-12-30,Tuesday,Martes Promo 30% OFF
1040,1001,25.0,2014-01-01,2015-12-30,Friday,Viernes Promo 25% OFF
1041,3356,30.0,2014-01-01,2015-12-30,Tuesday,Martes Promo 30% OFF
1042,3356,25.0,2014-01-01,2015-12-30,Friday,Viernes Promo 25% OFF
1043,1046,30.0,2014-01-01,2015-12-30,Tuesday,Martes Promo 30% OFF
1044,1046,25.0,2014-01-01,2015-12-30,Friday,Viernes Promo 25% OFF
1045,756,30.0,2014-01-01,2015-12-30,Tuesday,Martes Promo 30% OFF
1046,756,25.0,2014-01-01,2015-12-30,Friday,Viernes Promo 25% OFF
1047,2278,30.0,2014-01-01,2015-12-30,Tuesday,Martes Promo 30% OFF
1048,2278,25.0,2014-01-01,2015-12-30,Friday,Viernes Promo 25% OFF
1049,374,30.0,2014-01-01,2015-12-30,Tuesday,Martes Promo 30% OFF
1050,374,25.0,2014-01-01,2015-12-30,Friday,Viernes Promo 25% OFF
1051,2775,30.0,2014-01-01,2015-12-30,Tuesday,Martes Promo 30% OFF
1052,2775,25.0,2014-01-01,2015-12-30,Friday,Viernes Promo 25% OFF
1053,55,30.0,2014-01-01,2015-12-30,Tuesday,Martes Promo 30% OFF
1054,55,25.0,2014-01-01,2015-12-30,Friday,Viernes Promo 25% OFF
1055,57,30.0,2014-01-01,2015-12-30,Tuesday,Martes Promo 30% OFF
1056,57,25.0,2014-01-01,2015-12-30,Friday,Viernes Promo 25% OFF
1057,2948,30.0,2014-01-01,2015-12-30,Tuesday,Martes Promo 30% OFF
1058,2948,25.0,2014-01-01,2015-12-30,Friday,Viernes Promo 25% OFF
1059,2876,30.0,2014-01-01,2015-12-30,Tuesday,Martes Promo 30% OFF
1060,2876,25.0,2014-01-01,2015-12-30,Friday,Viernes Promo 25% OFF
1061,3764,30.0,2014-01-01,2015-12-30,Tuesday,Martes Promo 30% OFF
1062,3764,25.0,2014-01-01,2015-12-30,Friday,Viernes Promo 25% OFF
1063,2897,30.0,2014-01-01,2015-12-30,Tuesday,Martes Promo 30% OFF
1064,2897,25.0,2014-01-01,2015-12-30,Friday,Viernes Promo 25% OFF
1065,59,30.0,2014-01-01,2015-12-30,Tuesday,Martes Promo 30% OFF
1066,59,25.0,2014-01-01,2015-12-30,Friday,Viernes Promo 25% OFF
1067,3030,30.0,2014-01-01,2015-12-30,Tuesday,Martes Promo 30% OFF
1068,3030,25.0,2014-01-01,2015-12-30,Friday,Viernes Promo 25% OFF
1069,2407,30.0,2014-01-01,2015-12-30,Tuesday,Martes Promo 30% OFF
1070,2407,25.0,2014-01-01,2015-12-30,Friday,Viernes Promo 25% OFF
1071,1429,30.0,2014-01-01,2015-12-30,Tuesday,Martes Promo 30% OFF
1072,1429,25.0,2014-01-01,2015-12-30,Friday,Viernes Promo 25% OFF
1073,631,30.0,2014-01-01,2015-12-30,Tuesday,Martes Promo 30% OFF
1074,631,25.0,2014-01-01,2015-12-30,Friday,Viernes Promo 25% OFF
1075,2153,30.0,2014-01-01,2015-12-30,Tuesday,Martes Promo 30% OFF
1076,2153,25.0,2014-01-01,2015-12-30,Friday,Viernes Promo 25% OFF
1077,2154,30.0,2014-01-01,2015-12-30,Tuesday,Martes Promo 30% OFF
1078,2154,25.0,2014-01-01,2015-12-30,Friday,Viernes Promo 25% OFF
1079,130,30.0,2014-01-01,2015-12-30,Tuesday,Martes Promo 30% OFF
1080,130,25.0,2014-01-01,2015-12-30,Friday,Viernes Promo 25% OFF
1081,2721,30.0,2014-01-01,2015-12-30,Tuesday,Martes Promo 30% OFF
1082,2721,25.0,2014-01-01,2015-12-30,Friday,Viernes Promo 25% OFF
1083,132,30.0,2014-01-01,2015-12-30,Tuesday,Martes Promo 30% OFF
1084,132,25.0,2014-01-01,2015-12-30,Friday,Viernes Promo 25% OFF
1085,2589,30.0,2014-01-01,2015-12-30,Tuesday,Martes Promo 30% OFF
1086,2589,25.0,2014-01-01,2015-12-30,Friday,Viernes Promo 25% OFF
1087,2720,30.0,2014-01-01,2015-12-30,Tuesday,Martes Promo 30% OFF
1088,2720,25.0,2014-01-01,2015-12-30,Friday,Viernes Promo 25% OFF
1089,1697,30.0,2014-01-01,2015-12-30,Tuesday,Martes Promo 30% OFF
1090,1697,25.0,2014-01-01,2015-12-30,Friday,Viernes Promo 25% OFF
1091,2691,30.0,2014-01-01,2015-12-30,Tuesday,Martes Promo 30% OFF
1092,2691,25.0,2014-01-01,2015-12-30,Friday,Viernes Promo 25% OFF
1093,626,30.0,2014-01-01,2015-12-30,Tuesday,Martes Promo 30% OFF
1094,626,25.0,2014-01-01,2015-12-30,Friday,Viernes Promo 25% OFF
1095,620,30.0,2014-01-01,2015-12-30,Tuesday,Martes Promo 30% OFF
1096,620,25.0,2014-01-01,2015-12-30,Friday,Viernes Promo 25% OFF
1097,2766,30.0,2014-01-01,2015-12-30,Tuesday,Martes Promo 30% OFF
1098,2766,25.0,2014-01-01,2015-12-30,Friday,Viernes Promo 25% OFF
1099,2870,30.0,2014-01-01,2015-12-30,Tuesday,Martes Promo 30% OFF
1100,2870,25.0,2014-01-01,2015-12-30,Friday,Viernes Promo 25% OFF
1101,3110,30.0,2014-01-01,2015-12-30,Tuesday,Martes Promo 30% OFF
1102,3110,25.0,2014-01-01,2015-12-30,Friday,Viernes Promo 25% OFF
1103,1889,30.0,2014-01-01,2015-12-30,Tuesday,Martes Promo 30% OFF
1104,1889,25.0,2014-01-01,2015-12-30,Friday,Viernes Promo 25% OFF
1105,401,30.0,2014-01-01,2015-12-30,Tuesday,Martes Promo 30% OFF
1106,401,25.0,2014-01-01,2015-12-30,Friday,Viernes Promo 25% OFF
1107,186,30.0,2014-01-01,2015-12-30,Tuesday,Martes Promo 30% OFF
1108,186,25.0,2014-01-01,2015-12-30,Friday,Viernes Promo 25% OFF
1109,3115,30.0,2014-01-01,2015-12-30,Tuesday,Martes Promo 30% OFF
1110,3115,25.0,2014-01-01,2015-12-30,Friday,Viernes Promo 25% OFF
1111,815,30.0,2014-01-01,2015-12-30,Tuesday,Martes Promo 30% OFF
1112,815,25.0,2014-01-01,2015-12-30,Friday,Viernes Promo 25% OFF
1113,879,30.0,2014-01-01,2015-12-30,Tuesday,Martes Promo 30% OFF
1114,879,25.0,2014-01-01,2015-12-30,Friday,Viernes Promo 25% OFF
1115,628,30.0,2014-01-01,2015-12-30,Tuesday,Martes Promo 30% OFF
1116,628,25.0,2014-01-01,2015-12-30,Friday,Viernes Promo 25% OFF
1117,3405,30.0,2014-01-01,2015-12-30,Tuesday,Martes Promo 30% OFF
1118,3405,25.0,2014-01-01,2015-12-30,Friday,Viernes Promo 25% OFF
1119,3624,30.0,2014-01-01,2015-12-30,Tuesday,Martes Promo 30% OFF
1120,3624,25.0,2014-01-01,2015-12-30,Friday,Viernes Promo 25% OFF
1121,2663,30.0,2014-01-01,2015-12-30,Tuesday,Martes Promo 30% OFF
1122,2663,25.0,2014-01-01,2015-12-30,Friday,Viernes Promo 25% OFF
1123,2583,30.0,2014-01-01,2015-12-30,Tuesday,Martes Promo 30% OFF
1124,2583,25.0,2014-01-01,2015-12-30,Friday,Viernes Promo 25% OFF
1125,2664,30.0,2014-01-01,2015-12-30,Tuesday,Martes Promo 30% OFF
1126,2664,25.0,2014-01-01,2015-12-30,Friday,Viernes Promo 25% OFF
1127,3168,30.0,2014-01-01,2015-12-30,Tuesday,Martes Promo 30% OFF
1128,3168,25.0,2014-01-01,2015-12-30,Friday,Viernes Promo 25% OFF
1129,3169,30.0,2014-01-01,2015-12-30,Tuesday,Martes Promo 30% OFF
1130,3169,25.0,2014-01-01,2015-12-30,Friday,Viernes Promo 25% OFF
1131,3165,30.0,2014-01-01,2015-12-30,Tuesday,Martes Promo 30% OFF
1132,3165,25.0,2014-01-01,2015-12-30,Friday,Viernes Promo 25% OFF
1133,619,30.0,2014-01-01,2015-12-30,Tuesday,Martes Promo 30% OFF
1134,619,25.0,2014-01-01,2015-12-30,Friday,Viernes Promo 25% OFF
1135,571,30.0,2014-01-01,2015-12-30,Tuesday,Martes Promo 30% OFF
1136,571,25.0,2014-01-01,2015-12-30,Friday,Viernes Promo 25% OFF
1137,7,30.0,2014-01-01,2015-12-30,Tuesday,Martes Promo 30% OFF
1138,7,25.0,2014-01-01,2015-12-30,Friday,Viernes Promo 25% OFF
1139,3395,30.0,2014-01-01,2015-12-30,Tuesday,Martes Promo 30% OFF
1140,3395,25.0,2014-01-01,2015-12-30,Friday,Viernes Promo 25% OFF
1141,1692,30.0,2014-01-01,2015-12-30,Tuesday,Martes Promo 30% OFF
1142,1692,25.0,2014-01-01,2015-12-30,Friday,Viernes Promo 25% OFF
1143,1694,30.0,2014-01-01,2015-12-30,Tuesday,Martes Promo 30% OFF
1144,1694,25.0,2014-01-01,2015-12-30,Friday,Viernes Promo 25% OFF
1145,1690,30.0,2014-01-01,2015-12-30,Tuesday,Martes Promo 30% OFF
1146,1690,25.0,2014-01-01,2015-12-30,Friday,Viernes Promo 25% OFF
1147,1691,30.0,2014-01-01,2015-12-30,Tuesday,Martes Promo 30% OFF
1148,1691,25.0,2014-01-01,2015-12-30,Friday,Viernes Promo 25% OFF
1149,1693,30.0,2014-01-01,2015-12-30,Tuesday,Martes Promo 30% OFF
1150,1693,25.0,2014-01-01,2015-12-30,Friday,Viernes Promo 25% OFF
1151,1695,30.0,2014-01-01,2015-12-30,Tuesday,Martes Promo 30% OFF
1152,1695,25.0,2014-01-01,2015-12-30,Friday,Viernes Promo 25% OFF
1153,2087,30.0,2014-01-01,2015-12-30,Tuesday,Martes Promo 30% OFF
1154,2087,25.0,2014-01-01,2015-12-30,Friday,Viernes Promo 25% OFF
1155,3839,30.0,2014-01-01,2015-12-30,Tuesday,Martes Promo 30% OFF
1156,3839,25.0,2014-01-01,2015-12-30,Friday,Viernes Promo 25% OFF
1157,2913,30.0,2014-01-01,2015-12-30,Tuesday,Martes Promo 30% OFF
1158,2913,25.0,2014-01-01,2015-12-30,Friday,Viernes Promo 25% OFF
1159,53,30.0,2014-01-01,2015-12-30,Tuesday,Martes Promo 30% OFF
1160,53,25.0,2014-01-01,2015-12-30,Friday,Viernes Promo 25% OFF
1161,2350,30.0,2014-01-01,2015-12-30,Tuesday,Martes Promo 30% OFF
1162,2350,25.0,2014-01-01,2015-12-30,Friday,Viernes Promo 25% OFF
1163,1425,30.0,2014-01-01,2015-12-30,Tuesday,Martes Promo 30% OFF
1164,1425,25.0,2014-01-01,2015-12-30,Friday,Viernes Promo 25% OFF
1165,593,30.0,2014-01-01,2015-12-30,Tuesday,Martes Promo 30% OFF
1166,593,25.0,2014-01-01,2015-12-30,Friday,Viernes Promo 25% OFF
1167,592,30.0,2014-01-01,2015-12-30,Tuesday,Martes Promo 30% OFF
1168,592,25.0,2014-01-01,2015-12-30,Friday,Viernes Promo 25% OFF
1169,459,30.0,2014-01-01,2015-12-30,Tuesday,Martes Promo 30% OFF
1170,459,25.0,2014-01-01,2015-12-30,Friday,Viernes Promo 25% OFF
1171,2612,30.0,2014-01-01,2015-12-30,Tuesday,Martes Promo 30% OFF
1172,2612,25.0,2014-01-01,2015-12-30,Friday,Viernes Promo 25% OFF
1173,3585,30.0,2014-01-01,2015-12-30,Tuesday,Martes Promo 30% OFF
1174,3585,25.0,2014-01-01,2015-12-30,Friday,Viernes Promo 25% OFF
1175,3220,30.0,2014-01-01,2015-12-30,Tuesday,Martes Promo 30% OFF
1176,3220,25.0,2014-01-01,2015-12-30,Friday,Viernes Promo 25% OFF
1177,3354,30.0,2014-01-01,2015-12-30,Tuesday,Martes Promo 30% OFF
1178,3354,25.0,2014-01-01,2015-12-30,Friday,Viernes Promo 25% OFF
1179,1840,30.0,2014-01-01,2015-12-30,Tuesday,Martes Promo 30% OFF
1180,1840,25.0,2014-01-01,2015-12-30,Friday,Viernes Promo 25% OFF
1181,1415,30.0,2014-01-01,2015-12-30,Tuesday,Martes Promo 30% OFF
1182,1415,25.0,2014-01-01,2015-12-30,Friday,Viernes Promo 25% OFF
1183,371,30.0,2014-01-01,2015-12-30,Tuesday,Martes Promo 30% OFF
1184,371,25.0,2014-01-01,2015-12-30,Friday,Viernes Promo 25% OFF
1185,3209,30.0,2014-01-01,2015-12-30,Tuesday,Martes Promo 30% OFF
1186,3209,25.0,2014-01-01,2015-12-30,Friday,Viernes Promo 25% OFF
1187,2919,30.0,2014-01-01,2015-12-30,Tuesday,Martes Promo 30% OFF
1188,2919,25.0,2014-01-01,2015-12-30,Friday,Viernes Promo 25% OFF
1189,3382,30.0,2014-01-01,2015-12-30,Tuesday,Martes Promo 30% OFF
1190,3382,25.0,2014-01-01,2015-12-30,Friday,Viernes Promo 25% OFF
1191,3537,30.0,2014-01-01,2015-12-30,Tuesday,Martes Promo 30% OFF
1192,3537,25.0,2014-01-01,2015-12-30,Friday,Viernes Promo 25% OFF
1193,2495,30.0,2014-01-01,2015-12-30,Tuesday,Martes Promo 30% OFF
1194,2495,25.0,2014-01-01,2015-12-30,Friday,Viernes Promo 25% OFF
1195,892,30.0,2014-01-01,2015-12-30,Tuesday,Martes Promo 30% OFF
1196,892,25.0,2014-01-01,2015-12-30,Friday,Viernes Promo 25% OFF
1197,2517,30.0,2014-01-01,2015-12-30,Tuesday,Martes Promo 30% OFF
1198,2517,25.0,2014-01-01,2015-12-30,Friday,Viernes Promo 25% OFF
1199,2614,30.0,2014-01-01,2015-12-30,Tuesday,Martes Promo 30% OFF
1200,2614,25.0,2014-01-01,2015-12-30,Friday,Viernes Promo 25% OFF
1201,461,30.0,2014-01-01,2015-12-30,Tuesday,Martes Promo 30% OFF
1202,461,25.0,2014-01-01,2015-12-30,Friday,Viernes Promo 25% OFF
1203,2542,30.0,2014-01-01,2015-12-30,Tuesday,Martes Promo 30% OFF
1204,2542,25.0,2014-01-01,2015-12-30,Friday,Viernes Promo 25% OFF
1205,2838,30.0,2014-01-01,2015-12-30,Tuesday,Martes Promo 30% OFF
1206,2838,25.0,2014-01-01,2015-12-30,Friday,Viernes Promo 25% OFF
1207,2940,30.0,2014-01-01,2015-12-30,Tuesday,Martes Promo 30% OFF
1208,2940,25.0,2014-01-01,2015-12-30,Friday,Viernes Promo 25% OFF
1209,2344,30.0,2014-01-01,2015-12-30,Tuesday,Martes Promo 30% OFF
1210,2344,25.0,2014-01-01,2015-12-30,Friday,Viernes Promo 25% OFF
1211,3524,30.0,2014-01-01,2015-12-30,Tuesday,Martes Promo 30% OFF
1212,3524,25.0,2014-01-01,2015-12-30,Friday,Viernes Promo 25% OFF
1213,763,30.0,2014-01-01,2015-12-30,Tuesday,Martes Promo 30% OFF
1214,763,25.0,2014-01-01,2015-12-30,Friday,Viernes Promo 25% OFF
1215,2199,30.0,2014-01-01,2015-12-30,Tuesday,Martes Promo 30% OFF
1216,2199,25.0,2014-01-01,2015-12-30,Friday,Viernes Promo 25% OFF
1217,743,30.0,2014-01-01,2015-12-30,Tuesday,Martes Promo 30% OFF
1218,743,25.0,2014-01-01,2015-12-30,Friday,Viernes Promo 25% OFF
1219,3100,30.0,2014-01-01,2015-12-30,Tuesday,Martes Promo 30% OFF
1220,3100,25.0,2014-01-01,2015-12-30,Friday,Viernes Promo 25% OFF
1221,781,30.0,2014-01-01,2015-12-30,Tuesday,Martes Promo 30% OFF
1222,781,25.0,2014-01-01,2015-12-30,Friday,Viernes Promo 25% OFF
1223,3833,30.0,2014-01-01,2015-12-30,Tuesday,Martes Promo 30% OFF
1224,3833,25.0,2014-01-01,2015-12-30,Friday,Viernes Promo 25% OFF
1225,73,30.0,2014-01-01,2015-12-30,Tuesday,Martes Promo 30% OFF
1226,73,25.0,2014-01-01,2015-12-30,Friday,Viernes Promo 25% OFF
1227,2515,30.0,2014-01-01,2015-12-30,Tuesday,Martes Promo 30% OFF
1228,2515,25.0,2014-01-01,2015-12-30,Friday,Viernes Promo 25% OFF
1229,1189,30.0,2014-01-01,2015-12-30,Tuesday,Martes Promo 30% OFF
1230,1189,25.0,2014-01-01,2015-12-30,Friday,Viernes Promo 25% OFF
1231,1920,30.0,2014-01-01,2015-12-30,Tuesday,Martes Promo 30% OFF
1232,1920,25.0,2014-01-01,2015-12-30,Friday,Viernes Promo 25% OFF
1233,381,30.0,2014-01-01,2015-12-30,Tuesday,Martes Promo 30% OFF
1234,381,25.0,2014-01-01,2015-12-30,Friday,Viernes Promo 25% OFF
1235,767,30.0,2014-01-01,2015-12-30,Tuesday,Martes Promo 30% OFF
1236,767,25.0,2014-01-01,2015-12-30,Friday,Viernes Promo 25% OFF
1237,2977,30.0,2014-01-01,2015-12-30,Tuesday,Martes Promo 30% OFF
1238,2977,25.0,2014-01-01,2015-12-30,Friday,Viernes Promo 25% OFF
1239,3541,30.0,2014-01-01,2015-12-30,Tuesday,Martes Promo 30% OFF
1240,3541,25.0,2014-01-01,2015-12-30,Friday,Viernes Promo 25% OFF
1241,1624,30.0,2014-01-01,2015-12-30,Tuesday,Martes Promo 30% OFF
1242,1624,25.0,2014-01-01,2015-12-30,Friday,Viernes Promo 25% OFF
1243,890,30.0,2014-01-01,2015-12-30,Tuesday,Martes Promo 30% OFF
1244,890,25.0,2014-01-01,2015-12-30,Friday,Viernes Promo 25% OFF
1245,891,30.0,2014-01-01,2015-12-30,Tuesday,Martes Promo 30% OFF
1246,891,25.0,2014-01-01,2015-12-30,Friday,Viernes Promo 25% OFF
1247,1562,30.0,2014-01-01,2015-12-30,Tuesday,Martes Promo 30% OFF
1248,1562,25.0,2014-01-01,2015-12-30,Friday,Viernes Promo 25% OFF
1249,1138,30.0,2014-01-01,2015-12-30,Tuesday,Martes Promo 30% OFF
1250,1138,25.0,2014-01-01,2015-12-30,Friday,Viernes Promo 25% OFF
1251,1651,30.0,2014-01-01,2015-12-30,Tuesday,Martes Promo 30% OFF
1252,1651,25.0,2014-01-01,2015-12-30,Friday,Viernes Promo 25% OFF
1253,200,30.0,2014-01-01,2015-12-30,Tuesday,Martes Promo 30% OFF
1254,200,25.0,2014-01-01,2015-12-30,Friday,Viernes Promo 25% OFF
1255,1173,30.0,2014-01-01,2015-12-30,Tuesday,Martes Promo 30% OFF
1256,1173,25.0,2014-01-01,2015-12-30,Friday,Viernes Promo 25% OFF
1257,10,30.0,2014-01-01,2015-12-30,Tuesday,Martes Promo 30% OFF
1258,10,25.0,2014-01-01,2015-12-30,Friday,Viernes Promo 25% OFF
1259,8,30.0,2014-01-01,2015-12-30,Tuesday,Martes Promo 30% OFF
1260,8,25.0,2014-01-01,2015-12-30,Friday,Viernes Promo 25% OFF
1261,460,30.0,2014-01-01,2015-12-30,Tuesday,Martes Promo 30% OFF
1262,460,25.0,2014-01-01,2015-12-30,Friday,Viernes Promo 25% OFF
1263,3681,30.0,2014-01-01,2015-12-30,Tuesday,Martes Promo 30% OFF
1264,3681,25.0,2014-01-01,2015-12-30,Friday,Viernes Promo 25% OFF
1265,2083,30.0,2014-01-01,2015-12-30,Tuesday,Martes Promo 30% OFF
1266,2083,25.0,2014-01-01,2015-12-30,Friday,Viernes Promo 25% OFF
1267,366,30.0,2014-01-01,2015-12-30,Tuesday,Martes Promo 30% OFF
1268,366,25.0,2014-01-01,2015-12-30,Friday,Viernes Promo 25% OFF
1269,2811,30.0,2014-01-01,2015-12-30,Tuesday,Martes Promo 30% OFF
1270,2811,25.0,2014-01-01,2015-12-30,Friday,Viernes Promo 25% OFF
1271,1765,30.0,2014-01-01,2015-12-30,Tuesday,Martes Promo 30% OFF
1272,1765,25.0,2014-01-01,2015-12-30,Friday,Viernes Promo 25% OFF
1273,2197,30.0,2014-01-01,2015-12-30,Tuesday,Martes Promo 30% OFF
1274,2197,25.0,2014-01-01,2015-12-30,Friday,Viernes Promo 25% OFF
1275,35,30.0,2014-01-01,2015-12-30,Tuesday,Martes Promo 30% OFF
1276,35,25.0,2014-01-01,2015-12-30,Friday,Viernes Promo 25% OFF
1277,210,30.0,2014-01-01,2015-12-30,Tuesday,Martes Promo 30% OFF
1278,210,25.0,2014-01-01,2015-12-30,Friday,Viernes Promo 25% OFF
1279,1838,30.0,2014-01-01,2015-12-30,Tuesday,Martes Promo 30% OFF
1280,1838,25.0,2014-01-01,2015-12-30,Friday,Viernes Promo 25% OFF
1281,709,30.0,2014-01-01,2015-12-30,Tuesday,Martes Promo 30% OFF
1282,709,25.0,2014-01-01,2015-12-30,Friday,Viernes Promo 25% OFF
1283,2317,30.0,2014-01-01,2015-12-30,Tuesday,Martes Promo 30% OFF
1284,2317,25.0,2014-01-01,2015-12-30,Friday,Viernes Promo 25% OFF
1285,634,30.0,2014-01-01,2015-12-30,Tuesday,Martes Promo 30% OFF
1286,634,25.0,2014-01-01,2015-12-30,Friday,Viernes Promo 25% OFF
1287,1759,30.0,2014-01-01,2015-12-30,Tuesday,Martes Promo 30% OFF
1288,1759,25.0,2014-01-01,2015-12-30,Friday,Viernes Promo 25% OFF
1289,2353,30.0,2014-01-01,2015-12-30,Tuesday,Martes Promo 30% OFF
1290,2353,25.0,2014-01-01,2015-12-30,Friday,Viernes Promo 25% OFF
1291,2070,30.0,2014-01-01,2015-12-30,Tuesday,Martes Promo 30% OFF
1292,2070,25.0,2014-01-01,2015-12-30,Friday,Viernes Promo 25% OFF
1293,2800,30.0,2014-01-01,2015-12-30,Tuesday,Martes Promo 30% OFF
1294,2800,25.0,2014-01-01,2015-12-30,Friday,Viernes Promo 25% OFF
1295,720,30.0,2014-01-01,2015-12-30,Tuesday,Martes Promo 30% OFF
1296,720,25.0,2014-01-01,2015-12-30,Friday,Viernes Promo 25% OFF
1297,3581,30.0,2014-01-01,2015-12-30,Tuesday,Martes Promo 30% OFF
1298,3581,25.0,2014-01-01,2015-12-30,Friday,Viernes Promo 25% OFF
1299,2056,30.0,2014-01-01,2015-12-30,Tuesday,Martes Promo 30% OFF
1300,2056,25.0,2014-01-01,2015-12-30,Friday,Viernes Promo 25% OFF
1301,2410,30.0,2014-01-01,2015-12-30,Tuesday,Martes Promo 30% OFF
1302,2410,25.0,2014-01-01,2015-12-30,Friday,Viernes Promo 25% OFF
1303,2068,30.0,2014-01-01,2015-12-30,Tuesday,Martes Promo 30% OFF
1304,2068,25.0,2014-01-01,2015-12-30,Friday,Viernes Promo 25% OFF
1305,2476,30.0,2014-01-01,2015-12-30,Tuesday,Martes Promo 30% OFF
1306,2476,25.0,2014-01-01,2015-12-30,Friday,Viernes Promo 25% OFF
1307,3919,30.0,2014-01-01,2015-12-30,Tuesday,Martes Promo 30% OFF
1308,3919,25.0,2014-01-01,2015-12-30,Friday,Viernes Promo 25% OFF
1309,726,30.0,2014-01-01,2015-12-30,Tuesday,Martes Promo 30% OFF
1310,726,25.0,2014-01-01,2015-12-30,Friday,Viernes Promo 25% OFF
1311,727,30.0,2014-01-01,2015-12-30,Tuesday,Martes Promo 30% OFF
1312,727,25.0,2014-01-01,2015-12-30,Friday,Viernes Promo 25% OFF
1313,578,30.0,2014-01-01,2015-12-30,Tuesday,Martes Promo 30% OFF
1314,578,25.0,2014-01-01,2015-12-30,Friday,Viernes Promo 25% OFF
1315,3909,30.0,2014-01-01,2015-12-30,Tuesday,Martes Promo 30% OFF
1316,3909,25.0,2014-01-01,2015-12-30,Friday,Viernes Promo 25% OFF
1317,1531,30.0,2014-01-01,2015-12-30,Tuesday,Martes Promo 30% OFF
1318,1531,25.0,2014-01-01,2015-12-30,Friday,Viernes Promo 25% OFF
1319,3504,30.0,2014-01-01,2015-12-30,Tuesday,Martes Promo 30% OFF
1320,3504,25.0,2014-01-01,2015-12-30,Friday,Viernes Promo 25% OFF
1321,3224,30.0,2014-01-01,2015-12-30,Tuesday,Martes Promo 30% OFF
1322,3224,25.0,2014-01-01,2015-12-30,Friday,Viernes Promo 25% OFF
1323,2142,30.0,2014-01-01,2015-12-30,Tuesday,Martes Promo 30% OFF
1324,2142,25.0,2014-01-01,2015-12-30,Friday,Viernes Promo 25% OFF
1325,3887,30.0,2014-01-01,2015-12-30,Tuesday,Martes Promo 30% OFF
1326,3887,25.0,2014-01-01,2015-12-30,Friday,Viernes Promo 25% OFF
1327,1481,30.0,2014-01-01,2015-12-30,Tuesday,Martes Promo 30% OFF
1328,1481,25.0,2014-01-01,2015-12-30,Friday,Viernes Promo 25% OFF
1329,1480,30.0,2014-01-01,2015-12-30,Tuesday,Martes Promo 30% OFF
1330,1480,25.0,2014-01-01,2015-12-30,Friday,Viernes Promo 25% OFF
1331,2106,30.0,2014-01-01,2015-12-30,Tuesday,Martes Promo 30% OFF
1332,2106,25.0,2014-01-01,2015-12-30,Friday,Viernes Promo 25% OFF
1333,3821,30.0,2014-01-01,2015-12-30,Tuesday,Martes Promo 30% OFF
1334,3821,25.0,2014-01-01,2015-12-30,Friday,Viernes Promo 25% OFF
1335,3249,30.0,2014-01-01,2015-12-30,Tuesday,Martes Promo 30% OFF
1336,3249,25.0,2014-01-01,2015-12-30,Friday,Viernes Promo 25% OFF
1337,3763,30.0,2014-01-01,2015-12-30,Tuesday,Martes Promo 30% OFF
1338,3763,25.0,2014-01-01,2015-12-30,Friday,Viernes Promo 25% OFF
1339,3516,30.0,2014-01-01,2015-12-30,Tuesday,Martes Promo 30% OFF
1340,3516,25.0,2014-01-01,2015-12-30,Friday,Viernes Promo 25% OFF
1341,2242,30.0,2014-01-01,2015-12-30,Tuesday,Martes Promo 30% OFF
1342,2242,25.0,2014-01-01,2015-12-30,Friday,Viernes Promo 25% OFF
1343,3357,30.0,2014-01-01,2015-12-30,Tuesday,Martes Promo 30% OFF
1344,3357,25.0,2014-01-01,2015-12-30,Friday,Viernes Promo 25% OFF
1345,3727,30.0,2014-01-01,2015-12-30,Tuesday,Martes Promo 30% OFF
1346,3727,25.0,2014-01-01,2015-12-30,Friday,Viernes Promo 25% OFF
1347,3302,30.0,2014-01-01,2015-12-30,Tuesday,Martes Promo 30% OFF
1348,3302,25.0,2014-01-01,2015-12-30,Friday,Viernes Promo 25% OFF
1349,2938,30.0,2014-01-01,2015-12-30,Tuesday,Martes Promo 30% OFF
1350,2938,25.0,2014-01-01,2015-12-30,Friday,Viernes Promo 25% OFF
1351,1454,30.0,2014-01-01,2015-12-30,Tuesday,Martes Promo 30% OFF
1352,1454,25.0,2014-01-01,2015-12-30,Friday,Viernes Promo 25% OFF
1353,1438,30.0,2014-01-01,2015-12-30,Tuesday,Martes Promo 30% OFF
1354,1438,25.0,2014-01-01,2015-12-30,Friday,Viernes Promo 25% OFF
1355,328,30.0,2014-01-01,2015-12-30,Tuesday,Martes Promo 30% OFF
1356,328,25.0,2014-01-01,2015-12-30,Friday,Viernes Promo 25% OFF
1357,3980,30.0,2014-01-01,2015-12-30,Tuesday,Martes Promo 30% OFF
1358,3980,25.0,2014-01-01,2015-12-30,Friday,Viernes Promo 25% OFF
1359,2856,30.0,2014-01-01,2015-12-30,Tuesday,Martes Promo 30% OFF
1360,2856,25.0,2014-01-01,2015-12-30,Friday,Viernes Promo 25% OFF
1361,3960,30.0,2014-01-01,2015-12-30,Tuesday,Martes Promo 30% OFF
1362,3960,25.0,2014-01-01,2015-12-30,Friday,Viernes Promo 25% OFF
1363,1210,30.0,2014-01-01,2015-12-30,Tuesday,Martes Promo 30% OFF
1364,1210,25.0,2014-01-01,2015-12-30,Friday,Viernes Promo 25% OFF
1365,820,30.0,2014-01-01,2015-12-30,Tuesday,Martes Promo 30% OFF
1366,820,25.0,2014-01-01,2015-12-30,Friday,Viernes Promo 25% OFF
1367,352,30.0,2014-01-01,2015-12-30,Tuesday,Martes Promo 30% OFF
1368,352,25.0,2014-01-01,2015-12-30,Friday,Viernes Promo 25% OFF
1369,1059,30.0,2014-01-01,2015-12-30,Tuesday,Martes Promo 30% OFF
1370,1059,25.0,2014-01-01,2015-12-30,Friday,Viernes Promo 25% OFF
1371,524,30.0,2014-01-01,2015-12-30,Tuesday,Martes Promo 30% OFF
1372,524,25.0,2014-01-01,2015-12-30,Friday,Viernes Promo 25% OFF
1373,1585,30.0,2014-01-01,2015-12-30,Tuesday,Martes Promo 30% OFF
1374,1585,25.0,2014-01-01,2015-12-30,Friday,Viernes Promo 25% OFF
1375,2667,30.0,2014-01-01,2015-12-30,Tuesday,Martes Promo 30% OFF
1376,2667,25.0,2014-01-01,2015-12-30,Friday,Viernes Promo 25% OFF
1377,2670,30.0,2014-01-01,2015-12-30,Tuesday,Martes Promo 30% OFF
1378,2670,25.0,2014-01-01,2015-12-30,Friday,Viernes Promo 25% OFF
1379,2120,30.0,2014-01-01,2015-12-30,Tuesday,Martes Promo 30% OFF
1380,2120,25.0,2014-01-01,2015-12-30,Friday,Viernes Promo 25% OFF
1381,2117,30.0,2014-01-01,2015-12-30,Tuesday,Martes Promo 30% OFF
1382,2117,25.0,2014-01-01,2015-12-30,Friday,Viernes Promo 25% OFF
1383,2121,30.0,2014-01-01,2015-12-30,Tuesday,Martes Promo 30% OFF
1384,2121,25.0,2014-01-01,2015-12-30,Friday,Viernes Promo 25% OFF
1385,3920,30.0,2014-01-01,2015-12-30,Tuesday,Martes Promo 30% OFF
1386,3920,25.0,2014-01-01,2015-12-30,Friday,Viernes Promo 25% OFF
1387,2339,30.0,2014-01-01,2015-12-30,Tuesday,Martes Promo 30% OFF
1388,2339,25.0,2014-01-01,2015-12-30,Friday,Viernes Promo 25% OFF
1389,633,30.0,2014-01-01,2015-12-30,Tuesday,Martes Promo 30% OFF
1390,633,25.0,2014-01-01,2015-12-30,Friday,Viernes Promo 25% OFF
1391,512,30.0,2014-01-01,2015-12-30,Tuesday,Martes Promo 30% OFF
1392,512,25.0,2014-01-01,2015-12-30,Friday,Viernes Promo 25% OFF
1393,2338,30.0,2014-01-01,2015-12-30,Tuesday,Martes Promo 30% OFF
1394,2338,25.0,2014-01-01,2015-12-30,Friday,Viernes Promo 25% OFF
1395,2343,30.0,2014-01-01,2015-12-30,Tuesday,Martes Promo 30% OFF
1396,2343,25.0,2014-01-01,2015-12-30,Friday,Viernes Promo 25% OFF
1397,2335,30.0,2014-01-01,2015-12-30,Tuesday,Martes Promo 30% OFF
1398,2335,25.0,2014-01-01,2015-12-30,Friday,Viernes Promo 25% OFF
1399,2322,30.0,2014-01-01,2015-12-30,Tuesday,Martes Promo 30% OFF
1400,2322,25.0,2014-01-01,2015-12-30,Friday,Viernes Promo 25% OFF
1401,2324,30.0,2014-01-01,2015-12-30,Tuesday,Martes Promo 30% OFF
1402,2324,25.0,2014-01-01,2015-12-30,Friday,Viernes Promo 25% OFF
1403,2336,30.0,2014-01-01,2015-12-30,Tuesday,Martes Promo 30% OFF
1404,2336,25.0,2014-01-01,2015-12-30,Friday,Viernes Promo 25% OFF
1405,1881,30.0,2014-01-01,2015-12-30,Tuesday,Martes Promo 30% OFF
1406,1881,25.0,2014-01-01,2015-12-30,Friday,Viernes Promo 25% OFF
1407,2852,30.0,2014-01-01,2015-12-30,Tuesday,Martes Promo 30% OFF
1408,2852,25.0,2014-01-01,2015-12-30,Friday,Viernes Promo 25% OFF
1409,2331,30.0,2014-01-01,2015-12-30,Tuesday,Martes Promo 30% OFF
1410,2331,25.0,2014-01-01,2015-12-30,Friday,Viernes Promo 25% OFF
1411,1442,30.0,2014-01-01,2015-12-30,Tuesday,Martes Promo 30% OFF
1412,1442,25.0,2014-01-01,2015-12-30,Friday,Viernes Promo 25% OFF
1413,1441,30.0,2014-01-01,2015-12-30,Tuesday,Martes Promo 30% OFF
1414,1441,25.0,2014-01-01,2015-12-30,Friday,Viernes Promo 25% OFF
1415,1749,30.0,2014-01-01,2015-12-30,Tuesday,Martes Promo 30% OFF
1416,1749,25.0,2014-01-01,2015-12-30,Friday,Viernes Promo 25% OFF
1417,1735,30.0,2014-01-01,2015-12-30,Tuesday,Martes Promo 30% OFF
1418,1735,25.0,2014-01-01,2015-12-30,Friday,Viernes Promo 25% OFF
1419,2586,30.0,2014-01-01,2015-12-30,Tuesday,Martes Promo 30% OFF
1420,2586,25.0,2014-01-01,2015-12-30,Friday,Viernes Promo 25% OFF
1421,29,30.0,2014-01-01,2015-12-30,Tuesday,Martes Promo 30% OFF
1422,29,25.0,2014-01-01,2015-12-30,Friday,Viernes Promo 25% OFF
1423,2773,30.0,2014-01-01,2015-12-30,Tuesday,Martes Promo 30% OFF
1424,2773,25.0,2014-01-01,2015-12-30,Friday,Viernes Promo 25% OFF
1425,2772,30.0,2014-01-01,2015-12-30,Tuesday,Martes Promo 30% OFF
1426,2772,25.0,2014-01-01,2015-12-30,Friday,Viernes Promo 25% OFF
1427,2771,30.0,2014-01-01,2015-12-30,Tuesday,Martes Promo 30% OFF
1428,2771,25.0,2014-01-01,2015-12-30,Friday,Viernes Promo 25% OFF
1429,27,30.0,2014-01-01,2015-12-30,Tuesday,Martes Promo 30% OFF
1430,27,25.0,2014-01-01,2015-12-30,Friday,Viernes Promo 25% OFF
1431,2243,30.0,2014-01-01,2015-12-30,Tuesday,Martes Promo 30% OFF
1432,2243,25.0,2014-01-01,2015-12-30,Friday,Viernes Promo 25% OFF
1433,334,30.0,2014-01-01,2015-12-30,Tuesday,Martes Promo 30% OFF
1434,334,25.0,2014-01-01,2015-12-30,Friday,Viernes Promo 25% OFF
1435,1157,30.0,2014-01-01,2015-12-30,Tuesday,Martes Promo 30% OFF
1436,1157,25.0,2014-01-01,2015-12-30,Friday,Viernes Promo 25% OFF
1437,2686,30.0,2014-01-01,2015-12-30,Tuesday,Martes Promo 30% OFF
1438,2686,25.0,2014-01-01,2015-12-30,Friday,Viernes Promo 25% OFF
1439,968,30.0,2014-01-01,2015-12-30,Tuesday,Martes Promo 30% OFF
1440,968,25.0,2014-01-01,2015-12-30,Friday,Viernes Promo 25% OFF
1441,1350,30.0,2014-01-01,2015-12-30,Tuesday,Martes Promo 30% OFF
1442,1350,25.0,2014-01-01,2015-12-30,Friday,Viernes Promo 25% OFF
1443,704,30.0,2014-01-01,2015-12-30,Tuesday,Martes Promo 30% OFF
1444,704,25.0,2014-01-01,2015-12-30,Friday,Viernes Promo 25% OFF
1445,2830,30.0,2014-01-01,2015-12-30,Tuesday,Martes Promo 30% OFF
1446,2830,25.0,2014-01-01,2015-12-30,Friday,Viernes Promo 25% OFF
1447,1815,30.0,2014-01-01,2015-12-30,Tuesday,Martes Promo 30% OFF
1448,1815,25.0,2014-01-01,2015-12-30,Friday,Viernes Promo 25% OFF
1449,2245,30.0,2014-01-01,2015-12-30,Tuesday,Martes Promo 30% OFF
1450,2245,25.0,2014-01-01,2015-12-30,Friday,Viernes Promo 25% OFF
1451,2466,30.0,2014-01-01,2015-12-30,Tuesday,Martes Promo 30% OFF
1452,2466,25.0,2014-01-01,2015-12-30,Friday,Viernes Promo 25% OFF
1453,2275,30.0,2014-01-01,2015-12-30,Tuesday,Martes Promo 30% OFF
1454,2275,25.0,2014-01-01,2015-12-30,Friday,Viernes Promo 25% OFF
1455,3107,30.0,2014-01-01,2015-12-30,Tuesday,Martes Promo 30% OFF
1456,3107,25.0,2014-01-01,2015-12-30,Friday,Viernes Promo 25% OFF
1457,866,30.0,2014-01-01,2015-12-30,Tuesday,Martes Promo 30% OFF
1458,866,25.0,2014-01-01,2015-12-30,Friday,Viernes Promo 25% OFF
1459,2627,30.0,2014-01-01,2015-12-30,Tuesday,Martes Promo 30% OFF
1460,2627,25.0,2014-01-01,2015-12-30,Friday,Viernes Promo 25% OFF
1461,3318,30.0,2014-01-01,2015-12-30,Tuesday,Martes Promo 30% OFF
1462,3318,25.0,2014-01-01,2015-12-30,Friday,Viernes Promo 25% OFF
1463,3398,30.0,2014-01-01,2015-12-30,Tuesday,Martes Promo 30% OFF
1464,3398,25.0,2014-01-01,2015-12-30,Friday,Viernes Promo 25% OFF
1465,188,30.0,2014-01-01,2015-12-30,Tuesday,Martes Promo 30% OFF
1466,188,25.0,2014-01-01,2015-12-30,Friday,Viernes Promo 25% OFF
1467,176,30.0,2014-01-01,2015-12-30,Tuesday,Martes Promo 30% OFF
1468,176,25.0,2014-01-01,2015-12-30,Friday,Viernes Promo 25% OFF
1469,1587,30.0,2014-01-01,2015-12-30,Tuesday,Martes Promo 30% OFF
1470,1587,25.0,2014-01-01,2015-12-30,Friday,Viernes Promo 25% OFF
1471,2803,30.0,2014-01-01,2015-12-30,Tuesday,Martes Promo 30% OFF
1472,2803,25.0,2014-01-01,2015-12-30,Friday,Viernes Promo 25% OFF
1473,699,30.0,2014-01-01,2015-12-30,Tuesday,Martes Promo 30% OFF
1474,699,25.0,2014-01-01,2015-12-30,Friday,Viernes Promo 25% OFF
1475,3500,30.0,2014-01-01,2015-12-30,Tuesday,Martes Promo 30% OFF
1476,3500,25.0,2014-01-01,2015-12-30,Friday,Viernes Promo 25% OFF
1477,2683,30.0,2014-01-01,2015-12-30,Tuesday,Martes Promo 30% OFF
1478,2683,25.0,2014-01-01,2015-12-30,Friday,Viernes Promo 25% OFF
1479,1062,30.0,2014-01-01,2015-12-30,Tuesday,Martes Promo 30% OFF
1480,1062,25.0,2014-01-01,2015-12-30,Friday,Viernes Promo 25% OFF
1481,3540,30.0,2014-01-01,2015-12-30,Tuesday,Martes Promo 30% OFF
1482,3540,25.0,2014-01-01,2015-12-30,Friday,Viernes Promo 25% OFF
1483,3286,30.0,2014-01-01,2015-12-30,Tuesday,Martes Promo 30% OFF
1484,3286,25.0,2014-01-01,2015-12-30,Friday,Viernes Promo 25% OFF
1485,2685,30.0,2014-01-01,2015-12-30,Tuesday,Martes Promo 30% OFF
1486,2685,25.0,2014-01-01,2015-12-30,Friday,Viernes Promo 25% OFF
1487,2402,30.0,2014-01-01,2015-12-30,Tuesday,Martes Promo 30% OFF
1488,2402,25.0,2014-01-01,2015-12-30,Friday,Viernes Promo 25% OFF
1489,175,30.0,2014-01-01,2015-12-30,Tuesday,Martes Promo 30% OFF
1490,175,25.0,2014-01-01,2015-12-30,Friday,Viernes Promo 25% OFF
1491,3188,30.0,2014-01-01,2015-12-30,Tuesday,Martes Promo 30% OFF
1492,3188,25.0,2014-01-01,2015-12-30,Friday,Viernes Promo 25% OFF
1493,774,30.0,2014-01-01,2015-12-30,Tuesday,Martes Promo 30% OFF
1494,774,25.0,2014-01-01,2015-12-30,Friday,Viernes Promo 25% OFF
1495,776,30.0,2014-01-01,2015-12-30,Tuesday,Martes Promo 30% OFF
1496,776,25.0,2014-01-01,2015-12-30,Friday,Viernes Promo 25% OFF
1497,1675,30.0,2014-01-01,2015-12-30,Tuesday,Martes Promo 30% OFF
1498,1675,25.0,2014-01-01,2015-12-30,Friday,Viernes Promo 25% OFF
1499,1907,30.0,2014-01-01,2015-12-30,Tuesday,Martes Promo 30% OFF
1500,1907,25.0,2014-01-01,2015-12-30,Friday,Viernes Promo 25% OFF
1501,3376,30.0,2014-01-01,2015-12-30,Tuesday,Martes Promo 30% OFF
1502,3376,25.0,2014-01-01,2015-12-30,Friday,Viernes Promo 25% OFF
1503,1523,30.0,2014-01-01,2015-12-30,Tuesday,Martes Promo 30% OFF
1504,1523,25.0,2014-01-01,2015-12-30,Friday,Viernes Promo 25% OFF
1505,1196,30.0,2014-01-01,2015-12-30,Tuesday,Martes Promo 30% OFF
1506,1196,25.0,2014-01-01,2015-12-30,Friday,Viernes Promo 25% OFF
1507,36,30.0,2014-01-01,2015-12-30,Tuesday,Martes Promo 30% OFF
1508,36,25.0,2014-01-01,2015-12-30,Friday,Viernes Promo 25% OFF
1509,895,30.0,2014-01-01,2015-12-30,Tuesday,Martes Promo 30% OFF
1510,895,25.0,2014-01-01,2015-12-30,Friday,Viernes Promo 25% OFF
1511,1048,30.0,2014-01-01,2015-12-30,Tuesday,Martes Promo 30% OFF
1512,1048,25.0,2014-01-01,2015-12-30,Friday,Viernes Promo 25% OFF
1513,1064,30.0,2014-01-01,2015-12-30,Tuesday,Martes Promo 30% OFF
1514,1064,25.0,2014-01-01,2015-12-30,Friday,Viernes Promo 25% OFF
1515,2958,30.0,2014-01-01,2015-12-30,Tuesday,Martes Promo 30% OFF
1516,2958,25.0,2014-01-01,2015-12-30,Friday,Viernes Promo 25% OFF
1517,924,30.0,2014-01-01,2015-12-30,Tuesday,Martes Promo 30% OFF
1518,924,25.0,2014-01-01,2015-12-30,Friday,Viernes Promo 25% OFF
1519,3733,30.0,2014-01-01,2015-12-30,Tuesday,Martes Promo 30% OFF
1520,3733,25.0,2014-01-01,2015-12-30,Friday,Viernes Promo 25% OFF
1521,2804,30.0,2014-01-01,2015-12-30,Tuesday,Martes Promo 30% OFF
1522,2804,25.0,2014-01-01,2015-12-30,Friday,Viernes Promo 25% OFF
1523,407,30.0,2014-01-01,2015-12-30,Tuesday,Martes Promo 30% OFF
1524,407,25.0,2014-01-01,2015-12-30,Friday,Viernes Promo 25% OFF
1525,685,30.0,2014-01-01,2015-12-30,Tuesday,Martes Promo 30% OFF
1526,685,25.0,2014-01-01,2015-12-30,Friday,Viernes Promo 25% OFF
1527,690,30.0,2014-01-01,2015-12-30,Tuesday,Martes Promo 30% OFF
1528,690,25.0,2014-01-01,2015-12-30,Friday,Viernes Promo 25% OFF
1529,1994,30.0,2014-01-01,2015-12-30,Tuesday,Martes Promo 30% OFF
1530,1994,25.0,2014-01-01,2015-12-30,Friday,Viernes Promo 25% OFF
1531,1946,30.0,2014-01-01,2015-12-30,Tuesday,Martes Promo 30% OFF
1532,1946,25.0,2014-01-01,2015-12-30,Friday,Viernes Promo 25% OFF
1533,2371,30.0,2014-01-01,2015-12-30,Tuesday,Martes Promo 30% OFF
1534,2371,25.0,2014-01-01,2015-12-30,Friday,Viernes Promo 25% OFF
1535,596,30.0,2014-01-01,2015-12-30,Tuesday,Martes Promo 30% OFF
1536,596,25.0,2014-01-01,2015-12-30,Friday,Viernes Promo 25% OFF
1537,420,30.0,2014-01-01,2015-12-30,Tuesday,Martes Promo 30% OFF
1538,420,25.0,2014-01-01,2015-12-30,Friday,Viernes Promo 25% OFF
1539,4000,30.0,2014-01-01,2015-12-30,Tuesday,Martes Promo 30% OFF
1540,4000,25.0,2014-01-01,2015-12-30,Friday,Viernes Promo 25% OFF
1541,2859,30.0,2014-01-01,2015-12-30,Tuesday,Martes Promo 30% OFF
1542,2859,25.0,2014-01-01,2015-12-30,Friday,Viernes Promo 25% OFF
1543,3591,30.0,2014-01-01,2015-12-30,Tuesday,Martes Promo 30% OFF
1544,3591,25.0,2014-01-01,2015-12-30,Friday,Viernes Promo 25% OFF
1545,1007,30.0,2014-01-01,2015-12-30,Tuesday,Martes Promo 30% OFF
1546,1007,25.0,2014-01-01,2015-12-30,Friday,Viernes Promo 25% OFF
1547,643,30.0,2014-01-01,2015-12-30,Tuesday,Martes Promo 30% OFF
1548,643,25.0,2014-01-01,2015-12-30,Friday,Viernes Promo 25% OFF
1549,1830,30.0,2014-01-01,2015-12-30,Tuesday,Martes Promo 30% OFF
1550,1830,25.0,2014-01-01,2015-12-30,Friday,Viernes Promo 25% OFF
1551,1833,30.0,2014-01-01,2015-12-30,Tuesday,Martes Promo 30% OFF
1552,1833,25.0,2014-01-01,2015-12-30,Friday,Viernes Promo 25% OFF
1553,2375,30.0,2014-01-01,2015-12-30,Tuesday,Martes Promo 30% OFF
1554,2375,25.0,2014-01-01,2015-12-30,Friday,Viernes Promo 25% OFF
1555,495,30.0,2014-01-01,2015-12-30,Tuesday,Martes Promo 30% OFF
1556,495,25.0,2014-01-01,2015-12-30,Friday,Viernes Promo 25% OFF
1557,3056,30.0,2014-01-01,2015-12-30,Tuesday,Martes Promo 30% OFF
1558,3056,25.0,2014-01-01,2015-12-30,Friday,Viernes Promo 25% OFF
1559,771,30.0,2014-01-01,2015-12-30,Tuesday,Martes Promo 30% OFF
1560,771,25.0,2014-01-01,2015-12-30,Friday,Viernes Promo 25% OFF
1561,770,30.0,2014-01-01,2015-12-30,Tuesday,Martes Promo 30% OFF
1562,770,25.0,2014-01-01,2015-12-30,Friday,Viernes Promo 25% OFF
1563,1078,30.0,2014-01-01,2015-12-30,Tuesday,Martes Promo 30% OFF
1564,1078,25.0,2014-01-01,2015-12-30,Friday,Viernes Promo 25% OFF
1565,3673,30.0,2014-01-01,2015-12-30,Tuesday,Martes Promo 30% OFF
1566,3673,25.0,2014-01-01,2015-12-30,Friday,Viernes Promo 25% OFF
1567,1331,30.0,2014-01-01,2015-12-30,Tuesday,Martes Promo 30% OFF
1568,1331,25.0,2014-01-01,2015-12-30,Friday,Viernes Promo 25% OFF
1569,3348,30.0,2014-01-01,2015-12-30,Tuesday,Martes Promo 30% OFF
1570,3348,25.0,2014-01-01,2015-12-30,Friday,Viernes Promo 25% OFF
1571,2690,30.0,2014-01-01,2015-12-30,Tuesday,Martes Promo 30% OFF
1572,2690,25.0,2014-01-01,2015-12-30,Friday,Viernes Promo 25% OFF
1573,2689,30.0,2014-01-01,2015-12-30,Tuesday,Martes Promo 30% OFF
1574,2689,25.0,2014-01-01,2015-12-30,Friday,Viernes Promo 25% OFF
1575,2568,30.0,2014-01-01,2015-12-30,Tuesday,Martes Promo 30% OFF
1576,2568,25.0,2014-01-01,2015-12-30,Friday,Viernes Promo 25% OFF
1577,329,30.0,2014-01-01,2015-12-30,Tuesday,Martes Promo 30% OFF
1578,329,25.0,2014-01-01,2015-12-30,Friday,Viernes Promo 25% OFF
1579,594,30.0,2014-01-01,2015-12-30,Tuesday,Martes Promo 30% OFF
1580,594,25.0,2014-01-01,2015-12-30,Friday,Viernes Promo 25% OFF
1581,3661,30.0,2014-01-01,2015-12-30,Tuesday,Martes Promo 30% OFF
1582,3661,25.0,2014-01-01,2015-12-30,Friday,Viernes Promo 25% OFF
1583,3510,30.0,2014-01-01,2015-12-30,Tuesday,Martes Promo 30% OFF
1584,3510,25.0,2014-01-01,2015-12-30,Friday,Viernes Promo 25% OFF
1585,488,30.0,2014-01-01,2015-12-30,Tuesday,Martes Promo 30% OFF
1586,488,25.0,2014-01-01,2015-12-30,Friday,Viernes Promo 25% OFF
1587,927,30.0,2014-01-01,2015-12-30,Tuesday,Martes Promo 30% OFF
1588,927,25.0,2014-01-01,2015-12-30,Friday,Viernes Promo 25% OFF
1589,893,30.0,2014-01-01,2015-12-30,Tuesday,Martes Promo 30% OFF
1590,893,25.0,2014-01-01,2015-12-30,Friday,Viernes Promo 25% OFF
1591,1339,30.0,2014-01-01,2015-12-30,Tuesday,Martes Promo 30% OFF
1592,1339,25.0,2014-01-01,2015-12-30,Friday,Viernes Promo 25% OFF
1593,1348,30.0,2014-01-01,2015-12-30,Tuesday,Martes Promo 30% OFF
1594,1348,25.0,2014-01-01,2015-12-30,Friday,Viernes Promo 25% OFF
1595,1355,30.0,2014-01-01,2015-12-30,Tuesday,Martes Promo 30% OFF
1596,1355,25.0,2014-01-01,2015-12-30,Friday,Viernes Promo 25% OFF
1597,3118,30.0,2014-01-01,2015-12-30,Tuesday,Martes Promo 30% OFF
1598,3118,25.0,2014-01-01,2015-12-30,Friday,Viernes Promo 25% OFF
1599,287,30.0,2014-01-01,2015-12-30,Tuesday,Martes Promo 30% OFF
1600,287,25.0,2014-01-01,2015-12-30,Friday,Viernes Promo 25% OFF
1601,3394,30.0,2014-01-01,2015-12-30,Tuesday,Martes Promo 30% OFF
1602,3394,25.0,2014-01-01,2015-12-30,Friday,Viernes Promo 25% OFF
1603,696,30.0,2014-01-01,2015-12-30,Tuesday,Martes Promo 30% OFF
1604,696,25.0,2014-01-01,2015-12-30,Friday,Viernes Promo 25% OFF
1605,3410,30.0,2014-01-01,2015-12-30,Tuesday,Martes Promo 30% OFF
1606,3410,25.0,2014-01-01,2015-12-30,Friday,Viernes Promo 25% OFF
1607,2898,30.0,2014-01-01,2015-12-30,Tuesday,Martes Promo 30% OFF
1608,2898,25.0,2014-01-01,2015-12-30,Friday,Viernes Promo 25% OFF
1609,3531,30.0,2014-01-01,2015-12-30,Tuesday,Martes Promo 30% OFF
1610,3531,25.0,2014-01-01,2015-12-30,Friday,Viernes Promo 25% OFF
1611,639,30.0,2014-01-01,2015-12-30,Tuesday,Martes Promo 30% OFF
1612,639,25.0,2014-01-01,2015-12-30,Friday,Viernes Promo 25% OFF
1613,3295,30.0,2014-01-01,2015-12-30,Tuesday,Martes Promo 30% OFF
1614,3295,25.0,2014-01-01,2015-12-30,Friday,Viernes Promo 25% OFF
1615,3528,30.0,2014-01-01,2015-12-30,Tuesday,Martes Promo 30% OFF
1616,3528,25.0,2014-01-01,2015-12-30,Friday,Viernes Promo 25% OFF
1617,2308,30.0,2014-01-01,2015-12-30,Tuesday,Martes Promo 30% OFF
1618,2308,25.0,2014-01-01,2015-12-30,Friday,Viernes Promo 25% OFF
1619,170,30.0,2014-01-01,2015-12-30,Tuesday,Martes Promo 30% OFF
1620,170,25.0,2014-01-01,2015-12-30,Friday,Viernes Promo 25% OFF
1621,1215,30.0,2014-01-01,2015-12-30,Tuesday,Martes Promo 30% OFF
1622,1215,25.0,2014-01-01,2015-12-30,Friday,Viernes Promo 25% OFF
1623,1217,30.0,2014-01-01,2015-12-30,Tuesday,Martes Promo 30% OFF
1624,1217,25.0,2014-01-01,2015-12-30,Friday,Viernes Promo 25% OFF
1625,1216,30.0,2014-01-01,2015-12-30,Tuesday,Martes Promo 30% OFF
1626,1216,25.0,2014-01-01,2015-12-30,Friday,Viernes Promo 25% OFF
1627,1045,30.0,2014-01-01,2015-12-30,Tuesday,Martes Promo 30% OFF
1628,1045,25.0,2014-01-01,2015-12-30,Friday,Viernes Promo 25% OFF
1629,2255,30.0,2014-01-01,2015-12-30,Tuesday,Martes Promo 30% OFF
1630,2255,25.0,2014-01-01,2015-12-30,Friday,Viernes Promo 25% OFF
1631,1044,30.0,2014-01-01,2015-12-30,Tuesday,Martes Promo 30% OFF
1632,1044,25.0,2014-01-01,2015-12-30,Friday,Viernes Promo 25% OFF
1633,536,30.0,2014-01-01,2015-12-30,Tuesday,Martes Promo 30% OFF
1634,536,25.0,2014-01-01,2015-12-30,Friday,Viernes Promo 25% OFF
1635,539,30.0,2014-01-01,2015-12-30,Tuesday,Martes Promo 30% OFF
1636,539,25.0,2014-01-01,2015-12-30,Friday,Viernes Promo 25% OFF
1637,2053,30.0,2014-01-01,2015-12-30,Tuesday,Martes Promo 30% OFF
1638,2053,25.0,2014-01-01,2015-12-30,Friday,Viernes Promo 25% OFF
1639,2050,30.0,2014-01-01,2015-12-30,Tuesday,Martes Promo 30% OFF
1640,2050,25.0,2014-01-01,2015-12-30,Friday,Viernes Promo 25% OFF
1641,2049,30.0,2014-01-01,2015-12-30,Tuesday,Martes Promo 30% OFF
1642,2049,25.0,2014-01-01,2015-12-30,Friday,Viernes Promo 25% OFF
1643,196,30.0,2014-01-01,2015-12-30,Tuesday,Martes Promo 30% OFF
1644,196,25.0,2014-01-01,2015-12-30,Friday,Viernes Promo 25% OFF
1645,2114,30.0,2014-01-01,2015-12-30,Tuesday,Martes Promo 30% OFF
1646,2114,25.0,2014-01-01,2015-12-30,Friday,Viernes Promo 25% OFF
1647,660,30.0,2014-01-01,2015-12-30,Tuesday,Martes Promo 30% OFF
1648,660,25.0,2014-01-01,2015-12-30,Friday,Viernes Promo 25% OFF
1649,3526,30.0,2014-01-01,2015-12-30,Tuesday,Martes Promo 30% OFF
1650,3526,25.0,2014-01-01,2015-12-30,Friday,Viernes Promo 25% OFF
1651,3153,30.0,2014-01-01,2015-12-30,Tuesday,Martes Promo 30% OFF
1652,3153,25.0,2014-01-01,2015-12-30,Friday,Viernes Promo 25% OFF
1653,2277,30.0,2014-01-01,2015-12-30,Tuesday,Martes Promo 30% OFF
1654,2277,25.0,2014-01-01,2015-12-30,Friday,Viernes Promo 25% OFF
1655,2276,30.0,2014-01-01,2015-12-30,Tuesday,Martes Promo 30% OFF
1656,2276,25.0,2014-01-01,2015-12-30,Friday,Viernes Promo 25% OFF
1657,2678,30.0,2014-01-01,2015-12-30,Tuesday,Martes Promo 30% OFF
1658,2678,25.0,2014-01-01,2015-12-30,Friday,Viernes Promo 25% OFF
1659,1490,30.0,2014-01-01,2015-12-30,Tuesday,Martes Promo 30% OFF
1660,1490,25.0,2014-01-01,2015-12-30,Friday,Viernes Promo 25% OFF
1661,799,30.0,2014-01-01,2015-12-30,Tuesday,Martes Promo 30% OFF
1662,799,25.0,2014-01-01,2015-12-30,Friday,Viernes Promo 25% OFF
1663,2865,30.0,2014-01-01,2015-12-30,Tuesday,Martes Promo 30% OFF
1664,2865,25.0,2014-01-01,2015-12-30,Friday,Viernes Promo 25% OFF
1665,2270,30.0,2014-01-01,2015-12-30,Tuesday,Martes Promo 30% OFF
1666,2270,25.0,2014-01-01,2015-12-30,Friday,Viernes Promo 25% OFF
1667,3109,30.0,2014-01-01,2015-12-30,Tuesday,Martes Promo 30% OFF
1668,3109,25.0,2014-01-01,2015-12-30,Friday,Viernes Promo 25% OFF
1669,1543,30.0,2014-01-01,2015-12-30,Tuesday,Martes Promo 30% OFF
1670,1543,25.0,2014-01-01,2015-12-30,Friday,Viernes Promo 25% OFF
1671,430,30.0,2014-01-01,2015-12-30,Tuesday,Martes Promo 30% OFF
1672,430,25.0,2014-01-01,2015-12-30,Friday,Viernes Promo 25% OFF
1673,2236,30.0,2014-01-01,2015-12-30,Tuesday,Martes Promo 30% OFF
1674,2236,25.0,2014-01-01,2015-12-30,Friday,Viernes Promo 25% OFF
1675,794,30.0,2014-01-01,2015-12-30,Tuesday,Martes Promo 30% OFF
1676,794,25.0,2014-01-01,2015-12-30,Friday,Viernes Promo 25% OFF
1677,1925,30.0,2014-01-01,2015-12-30,Tuesday,Martes Promo 30% OFF
1678,1925,25.0,2014-01-01,2015-12-30,Friday,Viernes Promo 25% OFF
1679,3907,30.0,2014-01-01,2015-12-30,Tuesday,Martes Promo 30% OFF
1680,3907,25.0,2014-01-01,2015-12-30,Friday,Viernes Promo 25% OFF
1681,3166,30.0,2014-01-01,2015-12-30,Tuesday,Martes Promo 30% OFF
1682,3166,25.0,2014-01-01,2015-12-30,Friday,Viernes Promo 25% OFF
1683,3923,30.0,2014-01-01,2015-12-30,Tuesday,Martes Promo 30% OFF
1684,3923,25.0,2014-01-01,2015-12-30,Friday,Viernes Promo 25% OFF
1685,2947,30.0,2014-01-01,2015-12-30,Tuesday,Martes Promo 30% OFF
1686,2947,25.0,2014-01-01,2015-12-30,Friday,Viernes Promo 25% OFF
1687,764,30.0,2014-01-01,2015-12-30,Tuesday,Martes Promo 30% OFF
1688,764,25.0,2014-01-01,2015-12-30,Friday,Viernes Promo 25% OFF
1689,1813,30.0,2014-01-01,2015-12-30,Tuesday,Martes Promo 30% OFF
1690,1813,25.0,2014-01-01,2015-12-30,Friday,Viernes Promo 25% OFF
1691,3163,30.0,2014-01-01,2015-12-30,Tuesday,Martes Promo 30% OFF
1692,3163,25.0,2014-01-01,2015-12-30,Friday,Viernes Promo 25% OFF
1693,3167,30.0,2014-01-01,2015-12-30,Tuesday,Martes Promo 30% OFF
1694,3167,25.0,2014-01-01,2015-12-30,Friday,Viernes Promo 25% OFF
1695,3164,30.0,2014-01-01,2015-12-30,Tuesday,Martes Promo 30% OFF
1696,3164,25.0,2014-01-01,2015-12-30,Friday,Viernes Promo 25% OFF
1697,3517,30.0,2014-01-01,2015-12-30,Tuesday,Martes Promo 30% OFF
1698,3517,25.0,2014-01-01,2015-12-30,Friday,Viernes Promo 25% OFF
1699,1492,30.0,2014-01-01,2015-12-30,Tuesday,Martes Promo 30% OFF
1700,1492,25.0,2014-01-01,2015-12-30,Friday,Viernes Promo 25% OFF
1701,1424,30.0,2014-01-01,2015-12-30,Tuesday,Martes Promo 30% OFF
1702,1424,25.0,2014-01-01,2015-12-30,Friday,Viernes Promo 25% OFF
1703,757,30.0,2014-01-01,2015-12-30,Tuesday,Martes Promo 30% OFF
1704,757,25.0,2014-01-01,2015-12-30,Friday,Viernes Promo 25% OFF
1705,3535,30.0,2014-01-01,2015-12-30,Tuesday,Martes Promo 30% OFF
1706,3535,25.0,2014-01-01,2015-12-30,Friday,Viernes Promo 25% OFF
1707,317,30.0,2014-01-01,2015-12-30,Tuesday,Martes Promo 30% OFF
1708,317,25.0,2014-01-01,2015-12-30,Friday,Viernes Promo 25% OFF
1709,3908,30.0,2014-01-01,2015-12-30,Tuesday,Martes Promo 30% OFF
1710,3908,25.0,2014-01-01,2015-12-30,Friday,Viernes Promo 25% OFF
1711,2061,30.0,2014-01-01,2015-12-30,Tuesday,Martes Promo 30% OFF
1712,2061,25.0,2014-01-01,2015-12-30,Friday,Viernes Promo 25% OFF
1713,632,30.0,2014-01-01,2015-12-30,Tuesday,Martes Promo 30% OFF
1714,632,25.0,2014-01-01,2015-12-30,Friday,Viernes Promo 25% OFF
1715,623,30.0,2014-01-01,2015-12-30,Tuesday,Martes Promo 30% OFF
1716,623,25.0,2014-01-01,2015-12-30,Friday,Viernes Promo 25% OFF
1717,1053,30.0,2014-01-01,2015-12-30,Tuesday,Martes Promo 30% OFF
1718,1053,25.0,2014-01-01,2015-12-30,Friday,Viernes Promo 25% OFF
1719,3900,30.0,2014-01-01,2015-12-30,Tuesday,Martes Promo 30% OFF
1720,3900,25.0,2014-01-01,2015-12-30,Friday,Viernes Promo 25% OFF
1721,2033,30.0,2014-01-01,2015-12-30,Tuesday,Martes Promo 30% OFF
1722,2033,25.0,2014-01-01,2015-12-30,Friday,Viernes Promo 25% OFF
1723,4006,30.0,2014-01-01,2015-12-30,Tuesday,Martes Promo 30% OFF
1724,4006,25.0,2014-01-01,2015-12-30,Friday,Viernes Promo 25% OFF
1725,3893,30.0,2014-01-01,2015-12-30,Tuesday,Martes Promo 30% OFF
1726,3893,25.0,2014-01-01,2015-12-30,Friday,Viernes Promo 25% OFF
1727,3548,30.0,2014-01-01,2015-12-30,Tuesday,Martes Promo 30% OFF
1728,3548,25.0,2014-01-01,2015-12-30,Friday,Viernes Promo 25% OFF
1729,3371,30.0,2014-01-01,2015-12-30,Tuesday,Martes Promo 30% OFF
1730,3371,25.0,2014-01-01,2015-12-30,Friday,Viernes Promo 25% OFF
1731,3413,30.0,2014-01-01,2015-12-30,Tuesday,Martes Promo 30% OFF
1732,3413,25.0,2014-01-01,2015-12-30,Friday,Viernes Promo 25% OFF
1733,3375,30.0,2014-01-01,2015-12-30,Tuesday,Martes Promo 30% OFF
1734,3375,25.0,2014-01-01,2015-12-30,Friday,Viernes Promo 25% OFF
1735,3228,30.0,2014-01-01,2015-12-30,Tuesday,Martes Promo 30% OFF
1736,3228,25.0,2014-01-01,2015-12-30,Friday,Viernes Promo 25% OFF
1737,2658,30.0,2014-01-01,2015-12-30,Tuesday,Martes Promo 30% OFF
1738,2658,25.0,2014-01-01,2015-12-30,Friday,Viernes Promo 25% OFF
1739,1532,30.0,2014-01-01,2015-12-30,Tuesday,Martes Promo 30% OFF
1740,1532,25.0,2014-01-01,2015-12-30,Friday,Viernes Promo 25% OFF
1741,1195,30.0,2014-01-01,2015-12-30,Tuesday,Martes Promo 30% OFF
1742,1195,25.0,2014-01-01,2015-12-30,Friday,Viernes Promo 25% OFF
1743,773,30.0,2014-01-01,2015-12-30,Tuesday,Martes Promo 30% OFF
1744,773,25.0,2014-01-01,2015-12-30,Friday,Viernes Promo 25% OFF
1745,347,30.0,2014-01-01,2015-12-30,Tuesday,Martes Promo 30% OFF
1746,347,25.0,2014-01-01,2015-12-30,Friday,Viernes Promo 25% OFF
1747,19,30.0,2014-01-01,2015-12-30,Tuesday,Martes Promo 30% OFF
1748,19,25.0,2014-01-01,2015-12-30,Friday,Viernes Promo 25% OFF
1749,638,30.0,2014-01-01,2015-12-30,Tuesday,Martes Promo 30% OFF
1750,638,25.0,2014-01-01,2015-12-30,Friday,Viernes Promo 25% OFF
1751,3922,30.0,2014-01-01,2015-12-30,Tuesday,Martes Promo 30% OFF
1752,3922,25.0,2014-01-01,2015-12-30,Friday,Viernes Promo 25% OFF
1753,1257,30.0,2014-01-01,2015-12-30,Tuesday,Martes Promo 30% OFF
1754,1257,25.0,2014-01-01,2015-12-30,Friday,Viernes Promo 25% OFF
1755,3670,30.0,2014-01-01,2015-12-30,Tuesday,Martes Promo 30% OFF
1756,3670,25.0,2014-01-01,2015-12-30,Friday,Viernes Promo 25% OFF
1757,1123,30.0,2014-01-01,2015-12-30,Tuesday,Martes Promo 30% OFF
1758,1123,25.0,2014-01-01,2015-12-30,Friday,Viernes Promo 25% OFF
1759,3014,30.0,2014-01-01,2015-12-30,Tuesday,Martes Promo 30% OFF
1760,3014,25.0,2014-01-01,2015-12-30,Friday,Viernes Promo 25% OFF
1761,2598,30.0,2014-01-01,2015-12-30,Tuesday,Martes Promo 30% OFF
1762,2598,25.0,2014-01-01,2015-12-30,Friday,Viernes Promo 25% OFF
1763,88,30.0,2014-01-01,2015-12-30,Tuesday,Martes Promo 30% OFF
1764,88,25.0,2014-01-01,2015-12-30,Friday,Viernes Promo 25% OFF
1765,2526,30.0,2014-01-01,2015-12-30,Tuesday,Martes Promo 30% OFF
1766,2526,25.0,2014-01-01,2015-12-30,Friday,Viernes Promo 25% OFF
1767,3582,30.0,2014-01-01,2015-12-30,Tuesday,Martes Promo 30% OFF
1768,3582,25.0,2014-01-01,2015-12-30,Friday,Viernes Promo 25% OFF
1769,47,30.0,2014-01-01,2015-12-30,Tuesday,Martes Promo 30% OFF
1770,47,25.0,2014-01-01,2015-12-30,Friday,Viernes Promo 25% OFF
1771,723,30.0,2014-01-01,2015-12-30,Tuesday,Martes Promo 30% OFF
1772,723,25.0,2014-01-01,2015-12-30,Friday,Viernes Promo 25% OFF
1773,2158,30.0,2014-01-01,2015-12-30,Tuesday,Martes Promo 30% OFF
1774,2158,25.0,2014-01-01,2015-12-30,Friday,Viernes Promo 25% OFF
1775,2161,30.0,2014-01-01,2015-12-30,Tuesday,Martes Promo 30% OFF
1776,2161,25.0,2014-01-01,2015-12-30,Friday,Viernes Promo 25% OFF
1777,683,30.0,2014-01-01,2015-12-30,Tuesday,Martes Promo 30% OFF
1778,683,25.0,2014-01-01,2015-12-30,Friday,Viernes Promo 25% OFF
1779,684,30.0,2014-01-01,2015-12-30,Tuesday,Martes Promo 30% OFF
1780,684,25.0,2014-01-01,2015-12-30,Friday,Viernes Promo 25% OFF
1781,874,30.0,2014-01-01,2015-12-30,Tuesday,Martes Promo 30% OFF
1782,874,25.0,2014-01-01,2015-12-30,Friday,Viernes Promo 25% OFF
1783,2942,30.0,2014-01-01,2015-12-30,Tuesday,Martes Promo 30% OFF
1784,2942,25.0,2014-01-01,2015-12-30,Friday,Viernes Promo 25% OFF
1785,134,30.0,2014-01-01,2015-12-30,Tuesday,Martes Promo 30% OFF
1786,134,25.0,2014-01-01,2015-12-30,Friday,Viernes Promo 25% OFF
1787,658,30.0,2014-01-01,2015-12-30,Tuesday,Martes Promo 30% OFF
1788,658,25.0,2014-01-01,2015-12-30,Friday,Viernes Promo 25% OFF
1789,1985,30.0,2014-01-01,2015-12-30,Tuesday,Martes Promo 30% OFF
1790,1985,25.0,2014-01-01,2015-12-30,Friday,Viernes Promo 25% OFF
1791,543,30.0,2014-01-01,2015-12-30,Tuesday,Martes Promo 30% OFF
1792,543,25.0,2014-01-01,2015-12-30,Friday,Viernes Promo 25% OFF
1793,1527,30.0,2014-01-01,2015-12-30,Tuesday,Martes Promo 30% OFF
1794,1527,25.0,2014-01-01,2015-12-30,Friday,Viernes Promo 25% OFF
1795,2377,30.0,2014-01-01,2015-12-30,Tuesday,Martes Promo 30% OFF
1796,2377,25.0,2014-01-01,2015-12-30,Friday,Viernes Promo 25% OFF
1797,846,30.0,2014-01-01,2015-12-30,Tuesday,Martes Promo 30% OFF
1798,846,25.0,2014-01-01,2015-12-30,Friday,Viernes Promo 25% OFF
1799,3518,30.0,2014-01-01,2015-12-30,Tuesday,Martes Promo 30% OFF
1800,3518,25.0,2014-01-01,2015-12-30,Friday,Viernes Promo 25% OFF
1801,1879,30.0,2014-01-01,2015-12-30,Tuesday,Martes Promo 30% OFF
1802,1879,25.0,2014-01-01,2015-12-30,Friday,Viernes Promo 25% OFF
1803,1959,30.0,2014-01-01,2015-12-30,Tuesday,Martes Promo 30% OFF
1804,1959,25.0,2014-01-01,2015-12-30,Friday,Viernes Promo 25% OFF
1805,1967,30.0,2014-01-01,2015-12-30,Tuesday,Martes Promo 30% OFF
1806,1967,25.0,2014-01-01,2015-12-30,Friday,Viernes Promo 25% OFF
1807,1964,30.0,2014-01-01,2015-12-30,Tuesday,Martes Promo 30% OFF
1808,1964,25.0,2014-01-01,2015-12-30,Friday,Viernes Promo 25% OFF
1809,1956,30.0,2014-01-01,2015-12-30,Tuesday,Martes Promo 30% OFF
1810,1956,25.0,2014-01-01,2015-12-30,Friday,Viernes Promo 25% OFF
1811,3812,30.0,2014-01-01,2015-12-30,Tuesday,Martes Promo 30% OFF
1812,3812,25.0,2014-01-01,2015-12-30,Friday,Viernes Promo 25% OFF
1813,316,30.0,2014-01-01,2015-12-30,Tuesday,Martes Promo 30% OFF
1814,316,25.0,2014-01-01,2015-12-30,Friday,Viernes Promo 25% OFF
1815,1859,30.0,2014-01-01,2015-12-30,Tuesday,Martes Promo 30% OFF
1816,1859,25.0,2014-01-01,2015-12-30,Friday,Viernes Promo 25% OFF
1817,2833,30.0,2014-01-01,2015-12-30,Tuesday,Martes Promo 30% OFF
1818,2833,25.0,2014-01-01,2015-12-30,Friday,Viernes Promo 25% OFF
1819,3466,30.0,2014-01-01,2015-12-30,Tuesday,Martes Promo 30% OFF
1820,3466,25.0,2014-01-01,2015-12-30,Friday,Viernes Promo 25% OFF
1821,3238,30.0,2014-01-01,2015-12-30,Tuesday,Martes Promo 30% OFF
1822,3238,25.0,2014-01-01,2015-12-30,Friday,Viernes Promo 25% OFF
1823,3113,30.0,2014-01-01,2015-12-30,Tuesday,Martes Promo 30% OFF
1824,3113,25.0,2014-01-01,2015-12-30,Friday,Viernes Promo 25% OFF
1825,396,30.0,2014-01-01,2015-12-30,Tuesday,Martes Promo 30% OFF
1826,396,25.0,2014-01-01,2015-12-30,Friday,Viernes Promo 25% OFF
1827,56,30.0,2014-01-01,2015-12-30,Tuesday,Martes Promo 30% OFF
1828,56,25.0,2014-01-01,2015-12-30,Friday,Viernes Promo 25% OFF
1829,1539,30.0,2014-01-01,2015-12-30,Tuesday,Martes Promo 30% OFF
1830,1539,25.0,2014-01-01,2015-12-30,Friday,Viernes Promo 25% OFF
1831,2927,30.0,2014-01-01,2015-12-30,Tuesday,Martes Promo 30% OFF
1832,2927,25.0,2014-01-01,2015-12-30,Friday,Viernes Promo 25% OFF
1833,355,30.0,2014-01-01,2015-12-30,Tuesday,Martes Promo 30% OFF
1834,355,25.0,2014-01-01,2015-12-30,Friday,Viernes Promo 25% OFF
1835,2820,30.0,2014-01-01,2015-12-30,Tuesday,Martes Promo 30% OFF
1836,2820,25.0,2014-01-01,2015-12-30,Friday,Viernes Promo 25% OFF
1837,1162,30.0,2014-01-01,2015-12-30,Tuesday,Martes Promo 30% OFF
1838,1162,25.0,2014-01-01,2015-12-30,Friday,Viernes Promo 25% OFF
1839,234,30.0,2014-01-01,2015-12-30,Tuesday,Martes Promo 30% OFF
1840,234,25.0,2014-01-01,2015-12-30,Friday,Viernes Promo 25% OFF
1841,3174,30.0,2014-01-01,2015-12-30,Tuesday,Martes Promo 30% OFF
1842,3174,25.0,2014-01-01,2015-12-30,Friday,Viernes Promo 25% OFF
1843,1218,30.0,2014-01-01,2015-12-30,Tuesday,Martes Promo 30% OFF
1844,1218,25.0,2014-01-01,2015-12-30,Friday,Viernes Promo 25% OFF
1845,2002,30.0,2014-01-01,2015-12-30,Tuesday,Martes Promo 30% OFF
1846,2002,25.0,2014-01-01,2015-12-30,Friday,Viernes Promo 25% OFF
1847,3042,30.0,2014-01-01,2015-12-30,Tuesday,Martes Promo 30% OFF
1848,3042,25.0,2014-01-01,2015-12-30,Friday,Viernes Promo 25% OFF
1849,729,30.0,2014-01-01,2015-12-30,Tuesday,Martes Promo 30% OFF
1850,729,25.0,2014-01-01,2015-12-30,Friday,Viernes Promo 25% OFF
1851,1882,30.0,2014-01-01,2015-12-30,Tuesday,Martes Promo 30% OFF
1852,1882,25.0,2014-01-01,2015-12-30,Friday,Viernes Promo 25% OFF
1853,1716,30.0,2014-01-01,2015-12-30,Tuesday,Martes Promo 30% OFF
1854,1716,25.0,2014-01-01,2015-12-30,Friday,Viernes Promo 25% OFF
1855,721,30.0,2014-01-01,2015-12-30,Tuesday,Martes Promo 30% OFF
1856,721,25.0,2014-01-01,2015-12-30,Friday,Viernes Promo 25% OFF
1857,792,30.0,2014-01-01,2015-12-30,Tuesday,Martes Promo 30% OFF
1858,792,25.0,2014-01-01,2015-12-30,Friday,Viernes Promo 25% OFF
1859,249,30.0,2014-01-01,2015-12-30,Tuesday,Martes Promo 30% OFF
1860,249,25.0,2014-01-01,2015-12-30,Friday,Viernes Promo 25% OFF
1861,248,30.0,2014-01-01,2015-12-30,Tuesday,Martes Promo 30% OFF
1862,248,25.0,2014-01-01,2015-12-30,Friday,Viernes Promo 25% OFF
1863,2963,30.0,2014-01-01,2015-12-30,Tuesday,Martes Promo 30% OFF
1864,2963,25.0,2014-01-01,2015-12-30,Friday,Viernes Promo 25% OFF
1865,2976,30.0,2014-01-01,2015-12-30,Tuesday,Martes Promo 30% OFF
1866,2976,25.0,2014-01-01,2015-12-30,Friday,Viernes Promo 25% OFF
1867,2832,30.0,2014-01-01,2015-12-30,Tuesday,Martes Promo 30% OFF
1868,2832,25.0,2014-01-01,2015-12-30,Friday,Viernes Promo 25% OFF
1869,3830,30.0,2014-01-01,2015-12-30,Tuesday,Martes Promo 30% OFF
1870,3830,25.0,2014-01-01,2015-12-30,Friday,Viernes Promo 25% OFF
1871,1318,30.0,2014-01-01,2015-12-30,Tuesday,Martes Promo 30% OFF
1872,1318,25.0,2014-01-01,2015-12-30,Friday,Viernes Promo 25% OFF
1873,583,30.0,2014-01-01,2015-12-30,Tuesday,Martes Promo 30% OFF
1874,583,25.0,2014-01-01,2015-12-30,Friday,Viernes Promo 25% OFF
1875,33,30.0,2014-01-01,2015-12-30,Tuesday,Martes Promo 30% OFF
1876,33,25.0,2014-01-01,2015-12-30,Friday,Viernes Promo 25% OFF
1877,3248,30.0,2014-01-01,2015-12-30,Tuesday,Martes Promo 30% OFF
1878,3248,25.0,2014-01-01,2015-12-30,Friday,Viernes Promo 25% OFF
1879,1514,30.0,2014-01-01,2015-12-30,Tuesday,Martes Promo 30% OFF
1880,1514,25.0,2014-01-01,2015-12-30,Friday,Viernes Promo 25% OFF
1881,3914,30.0,2014-01-01,2015-12-30,Tuesday,Martes Promo 30% OFF
1882,3914,25.0,2014-01-01,2015-12-30,Friday,Viernes Promo 25% OFF
1883,3241,30.0,2014-01-01,2015-12-30,Tuesday,Martes Promo 30% OFF
1884,3241,25.0,2014-01-01,2015-12-30,Friday,Viernes Promo 25% OFF
1885,457,30.0,2014-01-01,2015-12-30,Tuesday,Martes Promo 30% OFF
1886,457,25.0,2014-01-01,2015-12-30,Friday,Viernes Promo 25% OFF
1887,2707,30.0,2014-01-01,2015-12-30,Tuesday,Martes Promo 30% OFF
1888,2707,25.0,2014-01-01,2015-12-30,Friday,Viernes Promo 25% OFF
1889,2708,30.0,2014-01-01,2015-12-30,Tuesday,Martes Promo 30% OFF
1890,2708,25.0,2014-01-01,2015-12-30,Friday,Viernes Promo 25% OFF
1891,266,30.0,2014-01-01,2015-12-30,Tuesday,Martes Promo 30% OFF
1892,266,25.0,2014-01-01,2015-12-30,Friday,Viernes Promo 25% OFF
1893,3425,30.0,2014-01-01,2015-12-30,Tuesday,Martes Promo 30% OFF
1894,3425,25.0,2014-01-01,2015-12-30,Friday,Viernes Promo 25% OFF
1895,1307,30.0,2014-01-01,2015-12-30,Tuesday,Martes Promo 30% OFF
1896,1307,25.0,2014-01-01,2015-12-30,Friday,Viernes Promo 25% OFF
1897,2465,30.0,2014-01-01,2015-12-30,Tuesday,Martes Promo 30% OFF
1898,2465,25.0,2014-01-01,2015-12-30,Friday,Viernes Promo 25% OFF
1899,2826,30.0,2014-01-01,2015-12-30,Tuesday,Martes Promo 30% OFF
1900,2826,25.0,2014-01-01,2015-12-30,Friday,Viernes Promo 25% OFF
1901,3560,30.0,2014-01-01,2015-12-30,Tuesday,Martes Promo 30% OFF
1902,3560,25.0,2014-01-01,2015-12-30,Friday,Viernes Promo 25% OFF
1903,1237,30.0,2014-01-01,2015-12-30,Tuesday,Martes Promo 30% OFF
1904,1237,25.0,2014-01-01,2015-12-30,Friday,Viernes Promo 25% OFF
1905,2453,30.0,2014-01-01,2015-12-30,Tuesday,Martes Promo 30% OFF
1906,2453,25.0,2014-01-01,2015-12-30,Friday,Viernes Promo 25% OFF
1907,3716,30.0,2014-01-01,2015-12-30,Tuesday,Martes Promo 30% OFF
1908,3716,25.0,2014-01-01,2015-12-30,Friday,Viernes Promo 25% OFF
1909,775,30.0,2014-01-01,2015-12-30,Tuesday,Martes Promo 30% OFF
1910,775,25.0,2014-01-01,2015-12-30,Friday,Viernes Promo 25% OFF
1911,1061,30.0,2014-01-01,2015-12-30,Tuesday,Martes Promo 30% OFF
1912,1061,25.0,2014-01-01,2015-12-30,Friday,Viernes Promo 25% OFF
1913,2082,30.0,2014-01-01,2015-12-30,Tuesday,Martes Promo 30% OFF
1914,2082,25.0,2014-01-01,2015-12-30,Friday,Viernes Promo 25% OFF
1915,2661,30.0,2014-01-01,2015-12-30,Tuesday,Martes Promo 30% OFF
1916,2661,25.0,2014-01-01,2015-12-30,Friday,Viernes Promo 25% OFF
1917,682,30.0,2014-01-01,2015-12-30,Tuesday,Martes Promo 30% OFF
1918,682,25.0,2014-01-01,2015-12-30,Friday,Viernes Promo 25% OFF
1919,3023,30.0,2014-01-01,2015-12-30,Tuesday,Martes Promo 30% OFF
1920,3023,25.0,2014-01-01,2015-12-30,Friday,Viernes Promo 25% OFF
1921,751,30.0,2014-01-01,2015-12-30,Tuesday,Martes Promo 30% OFF
1922,751,25.0,2014-01-01,2015-12-30,Friday,Viernes Promo 25% OFF
1923,3057,30.0,2014-01-01,2015-12-30,Tuesday,Martes Promo 30% OFF
1924,3057,25.0,2014-01-01,2015-12-30,Friday,Viernes Promo 25% OFF
1925,3441,30.0,2014-01-01,2015-12-30,Tuesday,Martes Promo 30% OFF
1926,3441,25.0,2014-01-01,2015-12-30,Friday,Viernes Promo 25% OFF
1927,2945,30.0,2014-01-01,2015-12-30,Tuesday,Martes Promo 30% OFF
1928,2945,25.0,2014-01-01,2015-12-30,Friday,Viernes Promo 25% OFF
1929,1814,30.0,2014-01-01,2015-12-30,Tuesday,Martes Promo 30% OFF
1930,1814,25.0,2014-01-01,2015-12-30,Friday,Viernes Promo 25% OFF
1931,3941,30.0,2014-01-01,2015-12-30,Tuesday,Martes Promo 30% OFF
1932,3941,25.0,2014-01-01,2015-12-30,Friday,Viernes Promo 25% OFF
1933,711,30.0,2014-01-01,2015-12-30,Tuesday,Martes Promo 30% OFF
1934,711,25.0,2014-01-01,2015-12-30,Friday,Viernes Promo 25% OFF
1935,1179,30.0,2014-01-01,2015-12-30,Tuesday,Martes Promo 30% OFF
1936,1179,25.0,2014-01-01,2015-12-30,Friday,Viernes Promo 25% OFF
1937,3584,30.0,2014-01-01,2015-12-30,Tuesday,Martes Promo 30% OFF
1938,3584,25.0,2014-01-01,2015-12-30,Friday,Viernes Promo 25% OFF
1939,575,30.0,2014-01-01,2015-12-30,Tuesday,Martes Promo 30% OFF
1940,575,25.0,2014-01-01,2015-12-30,Friday,Viernes Promo 25% OFF
1941,1612,30.0,2014-01-01,2015-12-30,Tuesday,Martes Promo 30% OFF
1942,1612,25.0,2014-01-01,2015-12-30,Friday,Viernes Promo 25% OFF
1943,9,30.0,2014-01-01,2015-12-30,Tuesday,Martes Promo 30% OFF
1944,9,25.0,2014-01-01,2015-12-30,Friday,Viernes Promo 25% OFF
1945,269,30.0,2014-01-01,2015-12-30,Tuesday,Martes Promo 30% OFF
1946,269,25.0,2014-01-01,2015-12-30,Friday,Viernes Promo 25% OFF
1947,268,30.0,2014-01-01,2015-12-30,Tuesday,Martes Promo 30% OFF
1948,268,25.0,2014-01-01,2015-12-30,Friday,Viernes Promo 25% OFF
1949,141,30.0,2014-01-01,2015-12-30,Tuesday,Martes Promo 30% OFF
1950,141,25.0,2014-01-01,2015-12-30,Friday,Viernes Promo 25% OFF
1951,46,30.0,2014-01-01,2015-12-30,Tuesday,Martes Promo 30% OFF
1952,46,25.0,2014-01-01,2015-12-30,Friday,Viernes Promo 25% OFF
1953,1769,30.0,2014-01-01,2015-12-30,Tuesday,Martes Promo 30% OFF
1954,1769,25.0,2014-01-01,2015-12-30,Friday,Viernes Promo 25% OFF
1955,2452,30.0,2014-01-01,2015-12-30,Tuesday,Martes Promo 30% OFF
1956,2452,25.0,2014-01-01,2015-12-30,Friday,Viernes Promo 25% OFF
1957,2447,30.0,2014-01-01,2015-12-30,Tuesday,Martes Promo 30% OFF
1958,2447,25.0,2014-01-01,2015-12-30,Friday,Viernes Promo 25% OFF
1959,2009,30.0,2014-01-01,2015-12-30,Tuesday,Martes Promo 30% OFF
1960,2009,25.0,2014-01-01,2015-12-30,Friday,Viernes Promo 25% OFF
1961,3520,30.0,2014-01-01,2015-12-30,Tuesday,Martes Promo 30% OFF
1962,3520,25.0,2014-01-01,2015-12-30,Friday,Viernes Promo 25% OFF
1963,239,30.0,2014-01-01,2015-12-30,Tuesday,Martes Promo 30% OFF
1964,239,25.0,2014-01-01,2015-12-30,Friday,Viernes Promo 25% OFF
1965,931,30.0,2014-01-01,2015-12-30,Tuesday,Martes Promo 30% OFF
1966,931,25.0,2014-01-01,2015-12-30,Friday,Viernes Promo 25% OFF
1967,3592,30.0,2014-01-01,2015-12-30,Tuesday,Martes Promo 30% OFF
1968,3592,25.0,2014-01-01,2015-12-30,Friday,Viernes Promo 25% OFF
1969,2044,30.0,2014-01-01,2015-12-30,Tuesday,Martes Promo 30% OFF
1970,2044,25.0,2014-01-01,2015-12-30,Friday,Viernes Promo 25% OFF
1971,2325,30.0,2014-01-01,2015-12-30,Tuesday,Martes Promo 30% OFF
1972,2325,25.0,2014-01-01,2015-12-30,Friday,Viernes Promo 25% OFF
1973,3586,30.0,2014-01-01,2015-12-30,Tuesday,Martes Promo 30% OFF
1974,3586,25.0,2014-01-01,2015-12-30,Friday,Viernes Promo 25% OFF
1975,271,30.0,2014-01-01,2015-12-30,Tuesday,Martes Promo 30% OFF
1976,271,25.0,2014-01-01,2015-12-30,Friday,Viernes Promo 25% OFF
1977,1158,30.0,2014-01-01,2015-12-30,Tuesday,Martes Promo 30% OFF
1978,1158,25.0,2014-01-01,2015-12-30,Friday,Viernes Promo 25% OFF
1979,3557,30.0,2014-01-01,2015-12-30,Tuesday,Martes Promo 30% OFF
1980,3557,25.0,2014-01-01,2015-12-30,Friday,Viernes Promo 25% OFF
1981,622,30.0,2014-01-01,2015-12-30,Tuesday,Martes Promo 30% OFF
1982,622,25.0,2014-01-01,2015-12-30,Friday,Viernes Promo 25% OFF
1983,625,30.0,2014-01-01,2015-12-30,Tuesday,Martes Promo 30% OFF
1984,625,25.0,2014-01-01,2015-12-30,Friday,Viernes Promo 25% OFF
1985,2477,30.0,2014-01-01,2015-12-30,Tuesday,Martes Promo 30% OFF
1986,2477,25.0,2014-01-01,2015-12-30,Friday,Viernes Promo 25% OFF
1987,491,30.0,2014-01-01,2015-12-30,Tuesday,Martes Promo 30% OFF
1988,491,25.0,2014-01-01,2015-12-30,Friday,Viernes Promo 25% OFF
1989,2860,30.0,2014-01-01,2015-12-30,Tuesday,Martes Promo 30% OFF
1990,2860,25.0,2014-01-01,2015-12-30,Friday,Viernes Promo 25% OFF
1991,3868,30.0,2014-01-01,2015-12-30,Tuesday,Martes Promo 30% OFF
1992,3868,25.0,2014-01-01,2015-12-30,Friday,Viernes Promo 25% OFF
1993,1719,30.0,2014-01-01,2015-12-30,Tuesday,Martes Promo 30% OFF
1994,1719,25.0,2014-01-01,2015-12-30,Friday,Viernes Promo 25% OFF
1995,1145,30.0,2014-01-01,2015-12-30,Tuesday,Martes Promo 30% OFF
1996,1145,25.0,2014-01-01,2015-12-30,Friday,Viernes Promo 25% OFF
1997,3818,30.0,2014-01-01,2015-12-30,Tuesday,Martes Promo 30% OFF
1998,3818,25.0,2014-01-01,2015-12-30,Friday,Viernes Promo 25% OFF
1999,3817,30.0,2014-01-01,2015-12-30,Tuesday,Martes Promo 30% OFF
2000,3817,25.0,2014-01-01,2015-12-30,Friday,Viernes Promo 25% OFF
2001,3815,30.0,2014-01-01,2015-12-30,Tuesday,Martes Promo 30% OFF
2002,3815,25.0,2014-01-01,2015-12-30,Friday,Viernes Promo 25% OFF
2003,1308,30.0,2014-01-01,2015-12-30,Tuesday,Martes Promo 30% OFF
2004,1308,25.0,2014-01-01,2015-12-30,Friday,Viernes Promo 25% OFF
2005,3703,30.0,2014-01-01,2015-12-30,Tuesday,Martes Promo 30% OFF
2006,3703,25.0,2014-01-01,2015-12-30,Friday,Viernes Promo 25% OFF
2007,3702,30.0,2014-01-01,2015-12-30,Tuesday,Martes Promo 30% OFF
2008,3702,25.0,2014-01-01,2015-12-30,Friday,Viernes Promo 25% OFF
2009,1986,30.0,2014-01-01,2015-12-30,Tuesday,Martes Promo 30% OFF
2010,1986,25.0,2014-01-01,2015-12-30,Friday,Viernes Promo 25% OFF
2011,1346,30.0,2014-01-01,2015-12-30,Tuesday,Martes Promo 30% OFF
2012,1346,25.0,2014-01-01,2015-12-30,Friday,Viernes Promo 25% OFF
2013,1344,30.0,2014-01-01,2015-12-30,Tuesday,Martes Promo 30% OFF
2014,1344,25.0,2014-01-01,2015-12-30,Friday,Viernes Promo 25% OFF
2015,3996,30.0,2014-01-01,2015-12-30,Tuesday,Martes Promo 30% OFF
2016,3996,25.0,2014-01-01,2015-12-30,Friday,Viernes Promo 25% OFF
2017,590,30.0,2014-01-01,2015-12-30,Tuesday,Martes Promo 30% OFF
2018,590,25.0,2014-01-01,2015-12-30,Friday,Viernes Promo 25% OFF
2019,1469,30.0,2014-01-01,2015-12-30,Tuesday,Martes Promo 30% OFF
2020,1469,25.0,2014-01-01,2015-12-30,Friday,Viernes Promo 25% OFF
2021,1468,30.0,2014-01-01,2015-12-30,Tuesday,Martes Promo 30% OFF
2022,1468,25.0,2014-01-01,2015-12-30,Friday,Viernes Promo 25% OFF
2023,3816,30.0,2014-01-01,2015-12-30,Tuesday,Martes Promo 30% OFF
2024,3816,25.0,2014-01-01,2015-12-30,Friday,Viernes Promo 25% OFF
2025,1862,30.0,2014-01-01,2015-12-30,Tuesday,Martes Promo 30% OFF
2026,1862,25.0,2014-01-01,2015-12-30,Friday,Viernes Promo 25% OFF
2027,1379,30.0,2014-01-01,2015-12-30,Tuesday,Martes Promo 30% OFF
2028,1379,25.0,2014-01-01,2015-12-30,Friday,Viernes Promo 25% OFF
2029,2844,30.0,2014-01-01,2015-12-30,Tuesday,Martes Promo 30% OFF
2030,2844,25.0,2014-01-01,2015-12-30,Friday,Viernes Promo 25% OFF
2031,840,30.0,2014-01-01,2015-12-30,Tuesday,Martes Promo 30% OFF
2032,840,25.0,2014-01-01,2015-12-30,Friday,Viernes Promo 25% OFF
2033,2505,30.0,2014-01-01,2015-12-30,Tuesday,Martes Promo 30% OFF
2034,2505,25.0,2014-01-01,2015-12-30,Friday,Viernes Promo 25% OFF
2035,545,30.0,2014-01-01,2015-12-30,Tuesday,Martes Promo 30% OFF
2036,545,25.0,2014-01-01,2015-12-30,Friday,Viernes Promo 25% OFF
2037,1559,30.0,2014-01-01,2015-12-30,Tuesday,Martes Promo 30% OFF
2038,1559,25.0,2014-01-01,2015-12-30,Friday,Viernes Promo 25% OFF
2039,2828,30.0,2014-01-01,2015-12-30,Tuesday,Martes Promo 30% OFF
2040,2828,25.0,2014-01-01,2015-12-30,Friday,Viernes Promo 25% OFF
2041,194,30.0,2014-01-01,2015-12-30,Tuesday,Martes Promo 30% OFF
2042,194,25.0,2014-01-01,2015-12-30,Friday,Viernes Promo 25% OFF
2043,2499,30.0,2014-01-01,2015-12-30,Tuesday,Martes Promo 30% OFF
2044,2499,25.0,2014-01-01,2015-12-30,Friday,Viernes Promo 25% OFF
2045,3346,30.0,2014-01-01,2015-12-30,Tuesday,Martes Promo 30% OFF
2046,3346,25.0,2014-01-01,2015-12-30,Friday,Viernes Promo 25% OFF
2047,3275,30.0,2014-01-01,2015-12-30,Tuesday,Martes Promo 30% OFF
2048,3275,25.0,2014-01-01,2015-12-30,Friday,Viernes Promo 25% OFF
2049,2722,30.0,2014-01-01,2015-12-30,Tuesday,Martes Promo 30% OFF
2050,2722,25.0,2014-01-01,2015-12-30,Friday,Viernes Promo 25% OFF
2051,2984,30.0,2014-01-01,2015-12-30,Tuesday,Martes Promo 30% OFF
2052,2984,25.0,2014-01-01,2015-12-30,Friday,Viernes Promo 25% OFF
2053,2904,30.0,2014-01-01,2015-12-30,Tuesday,Martes Promo 30% OFF
2054,2904,25.0,2014-01-01,2015-12-30,Friday,Viernes Promo 25% OFF
2055,1511,30.0,2014-01-01,2015-12-30,Tuesday,Martes Promo 30% OFF
2056,1511,25.0,2014-01-01,2015-12-30,Friday,Viernes Promo 25% OFF
2057,2765,30.0,2014-01-01,2015-12-30,Tuesday,Martes Promo 30% OFF
2058,2765,25.0,2014-01-01,2015-12-30,Friday,Viernes Promo 25% OFF
2059,3570,30.0,2014-01-01,2015-12-30,Tuesday,Martes Promo 30% OFF
2060,3570,25.0,2014-01-01,2015-12-30,Friday,Viernes Promo 25% OFF
2061,2488,30.0,2014-01-01,2015-12-30,Tuesday,Martes Promo 30% OFF
2062,2488,25.0,2014-01-01,2015-12-30,Friday,Viernes Promo 25% OFF
2063,63,30.0,2014-01-01,2015-12-30,Tuesday,Martes Promo 30% OFF
2064,63,25.0,2014-01-01,2015-12-30,Friday,Viernes Promo 25% OFF
2065,3602,30.0,2014-01-01,2015-12-30,Tuesday,Martes Promo 30% OFF
2066,3602,25.0,2014-01-01,2015-12-30,Friday,Viernes Promo 25% OFF
2067,3044,30.0,2014-01-01,2015-12-30,Tuesday,Martes Promo 30% OFF
2068,3044,25.0,2014-01-01,2015-12-30,Friday,Viernes Promo 25% OFF
2069,2475,30.0,2014-01-01,2015-12-30,Tuesday,Martes Promo 30% OFF
2070,2475,25.0,2014-01-01,2015-12-30,Friday,Viernes Promo 25% OFF
2071,1578,30.0,2014-01-01,2015-12-30,Tuesday,Martes Promo 30% OFF
2072,1578,25.0,2014-01-01,2015-12-30,Friday,Viernes Promo 25% OFF
2073,681,30.0,2014-01-01,2015-12-30,Tuesday,Martes Promo 30% OFF
2074,681,25.0,2014-01-01,2015-12-30,Friday,Viernes Promo 25% OFF
2075,3235,30.0,2014-01-01,2015-12-30,Tuesday,Martes Promo 30% OFF
2076,3235,25.0,2014-01-01,2015-12-30,Friday,Viernes Promo 25% OFF
2077,1478,30.0,2014-01-01,2015-12-30,Tuesday,Martes Promo 30% OFF
2078,1478,25.0,2014-01-01,2015-12-30,Friday,Viernes Promo 25% OFF
2079,3562,30.0,2014-01-01,2015-12-30,Tuesday,Martes Promo 30% OFF
2080,3562,25.0,2014-01-01,2015-12-30,Friday,Viernes Promo 25% OFF
2081,3924,30.0,2014-01-01,2015-12-30,Tuesday,Martes Promo 30% OFF
2082,3924,25.0,2014-01-01,2015-12-30,Friday,Viernes Promo 25% OFF
2083,2404,30.0,2014-01-01,2015-12-30,Tuesday,Martes Promo 30% OFF
2084,2404,25.0,2014-01-01,2015-12-30,Friday,Viernes Promo 25% OFF
2085,3408,30.0,2014-01-01,2015-12-30,Tuesday,Martes Promo 30% OFF
2086,3408,25.0,2014-01-01,2015-12-30,Friday,Viernes Promo 25% OFF
2087,3396,30.0,2014-01-01,2015-12-30,Tuesday,Martes Promo 30% OFF
2088,3396,25.0,2014-01-01,2015-12-30,Friday,Viernes Promo 25% OFF
2089,3065,30.0,2014-01-01,2015-12-30,Tuesday,Martes Promo 30% OFF
2090,3065,25.0,2014-01-01,2015-12-30,Friday,Viernes Promo 25% OFF
2091,12,30.0,2014-01-01,2015-12-30,Tuesday,Martes Promo 30% OFF
2092,12,25.0,2014-01-01,2015-12-30,Friday,Viernes Promo 25% OFF
2093,2842,30.0,2014-01-01,2015-12-30,Tuesday,Martes Promo 30% OFF
2094,2842,25.0,2014-01-01,2015-12-30,Friday,Viernes Promo 25% OFF
2095,2853,30.0,2014-01-01,2015-12-30,Tuesday,Martes Promo 30% OFF
2096,2853,25.0,2014-01-01,2015-12-30,Friday,Viernes Promo 25% OFF
2097,933,30.0,2014-01-01,2015-12-30,Tuesday,Martes Promo 30% OFF
2098,933,25.0,2014-01-01,2015-12-30,Friday,Viernes Promo 25% OFF
2099,206,30.0,2014-01-01,2015-12-30,Tuesday,Martes Promo 30% OFF
2100,206,25.0,2014-01-01,2015-12-30,Friday,Viernes Promo 25% OFF
2101,1333,30.0,2014-01-01,2015-12-30,Tuesday,Martes Promo 30% OFF
2102,1333,25.0,2014-01-01,2015-12-30,Friday,Viernes Promo 25% OFF
2103,1006,30.0,2014-01-01,2015-12-30,Tuesday,Martes Promo 30% OFF
2104,1006,25.0,2014-01-01,2015-12-30,Friday,Viernes Promo 25% OFF
2105,2184,30.0,2014-01-01,2015-12-30,Tuesday,Martes Promo 30% OFF
2106,2184,25.0,2014-01-01,2015-12-30,Friday,Viernes Promo 25% OFF
2107,1846,30.0,2014-01-01,2015-12-30,Tuesday,Martes Promo 30% OFF
2108,1846,25.0,2014-01-01,2015-12-30,Friday,Viernes Promo 25% OFF
2109,2183,30.0,2014-01-01,2015-12-30,Tuesday,Martes Promo 30% OFF
2110,2183,25.0,2014-01-01,2015-12-30,Friday,Viernes Promo 25% OFF
2111,1255,30.0,2014-01-01,2015-12-30,Tuesday,Martes Promo 30% OFF
2112,1255,25.0,2014-01-01,2015-12-30,Friday,Viernes Promo 25% OFF
2113,1655,30.0,2014-01-01,2015-12-30,Tuesday,Martes Promo 30% OFF
2114,1655,25.0,2014-01-01,2015-12-30,Friday,Viernes Promo 25% OFF
2115,960,30.0,2014-01-01,2015-12-30,Tuesday,Martes Promo 30% OFF
2116,960,25.0,2014-01-01,2015-12-30,Friday,Viernes Promo 25% OFF
2117,1683,30.0,2014-01-01,2015-12-30,Tuesday,Martes Promo 30% OFF
2118,1683,25.0,2014-01-01,2015-12-30,Friday,Viernes Promo 25% OFF
2119,2337,30.0,2014-01-01,2015-12-30,Tuesday,Martes Promo 30% OFF
2120,2337,25.0,2014-01-01,2015-12-30,Friday,Viernes Promo 25% OFF
2121,2136,30.0,2014-01-01,2015-12-30,Tuesday,Martes Promo 30% OFF
2122,2136,25.0,2014-01-01,2015-12-30,Friday,Viernes Promo 25% OFF
2123,2581,30.0,2014-01-01,2015-12-30,Tuesday,Martes Promo 30% OFF
2124,2581,25.0,2014-01-01,2015-12-30,Friday,Viernes Promo 25% OFF
2125,437,30.0,2014-01-01,2015-12-30,Tuesday,Martes Promo 30% OFF
2126,437,25.0,2014-01-01,2015-12-30,Friday,Viernes Promo 25% OFF
2127,3903,30.0,2014-01-01,2015-12-30,Tuesday,Martes Promo 30% OFF
2128,3903,25.0,2014-01-01,2015-12-30,Friday,Viernes Promo 25% OFF
2129,3905,30.0,2014-01-01,2015-12-30,Tuesday,Martes Promo 30% OFF
2130,3905,25.0,2014-01-01,2015-12-30,Friday,Viernes Promo 25% OFF
2131,3906,30.0,2014-01-01,2015-12-30,Tuesday,Martes Promo 30% OFF
2132,3906,25.0,2014-01-01,2015-12-30,Friday,Viernes Promo 25% OFF
2133,1453,30.0,2014-01-01,2015-12-30,Tuesday,Martes Promo 30% OFF
2134,1453,25.0,2014-01-01,2015-12-30,Friday,Viernes Promo 25% OFF
2135,896,30.0,2014-01-01,2015-12-30,Tuesday,Martes Promo 30% OFF
2136,896,25.0,2014-01-01,2015-12-30,Friday,Viernes Promo 25% OFF
2137,1831,30.0,2014-01-01,2015-12-30,Tuesday,Martes Promo 30% OFF
2138,1831,25.0,2014-01-01,2015-12-30,Friday,Viernes Promo 25% OFF
2139,2802,30.0,2014-01-01,2015-12-30,Tuesday,Martes Promo 30% OFF
2140,2802,25.0,2014-01-01,2015-12-30,Friday,Viernes Promo 25% OFF
2141,2566,30.0,2014-01-01,2015-12-30,Tuesday,Martes Promo 30% OFF
2142,2566,25.0,2014-01-01,2015-12-30,Friday,Viernes Promo 25% OFF
2143,129,30.0,2014-01-01,2015-12-30,Tuesday,Martes Promo 30% OFF
2144,129,25.0,2014-01-01,2015-12-30,Friday,Viernes Promo 25% OFF
2145,128,30.0,2014-01-01,2015-12-30,Tuesday,Martes Promo 30% OFF
2146,128,25.0,2014-01-01,2015-12-30,Friday,Viernes Promo 25% OFF
2147,869,30.0,2014-01-01,2015-12-30,Tuesday,Martes Promo 30% OFF
2148,869,25.0,2014-01-01,2015-12-30,Friday,Viernes Promo 25% OFF
2149,3857,30.0,2014-01-01,2015-12-30,Tuesday,Martes Promo 30% OFF
2150,3857,25.0,2014-01-01,2015-12-30,Friday,Viernes Promo 25% OFF
2151,1764,30.0,2014-01-01,2015-12-30,Tuesday,Martes Promo 30% OFF
2152,1764,25.0,2014-01-01,2015-12-30,Friday,Viernes Promo 25% OFF
2153,3507,30.0,2014-01-01,2015-12-30,Tuesday,Martes Promo 30% OFF
2154,3507,25.0,2014-01-01,2015-12-30,Friday,Viernes Promo 25% OFF
2155,787,30.0,2014-01-01,2015-12-30,Tuesday,Martes Promo 30% OFF
2156,787,25.0,2014-01-01,2015-12-30,Friday,Viernes Promo 25% OFF
2157,782,30.0,2014-01-01,2015-12-30,Tuesday,Martes Promo 30% OFF
2158,782,25.0,2014-01-01,2015-12-30,Friday,Viernes Promo 25% OFF
2159,739,30.0,2014-01-01,2015-12-30,Tuesday,Martes Promo 30% OFF
2160,739,25.0,2014-01-01,2015-12-30,Friday,Viernes Promo 25% OFF
2161,2109,30.0,2014-01-01,2015-12-30,Tuesday,Martes Promo 30% OFF
2162,2109,25.0,2014-01-01,2015-12-30,Friday,Viernes Promo 25% OFF
2163,510,30.0,2014-01-01,2015-12-30,Tuesday,Martes Promo 30% OFF
2164,510,25.0,2014-01-01,2015-12-30,Friday,Viernes Promo 25% OFF
2165,2557,30.0,2014-01-01,2015-12-30,Tuesday,Martes Promo 30% OFF
2166,2557,25.0,2014-01-01,2015-12-30,Friday,Viernes Promo 25% OFF
2167,3389,30.0,2014-01-01,2015-12-30,Tuesday,Martes Promo 30% OFF
2168,3389,25.0,2014-01-01,2015-12-30,Friday,Viernes Promo 25% OFF
2169,2783,30.0,2014-01-01,2015-12-30,Tuesday,Martes Promo 30% OFF
2170,2783,25.0,2014-01-01,2015-12-30,Friday,Viernes Promo 25% OFF
2171,405,30.0,2014-01-01,2015-12-30,Tuesday,Martes Promo 30% OFF
2172,405,25.0,2014-01-01,2015-12-30,Friday,Viernes Promo 25% OFF
2173,2801,30.0,2014-01-01,2015-12-30,Tuesday,Martes Promo 30% OFF
2174,2801,25.0,2014-01-01,2015-12-30,Friday,Viernes Promo 25% OFF
2175,3037,30.0,2014-01-01,2015-12-30,Tuesday,Martes Promo 30% OFF
2176,3037,25.0,2014-01-01,2015-12-30,Friday,Viernes Promo 25% OFF
2177,1583,30.0,2014-01-01,2015-12-30,Tuesday,Martes Promo 30% OFF
2178,1583,25.0,2014-01-01,2015-12-30,Friday,Viernes Promo 25% OFF
2179,2809,30.0,2014-01-01,2015-12-30,Tuesday,Martes Promo 30% OFF
2180,2809,25.0,2014-01-01,2015-12-30,Friday,Viernes Promo 25% OFF
2181,3749,30.0,2014-01-01,2015-12-30,Tuesday,Martes Promo 30% OFF
2182,3749,25.0,2014-01-01,2015-12-30,Friday,Viernes Promo 25% OFF
2183,3179,30.0,2014-01-01,2015-12-30,Tuesday,Martes Promo 30% OFF
2184,3179,25.0,2014-01-01,2015-12-30,Friday,Viernes Promo 25% OFF
2185,829,30.0,2014-01-01,2015-12-30,Tuesday,Martes Promo 30% OFF
2186,829,25.0,2014-01-01,2015-12-30,Friday,Viernes Promo 25% OFF
2187,2790,30.0,2014-01-01,2015-12-30,Tuesday,Martes Promo 30% OFF
2188,2790,25.0,2014-01-01,2015-12-30,Friday,Viernes Promo 25% OFF
2189,325,30.0,2014-01-01,2015-12-30,Tuesday,Martes Promo 30% OFF
2190,325,25.0,2014-01-01,2015-12-30,Friday,Viernes Promo 25% OFF
2191,3925,30.0,2014-01-01,2015-12-30,Tuesday,Martes Promo 30% OFF
2192,3925,25.0,2014-01-01,2015-12-30,Friday,Viernes Promo 25% OFF
2193,999,30.0,2014-01-01,2015-12-30,Tuesday,Martes Promo 30% OFF
2194,999,25.0,2014-01-01,2015-12-30,Friday,Viernes Promo 25% OFF
2195,2863,30.0,2014-01-01,2015-12-30,Tuesday,Martes Promo 30% OFF
2196,2863,25.0,2014-01-01,2015-12-30,Friday,Viernes Promo 25% OFF
2197,676,30.0,2014-01-01,2015-12-30,Tuesday,Martes Promo 30% OFF
2198,676,25.0,2014-01-01,2015-12-30,Friday,Viernes Promo 25% OFF
2199,680,30.0,2014-01-01,2015-12-30,Tuesday,Martes Promo 30% OFF
2200,680,25.0,2014-01-01,2015-12-30,Friday,Viernes Promo 25% OFF
2201,679,30.0,2014-01-01,2015-12-30,Tuesday,Martes Promo 30% OFF
2202,679,25.0,2014-01-01,2015-12-30,Friday,Viernes Promo 25% OFF
2203,587,30.0,2014-01-01,2015-12-30,Tuesday,Martes Promo 30% OFF
2204,587,25.0,2014-01-01,2015-12-30,Friday,Viernes Promo 25% OFF
2205,464,30.0,2014-01-01,2015-12-30,Tuesday,Martes Promo 30% OFF
2206,464,25.0,2014-01-01,2015-12-30,Friday,Viernes Promo 25% OFF
2207,2513,30.0,2014-01-01,2015-12-30,Tuesday,Martes Promo 30% OFF
2208,2513,25.0,2014-01-01,2015-12-30,Friday,Viernes Promo 25% OFF
2209,3341,30.0,2014-01-01,2015-12-30,Tuesday,Martes Promo 30% OFF
2210,3341,25.0,2014-01-01,2015-12-30,Friday,Viernes Promo 25% OFF
2211,2355,30.0,2014-01-01,2015-12-30,Tuesday,Martes Promo 30% OFF
2212,2355,25.0,2014-01-01,2015-12-30,Friday,Viernes Promo 25% OFF
2213,2356,30.0,2014-01-01,2015-12-30,Tuesday,Martes Promo 30% OFF
2214,2356,25.0,2014-01-01,2015-12-30,Friday,Viernes Promo 25% OFF
2215,2346,30.0,2014-01-01,2015-12-30,Tuesday,Martes Promo 30% OFF
2216,2346,25.0,2014-01-01,2015-12-30,Friday,Viernes Promo 25% OFF
2217,28,30.0,2014-01-01,2015-12-30,Tuesday,Martes Promo 30% OFF
2218,28,25.0,2014-01-01,2015-12-30,Friday,Viernes Promo 25% OFF
2219,3351,30.0,2014-01-01,2015-12-30,Tuesday,Martes Promo 30% OFF
2220,3351,25.0,2014-01-01,2015-12-30,Friday,Viernes Promo 25% OFF
2221,3213,30.0,2014-01-01,2015-12-30,Tuesday,Martes Promo 30% OFF
2222,3213,25.0,2014-01-01,2015-12-30,Friday,Viernes Promo 25% OFF
2223,3498,30.0,2014-01-01,2015-12-30,Tuesday,Martes Promo 30% OFF
2224,3498,25.0,2014-01-01,2015-12-30,Friday,Viernes Promo 25% OFF
2225,2617,30.0,2014-01-01,2015-12-30,Tuesday,Martes Promo 30% OFF
2226,2617,25.0,2014-01-01,2015-12-30,Friday,Viernes Promo 25% OFF
2227,3203,30.0,2014-01-01,2015-12-30,Tuesday,Martes Promo 30% OFF
2228,3203,25.0,2014-01-01,2015-12-30,Friday,Viernes Promo 25% OFF
2229,2113,30.0,2014-01-01,2015-12-30,Tuesday,Martes Promo 30% OFF
2230,2113,25.0,2014-01-01,2015-12-30,Friday,Viernes Promo 25% OFF
2231,2983,30.0,2014-01-01,2015-12-30,Tuesday,Martes Promo 30% OFF
2232,2983,25.0,2014-01-01,2015-12-30,Friday,Viernes Promo 25% OFF
2233,382,30.0,2014-01-01,2015-12-30,Tuesday,Martes Promo 30% OFF
2234,382,25.0,2014-01-01,2015-12-30,Friday,Viernes Promo 25% OFF
2235,3279,30.0,2014-01-01,2015-12-30,Tuesday,Martes Promo 30% OFF
2236,3279,25.0,2014-01-01,2015-12-30,Friday,Viernes Promo 25% OFF
2237,537,30.0,2014-01-01,2015-12-30,Tuesday,Martes Promo 30% OFF
2238,537,25.0,2014-01-01,2015-12-30,Friday,Viernes Promo 25% OFF
2239,3676,30.0,2014-01-01,2015-12-30,Tuesday,Martes Promo 30% OFF
2240,3676,25.0,2014-01-01,2015-12-30,Friday,Viernes Promo 25% OFF
2241,1936,30.0,2014-01-01,2015-12-30,Tuesday,Martes Promo 30% OFF
2242,1936,25.0,2014-01-01,2015-12-30,Friday,Viernes Promo 25% OFF
2243,852,30.0,2014-01-01,2015-12-30,Tuesday,Martes Promo 30% OFF
2244,852,25.0,2014-01-01,2015-12-30,Friday,Viernes Promo 25% OFF
2245,851,30.0,2014-01-01,2015-12-30,Tuesday,Martes Promo 30% OFF
2246,851,25.0,2014-01-01,2015-12-30,Friday,Viernes Promo 25% OFF
2247,4011,30.0,2014-01-01,2015-12-30,Tuesday,Martes Promo 30% OFF
2248,4011,25.0,2014-01-01,2015-12-30,Friday,Viernes Promo 25% OFF
2249,3404,30.0,2014-01-01,2015-12-30,Tuesday,Martes Promo 30% OFF
2250,3404,25.0,2014-01-01,2015-12-30,Friday,Viernes Promo 25% OFF
2251,3283,30.0,2014-01-01,2015-12-30,Tuesday,Martes Promo 30% OFF
2252,3283,25.0,2014-01-01,2015-12-30,Friday,Viernes Promo 25% OFF
2253,195,30.0,2014-01-01,2015-12-30,Tuesday,Martes Promo 30% OFF
2254,195,25.0,2014-01-01,2015-12-30,Friday,Viernes Promo 25% OFF
2255,644,30.0,2014-01-01,2015-12-30,Tuesday,Martes Promo 30% OFF
2256,644,25.0,2014-01-01,2015-12-30,Friday,Viernes Promo 25% OFF
2257,2081,30.0,2014-01-01,2015-12-30,Tuesday,Martes Promo 30% OFF
2258,2081,25.0,2014-01-01,2015-12-30,Friday,Viernes Promo 25% OFF
2259,734,30.0,2014-01-01,2015-12-30,Tuesday,Martes Promo 30% OFF
2260,734,25.0,2014-01-01,2015-12-30,Friday,Viernes Promo 25% OFF
2261,2000,30.0,2014-01-01,2015-12-30,Tuesday,Martes Promo 30% OFF
2262,2000,25.0,2014-01-01,2015-12-30,Friday,Viernes Promo 25% OFF
2263,3350,30.0,2014-01-01,2015-12-30,Tuesday,Martes Promo 30% OFF
2264,3350,25.0,2014-01-01,2015-12-30,Friday,Viernes Promo 25% OFF
2265,1614,30.0,2014-01-01,2015-12-30,Tuesday,Martes Promo 30% OFF
2266,1614,25.0,2014-01-01,2015-12-30,Friday,Viernes Promo 25% OFF
2267,3212,30.0,2014-01-01,2015-12-30,Tuesday,Martes Promo 30% OFF
2268,3212,25.0,2014-01-01,2015-12-30,Friday,Viernes Promo 25% OFF
2269,3143,30.0,2014-01-01,2015-12-30,Tuesday,Martes Promo 30% OFF
2270,3143,25.0,2014-01-01,2015-12-30,Friday,Viernes Promo 25% OFF
2271,3445,30.0,2014-01-01,2015-12-30,Tuesday,Martes Promo 30% OFF
2272,3445,25.0,2014-01-01,2015-12-30,Friday,Viernes Promo 25% OFF
2273,433,30.0,2014-01-01,2015-12-30,Tuesday,Martes Promo 30% OFF
2274,433,25.0,2014-01-01,2015-12-30,Friday,Viernes Promo 25% OFF
2275,387,30.0,2014-01-01,2015-12-30,Tuesday,Martes Promo 30% OFF
2276,387,25.0,2014-01-01,2015-12-30,Friday,Viernes Promo 25% OFF
2277,146,30.0,2014-01-01,2015-12-30,Tuesday,Martes Promo 30% OFF
2278,146,25.0,2014-01-01,2015-12-30,Friday,Viernes Promo 25% OFF
2279,2704,30.0,2014-01-01,2015-12-30,Tuesday,Martes Promo 30% OFF
2280,2704,25.0,2014-01-01,2015-12-30,Friday,Viernes Promo 25% OFF
2281,1448,30.0,2014-01-01,2015-12-30,Tuesday,Martes Promo 30% OFF
2282,1448,25.0,2014-01-01,2015-12-30,Friday,Viernes Promo 25% OFF
2283,11,30.0,2014-01-01,2015-12-30,Tuesday,Martes Promo 30% OFF
2284,11,25.0,2014-01-01,2015-12-30,Friday,Viernes Promo 25% OFF
2285,2,30.0,2014-01-01,2015-12-30,Tuesday,Martes Promo 30% OFF
2286,2,25.0,2014-01-01,2015-12-30,Friday,Viernes Promo 25% OFF
2287,2567,30.0,2014-01-01,2015-12-30,Tuesday,Martes Promo 30% OFF
2288,2567,25.0,2014-01-01,2015-12-30,Friday,Viernes Promo 25% OFF
2289,1301,30.0,2014-01-01,2015-12-30,Tuesday,Martes Promo 30% OFF
2290,1301,25.0,2014-01-01,2015-12-30,Friday,Viernes Promo 25% OFF
2291,1336,30.0,2014-01-01,2015-12-30,Tuesday,Martes Promo 30% OFF
2292,1336,25.0,2014-01-01,2015-12-30,Friday,Viernes Promo 25% OFF
2293,2587,30.0,2014-01-01,2015-12-30,Tuesday,Martes Promo 30% OFF
2294,2587,25.0,2014-01-01,2015-12-30,Friday,Viernes Promo 25% OFF
2295,1978,30.0,2014-01-01,2015-12-30,Tuesday,Martes Promo 30% OFF
2296,1978,25.0,2014-01-01,2015-12-30,Friday,Viernes Promo 25% OFF
2297,3296,30.0,2014-01-01,2015-12-30,Tuesday,Martes Promo 30% OFF
2298,3296,25.0,2014-01-01,2015-12-30,Friday,Viernes Promo 25% OFF
2299,441,30.0,2014-01-01,2015-12-30,Tuesday,Martes Promo 30% OFF
2300,441,25.0,2014-01-01,2015-12-30,Friday,Viernes Promo 25% OFF
2301,1550,30.0,2014-01-01,2015-12-30,Tuesday,Martes Promo 30% OFF
2302,1550,25.0,2014-01-01,2015-12-30,Friday,Viernes Promo 25% OFF
2303,1489,30.0,2014-01-01,2015-12-30,Tuesday,Martes Promo 30% OFF
2304,1489,25.0,2014-01-01,2015-12-30,Friday,Viernes Promo 25% OFF
2305,218,30.0,2014-01-01,2015-12-30,Tuesday,Martes Promo 30% OFF
2306,218,25.0,2014-01-01,2015-12-30,Friday,Viernes Promo 25% OFF
2307,3767,30.0,2014-01-01,2015-12-30,Tuesday,Martes Promo 30% OFF
2308,3767,25.0,2014-01-01,2015-12-30,Friday,Viernes Promo 25% OFF
2309,276,30.0,2014-01-01,2015-12-30,Tuesday,Martes Promo 30% OFF
2310,276,25.0,2014-01-01,2015-12-30,Friday,Viernes Promo 25% OFF
2311,187,30.0,2014-01-01,2015-12-30,Tuesday,Martes Promo 30% OFF
2312,187,25.0,2014-01-01,2015-12-30,Friday,Viernes Promo 25% OFF
2313,1206,30.0,2014-01-01,2015-12-30,Tuesday,Martes Promo 30% OFF
2314,1206,25.0,2014-01-01,2015-12-30,Friday,Viernes Promo 25% OFF
2315,3978,30.0,2014-01-01,2015-12-30,Tuesday,Martes Promo 30% OFF
2316,3978,25.0,2014-01-01,2015-12-30,Friday,Viernes Promo 25% OFF
2317,245,30.0,2014-01-01,2015-12-30,Tuesday,Martes Promo 30% OFF
2318,245,25.0,2014-01-01,2015-12-30,Friday,Viernes Promo 25% OFF
2319,1177,30.0,2014-01-01,2015-12-30,Tuesday,Martes Promo 30% OFF
2320,1177,25.0,2014-01-01,2015-12-30,Friday,Viernes Promo 25% OFF
2321,1993,30.0,2014-01-01,2015-12-30,Tuesday,Martes Promo 30% OFF
2322,1993,25.0,2014-01-01,2015-12-30,Friday,Viernes Promo 25% OFF
2323,981,30.0,2014-01-01,2015-12-30,Tuesday,Martes Promo 30% OFF
2324,981,25.0,2014-01-01,2015-12-30,Friday,Viernes Promo 25% OFF
2325,982,30.0,2014-01-01,2015-12-30,Tuesday,Martes Promo 30% OFF
2326,982,25.0,2014-01-01,2015-12-30,Friday,Viernes Promo 25% OFF
2327,983,30.0,2014-01-01,2015-12-30,Tuesday,Martes Promo 30% OFF
2328,983,25.0,2014-01-01,2015-12-30,Friday,Viernes Promo 25% OFF
2329,1982,30.0,2014-01-01,2015-12-30,Tuesday,Martes Promo 30% OFF
2330,1982,25.0,2014-01-01,2015-12-30,Friday,Viernes Promo 25% OFF
2331,2383,30.0,2014-01-01,2015-12-30,Tuesday,Martes Promo 30% OFF
2332,2383,25.0,2014-01-01,2015-12-30,Friday,Viernes Promo 25% OFF
2333,154,30.0,2014-01-01,2015-12-30,Tuesday,Martes Promo 30% OFF
2334,154,25.0,2014-01-01,2015-12-30,Friday,Viernes Promo 25% OFF
2335,2747,30.0,2014-01-01,2015-12-30,Tuesday,Martes Promo 30% OFF
2336,2747,25.0,2014-01-01,2015-12-30,Friday,Viernes Promo 25% OFF
2337,361,30.0,2014-01-01,2015-12-30,Tuesday,Martes Promo 30% OFF
2338,361,25.0,2014-01-01,2015-12-30,Friday,Viernes Promo 25% OFF
2339,2748,30.0,2014-01-01,2015-12-30,Tuesday,Martes Promo 30% OFF
2340,2748,25.0,2014-01-01,2015-12-30,Friday,Viernes Promo 25% OFF
2341,83,30.0,2014-01-01,2015-12-30,Tuesday,Martes Promo 30% OFF
2342,83,25.0,2014-01-01,2015-12-30,Friday,Viernes Promo 25% OFF
2343,1091,30.0,2014-01-01,2015-12-30,Tuesday,Martes Promo 30% OFF
2344,1091,25.0,2014-01-01,2015-12-30,Friday,Viernes Promo 25% OFF
2345,155,30.0,2014-01-01,2015-12-30,Tuesday,Martes Promo 30% OFF
2346,155,25.0,2014-01-01,2015-12-30,Friday,Viernes Promo 25% OFF
2347,1611,30.0,2014-01-01,2015-12-30,Tuesday,Martes Promo 30% OFF
2348,1611,25.0,2014-01-01,2015-12-30,Friday,Viernes Promo 25% OFF
2349,928,30.0,2014-01-01,2015-12-30,Tuesday,Martes Promo 30% OFF
2350,928,25.0,2014-01-01,2015-12-30,Friday,Viernes Promo 25% OFF
2351,806,30.0,2014-01-01,2015-12-30,Tuesday,Martes Promo 30% OFF
2352,806,25.0,2014-01-01,2015-12-30,Friday,Viernes Promo 25% OFF
2353,805,30.0,2014-01-01,2015-12-30,Tuesday,Martes Promo 30% OFF
2354,805,25.0,2014-01-01,2015-12-30,Friday,Viernes Promo 25% OFF
2355,834,30.0,2014-01-01,2015-12-30,Tuesday,Martes Promo 30% OFF
2356,834,25.0,2014-01-01,2015-12-30,Friday,Viernes Promo 25% OFF
2357,2457,30.0,2014-01-01,2015-12-30,Tuesday,Martes Promo 30% OFF
2358,2457,25.0,2014-01-01,2015-12-30,Friday,Viernes Promo 25% OFF
2359,3450,30.0,2014-01-01,2015-12-30,Tuesday,Martes Promo 30% OFF
2360,3450,25.0,2014-01-01,2015-12-30,Friday,Viernes Promo 25% OFF
2361,2642,30.0,2014-01-01,2015-12-30,Tuesday,Martes Promo 30% OFF
2362,2642,25.0,2014-01-01,2015-12-30,Friday,Viernes Promo 25% OFF
2363,3874,30.0,2014-01-01,2015-12-30,Tuesday,Martes Promo 30% OFF
2364,3874,25.0,2014-01-01,2015-12-30,Friday,Viernes Promo 25% OFF
2365,1028,30.0,2014-01-01,2015-12-30,Tuesday,Martes Promo 30% OFF
2366,1028,25.0,2014-01-01,2015-12-30,Friday,Viernes Promo 25% OFF
2367,1852,30.0,2014-01-01,2015-12-30,Tuesday,Martes Promo 30% OFF
2368,1852,25.0,2014-01-01,2015-12-30,Friday,Viernes Promo 25% OFF
2369,1414,30.0,2014-01-01,2015-12-30,Tuesday,Martes Promo 30% OFF
2370,1414,25.0,2014-01-01,2015-12-30,Friday,Viernes Promo 25% OFF
2371,1851,30.0,2014-01-01,2015-12-30,Tuesday,Martes Promo 30% OFF
2372,1851,25.0,2014-01-01,2015-12-30,Friday,Viernes Promo 25% OFF
2373,1850,30.0,2014-01-01,2015-12-30,Tuesday,Martes Promo 30% OFF
2374,1850,25.0,2014-01-01,2015-12-30,Friday,Viernes Promo 25% OFF
2375,3180,30.0,2014-01-01,2015-12-30,Tuesday,Martes Promo 30% OFF
2376,3180,25.0,2014-01-01,2015-12-30,Friday,Viernes Promo 25% OFF
2377,3197,30.0,2014-01-01,2015-12-30,Tuesday,Martes Promo 30% OFF
2378,3197,25.0,2014-01-01,2015-12-30,Friday,Viernes Promo 25% OFF
2379,791,30.0,2014-01-01,2015-12-30,Tuesday,Martes Promo 30% OFF
2380,791,25.0,2014-01-01,2015-12-30,Friday,Viernes Promo 25% OFF
2381,1417,30.0,2014-01-01,2015-12-30,Tuesday,Martes Promo 30% OFF
2382,1417,25.0,2014-01-01,2015-12-30,Friday,Viernes Promo 25% OFF
2383,2795,30.0,2014-01-01,2015-12-30,Tuesday,Martes Promo 30% OFF
2384,2795,25.0,2014-01-01,2015-12-30,Friday,Viernes Promo 25% OFF
2385,14,30.0,2014-01-01,2015-12-30,Tuesday,Martes Promo 30% OFF
2386,14,25.0,2014-01-01,2015-12-30,Friday,Viernes Promo 25% OFF
2387,1384,30.0,2014-01-01,2015-12-30,Tuesday,Martes Promo 30% OFF
2388,1384,25.0,2014-01-01,2015-12-30,Friday,Viernes Promo 25% OFF
2389,2590,30.0,2014-01-01,2015-12-30,Tuesday,Martes Promo 30% OFF
2390,2590,25.0,2014-01-01,2015-12-30,Friday,Viernes Promo 25% OFF
2391,386,30.0,2014-01-01,2015-12-30,Tuesday,Martes Promo 30% OFF
2392,386,25.0,2014-01-01,2015-12-30,Friday,Viernes Promo 25% OFF
2393,821,30.0,2014-01-01,2015-12-30,Tuesday,Martes Promo 30% OFF
2394,821,25.0,2014-01-01,2015-12-30,Friday,Viernes Promo 25% OFF
2395,1412,30.0,2014-01-01,2015-12-30,Tuesday,Martes Promo 30% OFF
2396,1412,25.0,2014-01-01,2015-12-30,Friday,Viernes Promo 25% OFF
2397,343,30.0,2014-01-01,2015-12-30,Tuesday,Martes Promo 30% OFF
2398,343,25.0,2014-01-01,2015-12-30,Friday,Viernes Promo 25% OFF
2399,2839,30.0,2014-01-01,2015-12-30,Tuesday,Martes Promo 30% OFF
2400,2839,25.0,2014-01-01,2015-12-30,Friday,Viernes Promo 25% OFF
2401,1197,30.0,2014-01-01,2015-12-30,Tuesday,Martes Promo 30% OFF
2402,1197,25.0,2014-01-01,2015-12-30,Friday,Viernes Promo 25% OFF
2403,313,30.0,2014-01-01,2015-12-30,Tuesday,Martes Promo 30% OFF
2404,313,25.0,2014-01-01,2015-12-30,Friday,Viernes Promo 25% OFF
2405,3988,30.0,2014-01-01,2015-12-30,Tuesday,Martes Promo 30% OFF
2406,3988,25.0,2014-01-01,2015-12-30,Friday,Viernes Promo 25% OFF
2407,1437,30.0,2014-01-01,2015-12-30,Tuesday,Martes Promo 30% OFF
2408,1437,25.0,2014-01-01,2015-12-30,Friday,Viernes Promo 25% OFF
2409,357,30.0,2014-01-01,2015-12-30,Tuesday,Martes Promo 30% OFF
2410,357,25.0,2014-01-01,2015-12-30,Friday,Viernes Promo 25% OFF
2411,3971,30.0,2014-01-01,2015-12-30,Tuesday,Martes Promo 30% OFF
2412,3971,25.0,2014-01-01,2015-12-30,Friday,Viernes Promo 25% OFF
2413,2831,30.0,2014-01-01,2015-12-30,Tuesday,Martes Promo 30% OFF
2414,2831,25.0,2014-01-01,2015-12-30,Friday,Viernes Promo 25% OFF
2415,2409,30.0,2014-01-01,2015-12-30,Tuesday,Martes Promo 30% OFF
2416,2409,25.0,2014-01-01,2015-12-30,Friday,Viernes Promo 25% OFF
2417,689,30.0,2014-01-01,2015-12-30,Tuesday,Martes Promo 30% OFF
2418,689,25.0,2014-01-01,2015-12-30,Friday,Viernes Promo 25% OFF
2419,3598,30.0,2014-01-01,2015-12-30,Tuesday,Martes Promo 30% OFF
2420,3598,25.0,2014-01-01,2015-12-30,Friday,Viernes Promo 25% OFF
2421,74,30.0,2014-01-01,2015-12-30,Tuesday,Martes Promo 30% OFF
2422,74,25.0,2014-01-01,2015-12-30,Friday,Viernes Promo 25% OFF
2423,75,30.0,2014-01-01,2015-12-30,Tuesday,Martes Promo 30% OFF
2424,75,25.0,2014-01-01,2015-12-30,Friday,Viernes Promo 25% OFF
2425,3664,30.0,2014-01-01,2015-12-30,Tuesday,Martes Promo 30% OFF
2426,3664,25.0,2014-01-01,2015-12-30,Friday,Viernes Promo 25% OFF
2427,2622,30.0,2014-01-01,2015-12-30,Tuesday,Martes Promo 30% OFF
2428,2622,25.0,2014-01-01,2015-12-30,Friday,Viernes Promo 25% OFF
2429,217,30.0,2014-01-01,2015-12-30,Tuesday,Martes Promo 30% OFF
2430,217,25.0,2014-01-01,2015-12-30,Friday,Viernes Promo 25% OFF
2431,3462,30.0,2014-01-01,2015-12-30,Tuesday,Martes Promo 30% OFF
2432,3462,25.0,2014-01-01,2015-12-30,Friday,Viernes Promo 25% OFF
2433,272,30.0,2014-01-01,2015-12-30,Tuesday,Martes Promo 30% OFF
2434,272,25.0,2014-01-01,2015-12-30,Friday,Viernes Promo 25% OFF
2435,2845,30.0,2014-01-01,2015-12-30,Tuesday,Martes Promo 30% OFF
2436,2845,25.0,2014-01-01,2015-12-30,Friday,Viernes Promo 25% OFF
2437,2829,30.0,2014-01-01,2015-12-30,Tuesday,Martes Promo 30% OFF
2438,2829,25.0,2014-01-01,2015-12-30,Friday,Viernes Promo 25% OFF
2439,1999,30.0,2014-01-01,2015-12-30,Tuesday,Martes Promo 30% OFF
2440,1999,25.0,2014-01-01,2015-12-30,Friday,Viernes Promo 25% OFF
2441,2069,30.0,2014-01-01,2015-12-30,Tuesday,Martes Promo 30% OFF
2442,2069,25.0,2014-01-01,2015-12-30,Friday,Viernes Promo 25% OFF
2443,3736,30.0,2014-01-01,2015-12-30,Tuesday,Martes Promo 30% OFF
2444,3736,25.0,2014-01-01,2015-12-30,Friday,Viernes Promo 25% OFF
2445,1143,30.0,2014-01-01,2015-12-30,Tuesday,Martes Promo 30% OFF
2446,1143,25.0,2014-01-01,2015-12-30,Friday,Viernes Promo 25% OFF
2447,476,30.0,2014-01-01,2015-12-30,Tuesday,Martes Promo 30% OFF
2448,476,25.0,2014-01-01,2015-12-30,Friday,Viernes Promo 25% OFF
2449,3928,30.0,2014-01-01,2015-12-30,Tuesday,Martes Promo 30% OFF
2450,3928,25.0,2014-01-01,2015-12-30,Friday,Viernes Promo 25% OFF
2451,3686,30.0,2014-01-01,2015-12-30,Tuesday,Martes Promo 30% OFF
2452,3686,25.0,2014-01-01,2015-12-30,Friday,Viernes Promo 25% OFF
2453,2144,30.0,2014-01-01,2015-12-30,Tuesday,Martes Promo 30% OFF
2454,2144,25.0,2014-01-01,2015-12-30,Friday,Viernes Promo 25% OFF
2455,368,30.0,2014-01-01,2015-12-30,Tuesday,Martes Promo 30% OFF
2456,368,25.0,2014-01-01,2015-12-30,Friday,Viernes Promo 25% OFF
2457,1628,30.0,2014-01-01,2015-12-30,Tuesday,Martes Promo 30% OFF
2458,1628,25.0,2014-01-01,2015-12-30,Friday,Viernes Promo 25% OFF
2459,1597,30.0,2014-01-01,2015-12-30,Tuesday,Martes Promo 30% OFF
2460,1597,25.0,2014-01-01,2015-12-30,Friday,Viernes Promo 25% OFF
2461,1226,30.0,2014-01-01,2015-12-30,Tuesday,Martes Promo 30% OFF
2462,1226,25.0,2014-01-01,2015-12-30,Friday,Viernes Promo 25% OFF
2463,2843,30.0,2014-01-01,2015-12-30,Tuesday,Martes Promo 30% OFF
2464,2843,25.0,2014-01-01,2015-12-30,Friday,Viernes Promo 25% OFF
2465,3423,30.0,2014-01-01,2015-12-30,Tuesday,Martes Promo 30% OFF
2466,3423,25.0,2014-01-01,2015-12-30,Friday,Viernes Promo 25% OFF
2467,2821,30.0,2014-01-01,2015-12-30,Tuesday,Martes Promo 30% OFF
2468,2821,25.0,2014-01-01,2015-12-30,Friday,Viernes Promo 25% OFF
2469,473,30.0,2014-01-01,2015-12-30,Tuesday,Martes Promo 30% OFF
2470,473,25.0,2014-01-01,2015-12-30,Friday,Viernes Promo 25% OFF
2471,3705,30.0,2014-01-01,2015-12-30,Tuesday,Martes Promo 30% OFF
2472,3705,25.0,2014-01-01,2015-12-30,Friday,Viernes Promo 25% OFF
2473,1796,30.0,2014-01-01,2015-12-30,Tuesday,Martes Promo 30% OFF
2474,1796,25.0,2014-01-01,2015-12-30,Friday,Viernes Promo 25% OFF
2475,3437,30.0,2014-01-01,2015-12-30,Tuesday,Martes Promo 30% OFF
2476,3437,25.0,2014-01-01,2015-12-30,Friday,Viernes Promo 25% OFF
2477,3434,30.0,2014-01-01,2015-12-30,Tuesday,Martes Promo 30% OFF
2478,3434,25.0,2014-01-01,2015-12-30,Friday,Viernes Promo 25% OFF
2479,3435,30.0,2014-01-01,2015-12-30,Tuesday,Martes Promo 30% OFF
2480,3435,25.0,2014-01-01,2015-12-30,Friday,Viernes Promo 25% OFF
2481,3438,30.0,2014-01-01,2015-12-30,Tuesday,Martes Promo 30% OFF
2482,3438,25.0,2014-01-01,2015-12-30,Friday,Viernes Promo 25% OFF
2483,3436,30.0,2014-01-01,2015-12-30,Tuesday,Martes Promo 30% OFF
2484,3436,25.0,2014-01-01,2015-12-30,Friday,Viernes Promo 25% OFF
2485,3929,30.0,2014-01-01,2015-12-30,Tuesday,Martes Promo 30% OFF
2486,3929,25.0,2014-01-01,2015-12-30,Friday,Viernes Promo 25% OFF
2487,1750,30.0,2014-01-01,2015-12-30,Tuesday,Martes Promo 30% OFF
2488,1750,25.0,2014-01-01,2015-12-30,Friday,Viernes Promo 25% OFF
2489,3583,30.0,2014-01-01,2015-12-30,Tuesday,Martes Promo 30% OFF
2490,3583,25.0,2014-01-01,2015-12-30,Friday,Viernes Promo 25% OFF
2491,1418,30.0,2014-01-01,2015-12-30,Tuesday,Martes Promo 30% OFF
2492,1418,25.0,2014-01-01,2015-12-30,Friday,Viernes Promo 25% OFF
2493,465,30.0,2014-01-01,2015-12-30,Tuesday,Martes Promo 30% OFF
2494,465,25.0,2014-01-01,2015-12-30,Friday,Viernes Promo 25% OFF
2495,2181,30.0,2014-01-01,2015-12-30,Tuesday,Martes Promo 30% OFF
2496,2181,25.0,2014-01-01,2015-12-30,Friday,Viernes Promo 25% OFF
2497,802,30.0,2014-01-01,2015-12-30,Tuesday,Martes Promo 30% OFF
2498,802,25.0,2014-01-01,2015-12-30,Friday,Viernes Promo 25% OFF
2499,2172,30.0,2014-01-01,2015-12-30,Tuesday,Martes Promo 30% OFF
2500,2172,25.0,2014-01-01,2015-12-30,Friday,Viernes Promo 25% OFF
2501,1407,30.0,2014-01-01,2015-12-30,Tuesday,Martes Promo 30% OFF
2502,1407,25.0,2014-01-01,2015-12-30,Friday,Viernes Promo 25% OFF
2503,1280,30.0,2014-01-01,2015-12-30,Tuesday,Martes Promo 30% OFF
2504,1280,25.0,2014-01-01,2015-12-30,Friday,Viernes Promo 25% OFF
2505,475,30.0,2014-01-01,2015-12-30,Tuesday,Martes Promo 30% OFF
2506,475,25.0,2014-01-01,2015-12-30,Friday,Viernes Promo 25% OFF
2507,725,30.0,2014-01-01,2015-12-30,Tuesday,Martes Promo 30% OFF
2508,725,25.0,2014-01-01,2015-12-30,Friday,Viernes Promo 25% OFF
2509,3940,30.0,2014-01-01,2015-12-30,Tuesday,Martes Promo 30% OFF
2510,3940,25.0,2014-01-01,2015-12-30,Friday,Viernes Promo 25% OFF
2511,3345,30.0,2014-01-01,2015-12-30,Tuesday,Martes Promo 30% OFF
2512,3345,25.0,2014-01-01,2015-12-30,Friday,Viernes Promo 25% OFF
2513,1286,30.0,2014-01-01,2015-12-30,Tuesday,Martes Promo 30% OFF
2514,1286,25.0,2014-01-01,2015-12-30,Friday,Viernes Promo 25% OFF
2515,1931,30.0,2014-01-01,2015-12-30,Tuesday,Martes Promo 30% OFF
2516,1931,25.0,2014-01-01,2015-12-30,Friday,Viernes Promo 25% OFF
2517,1211,30.0,2014-01-01,2015-12-30,Tuesday,Martes Promo 30% OFF
2518,1211,25.0,2014-01-01,2015-12-30,Friday,Viernes Promo 25% OFF
2519,748,30.0,2014-01-01,2015-12-30,Tuesday,Martes Promo 30% OFF
2520,748,25.0,2014-01-01,2015-12-30,Friday,Viernes Promo 25% OFF
2521,1721,30.0,2014-01-01,2015-12-30,Tuesday,Martes Promo 30% OFF
2522,1721,25.0,2014-01-01,2015-12-30,Friday,Viernes Promo 25% OFF
2523,2716,30.0,2014-01-01,2015-12-30,Tuesday,Martes Promo 30% OFF
2524,2716,25.0,2014-01-01,2015-12-30,Friday,Viernes Promo 25% OFF
2525,1853,30.0,2014-01-01,2015-12-30,Tuesday,Martes Promo 30% OFF
2526,1853,25.0,2014-01-01,2015-12-30,Friday,Viernes Promo 25% OFF
2527,2001,30.0,2014-01-01,2015-12-30,Tuesday,Martes Promo 30% OFF
2528,2001,25.0,2014-01-01,2015-12-30,Friday,Viernes Promo 25% OFF
2529,514,30.0,2014-01-01,2015-12-30,Tuesday,Martes Promo 30% OFF
2530,514,25.0,2014-01-01,2015-12-30,Friday,Viernes Promo 25% OFF
2531,1476,30.0,2014-01-01,2015-12-30,Tuesday,Martes Promo 30% OFF
2532,1476,25.0,2014-01-01,2015-12-30,Friday,Viernes Promo 25% OFF
2533,865,30.0,2014-01-01,2015-12-30,Tuesday,Martes Promo 30% OFF
2534,865,25.0,2014-01-01,2015-12-30,Friday,Viernes Promo 25% OFF
2535,1858,30.0,2014-01-01,2015-12-30,Tuesday,Martes Promo 30% OFF
2536,1858,25.0,2014-01-01,2015-12-30,Friday,Viernes Promo 25% OFF
2537,2175,30.0,2014-01-01,2015-12-30,Tuesday,Martes Promo 30% OFF
2538,2175,25.0,2014-01-01,2015-12-30,Friday,Viernes Promo 25% OFF
2539,2179,30.0,2014-01-01,2015-12-30,Tuesday,Martes Promo 30% OFF
2540,2179,25.0,2014-01-01,2015-12-30,Friday,Viernes Promo 25% OFF
2541,2180,30.0,2014-01-01,2015-12-30,Tuesday,Martes Promo 30% OFF
2542,2180,25.0,2014-01-01,2015-12-30,Friday,Viernes Promo 25% OFF
2543,215,30.0,2014-01-01,2015-12-30,Tuesday,Martes Promo 30% OFF
2544,215,25.0,2014-01-01,2015-12-30,Friday,Viernes Promo 25% OFF
2545,3820,30.0,2014-01-01,2015-12-30,Tuesday,Martes Promo 30% OFF
2546,3820,25.0,2014-01-01,2015-12-30,Friday,Viernes Promo 25% OFF
2547,657,30.0,2014-01-01,2015-12-30,Tuesday,Martes Promo 30% OFF
2548,657,25.0,2014-01-01,2015-12-30,Friday,Viernes Promo 25% OFF
2549,749,30.0,2014-01-01,2015-12-30,Tuesday,Martes Promo 30% OFF
2550,749,25.0,2014-01-01,2015-12-30,Friday,Viernes Promo 25% OFF
2551,750,30.0,2014-01-01,2015-12-30,Tuesday,Martes Promo 30% OFF
2552,750,25.0,2014-01-01,2015-12-30,Friday,Viernes Promo 25% OFF
2553,2405,30.0,2014-01-01,2015-12-30,Tuesday,Martes Promo 30% OFF
2554,2405,25.0,2014-01-01,2015-12-30,Friday,Viernes Promo 25% OFF
2555,2448,30.0,2014-01-01,2015-12-30,Tuesday,Martes Promo 30% OFF
2556,2448,25.0,2014-01-01,2015-12-30,Friday,Viernes Promo 25% OFF
2557,1178,30.0,2014-01-01,2015-12-30,Tuesday,Martes Promo 30% OFF
2558,1178,25.0,2014-01-01,2015-12-30,Friday,Viernes Promo 25% OFF
2559,1168,30.0,2014-01-01,2015-12-30,Tuesday,Martes Promo 30% OFF
2560,1168,25.0,2014-01-01,2015-12-30,Friday,Viernes Promo 25% OFF
2561,466,30.0,2014-01-01,2015-12-30,Tuesday,Martes Promo 30% OFF
2562,466,25.0,2014-01-01,2015-12-30,Friday,Viernes Promo 25% OFF
2563,1400,30.0,2014-01-01,2015-12-30,Tuesday,Martes Promo 30% OFF
2564,1400,25.0,2014-01-01,2015-12-30,Friday,Viernes Promo 25% OFF
2565,504,30.0,2014-01-01,2015-12-30,Tuesday,Martes Promo 30% OFF
2566,504,25.0,2014-01-01,2015-12-30,Friday,Viernes Promo 25% OFF
2567,3672,30.0,2014-01-01,2015-12-30,Tuesday,Martes Promo 30% OFF
2568,3672,25.0,2014-01-01,2015-12-30,Friday,Viernes Promo 25% OFF
2569,1849,30.0,2014-01-01,2015-12-30,Tuesday,Martes Promo 30% OFF
2570,1849,25.0,2014-01-01,2015-12-30,Friday,Viernes Promo 25% OFF
2571,894,30.0,2014-01-01,2015-12-30,Tuesday,Martes Promo 30% OFF
2572,894,25.0,2014-01-01,2015-12-30,Friday,Viernes Promo 25% OFF
2573,1000,30.0,2014-01-01,2015-12-30,Tuesday,Martes Promo 30% OFF
2574,1000,25.0,2014-01-01,2015-12-30,Friday,Viernes Promo 25% OFF
2575,1786,30.0,2014-01-01,2015-12-30,Tuesday,Martes Promo 30% OFF
2576,1786,25.0,2014-01-01,2015-12-30,Friday,Viernes Promo 25% OFF
2577,3753,30.0,2014-01-01,2015-12-30,Tuesday,Martes Promo 30% OFF
2578,3753,25.0,2014-01-01,2015-12-30,Friday,Viernes Promo 25% OFF
2579,1897,30.0,2014-01-01,2015-12-30,Tuesday,Martes Promo 30% OFF
2580,1897,25.0,2014-01-01,2015-12-30,Friday,Viernes Promo 25% OFF
2581,1896,30.0,2014-01-01,2015-12-30,Tuesday,Martes Promo 30% OFF
2582,1896,25.0,2014-01-01,2015-12-30,Friday,Viernes Promo 25% OFF
2583,2849,30.0,2014-01-01,2015-12-30,Tuesday,Martes Promo 30% OFF
2584,2849,25.0,2014-01-01,2015-12-30,Friday,Viernes Promo 25% OFF
2585,2846,30.0,2014-01-01,2015-12-30,Tuesday,Martes Promo 30% OFF
2586,2846,25.0,2014-01-01,2015-12-30,Friday,Viernes Promo 25% OFF
2587,2855,30.0,2014-01-01,2015-12-30,Tuesday,Martes Promo 30% OFF
2588,2855,25.0,2014-01-01,2015-12-30,Friday,Viernes Promo 25% OFF
2589,3561,30.0,2014-01-01,2015-12-30,Tuesday,Martes Promo 30% OFF
2590,3561,25.0,2014-01-01,2015-12-30,Friday,Viernes Promo 25% OFF
2591,3497,30.0,2014-01-01,2015-12-30,Tuesday,Martes Promo 30% OFF
2592,3497,25.0,2014-01-01,2015-12-30,Friday,Viernes Promo 25% OFF
2593,3967,30.0,2014-01-01,2015-12-30,Tuesday,Martes Promo 30% OFF
2594,3967,25.0,2014-01-01,2015-12-30,Friday,Viernes Promo 25% OFF
2595,3948,30.0,2014-01-01,2015-12-30,Tuesday,Martes Promo 30% OFF
2596,3948,25.0,2014-01-01,2015-12-30,Friday,Viernes Promo 25% OFF
2597,3641,30.0,2014-01-01,2015-12-30,Tuesday,Martes Promo 30% OFF
2598,3641,25.0,2014-01-01,2015-12-30,Friday,Viernes Promo 25% OFF
2599,1250,30.0,2014-01-01,2015-12-30,Tuesday,Martes Promo 30% OFF
2600,1250,25.0,2014-01-01,2015-12-30,Friday,Viernes Promo 25% OFF
2601,974,30.0,2014-01-01,2015-12-30,Tuesday,Martes Promo 30% OFF
2602,974,25.0,2014-01-01,2015-12-30,Friday,Viernes Promo 25% OFF
2603,2246,30.0,2014-01-01,2015-12-30,Tuesday,Martes Promo 30% OFF
2604,2246,25.0,2014-01-01,2015-12-30,Friday,Viernes Promo 25% OFF
2605,936,30.0,2014-01-01,2015-12-30,Tuesday,Martes Promo 30% OFF
2606,936,25.0,2014-01-01,2015-12-30,Friday,Viernes Promo 25% OFF
2607,937,30.0,2014-01-01,2015-12-30,Tuesday,Martes Promo 30% OFF
2608,937,25.0,2014-01-01,2015-12-30,Friday,Viernes Promo 25% OFF
2609,1496,30.0,2014-01-01,2015-12-30,Tuesday,Martes Promo 30% OFF
2610,1496,25.0,2014-01-01,2015-12-30,Friday,Viernes Promo 25% OFF
2611,1498,30.0,2014-01-01,2015-12-30,Tuesday,Martes Promo 30% OFF
2612,1498,25.0,2014-01-01,2015-12-30,Friday,Viernes Promo 25% OFF
2613,1660,30.0,2014-01-01,2015-12-30,Tuesday,Martes Promo 30% OFF
2614,1660,25.0,2014-01-01,2015-12-30,Friday,Viernes Promo 25% OFF
2615,1939,30.0,2014-01-01,2015-12-30,Tuesday,Martes Promo 30% OFF
2616,1939,25.0,2014-01-01,2015-12-30,Friday,Viernes Promo 25% OFF
2617,471,30.0,2014-01-01,2015-12-30,Tuesday,Martes Promo 30% OFF
2618,471,25.0,2014-01-01,2015-12-30,Friday,Viernes Promo 25% OFF
2619,3256,30.0,2014-01-01,2015-12-30,Tuesday,Martes Promo 30% OFF
2620,3256,25.0,2014-01-01,2015-12-30,Friday,Viernes Promo 25% OFF
2621,1584,30.0,2014-01-01,2015-12-30,Tuesday,Martes Promo 30% OFF
2622,1584,25.0,2014-01-01,2015-12-30,Friday,Viernes Promo 25% OFF
2623,2618,30.0,2014-01-01,2015-12-30,Tuesday,Martes Promo 30% OFF
2624,2618,25.0,2014-01-01,2015-12-30,Friday,Viernes Promo 25% OFF
2625,3912,30.0,2014-01-01,2015-12-30,Tuesday,Martes Promo 30% OFF
2626,3912,25.0,2014-01-01,2015-12-30,Friday,Viernes Promo 25% OFF
2627,3476,30.0,2014-01-01,2015-12-30,Tuesday,Martes Promo 30% OFF
2628,3476,25.0,2014-01-01,2015-12-30,Friday,Viernes Promo 25% OFF
2629,3840,30.0,2014-01-01,2015-12-30,Tuesday,Martes Promo 30% OFF
2630,3840,25.0,2014-01-01,2015-12-30,Friday,Viernes Promo 25% OFF
2631,1656,30.0,2014-01-01,2015-12-30,Tuesday,Martes Promo 30% OFF
2632,1656,25.0,2014-01-01,2015-12-30,Friday,Viernes Promo 25% OFF
2633,2709,30.0,2014-01-01,2015-12-30,Tuesday,Martes Promo 30% OFF
2634,2709,25.0,2014-01-01,2015-12-30,Friday,Viernes Promo 25% OFF
2635,740,30.0,2014-01-01,2015-12-30,Tuesday,Martes Promo 30% OFF
2636,740,25.0,2014-01-01,2015-12-30,Friday,Viernes Promo 25% OFF
2637,3813,30.0,2014-01-01,2015-12-30,Tuesday,Martes Promo 30% OFF
2638,3813,25.0,2014-01-01,2015-12-30,Friday,Viernes Promo 25% OFF
2639,573,30.0,2014-01-01,2015-12-30,Tuesday,Martes Promo 30% OFF
2640,573,25.0,2014-01-01,2015-12-30,Friday,Viernes Promo 25% OFF
2641,574,30.0,2014-01-01,2015-12-30,Tuesday,Martes Promo 30% OFF
2642,574,25.0,2014-01-01,2015-12-30,Friday,Viernes Promo 25% OFF
2643,2701,30.0,2014-01-01,2015-12-30,Tuesday,Martes Promo 30% OFF
2644,2701,25.0,2014-01-01,2015-12-30,Friday,Viernes Promo 25% OFF
2645,3601,30.0,2014-01-01,2015-12-30,Tuesday,Martes Promo 30% OFF
2646,3601,25.0,2014-01-01,2015-12-30,Friday,Viernes Promo 25% OFF
2647,3717,30.0,2014-01-01,2015-12-30,Tuesday,Martes Promo 30% OFF
2648,3717,25.0,2014-01-01,2015-12-30,Friday,Viernes Promo 25% OFF
2649,2190,30.0,2014-01-01,2015-12-30,Tuesday,Martes Promo 30% OFF
2650,2190,25.0,2014-01-01,2015-12-30,Friday,Viernes Promo 25% OFF
2651,1212,30.0,2014-01-01,2015-12-30,Tuesday,Martes Promo 30% OFF
2652,1212,25.0,2014-01-01,2015-12-30,Friday,Viernes Promo 25% OFF
2653,2929,30.0,2014-01-01,2015-12-30,Tuesday,Martes Promo 30% OFF
2654,2929,25.0,2014-01-01,2015-12-30,Friday,Viernes Promo 25% OFF
2655,2031,30.0,2014-01-01,2015-12-30,Tuesday,Martes Promo 30% OFF
2656,2031,25.0,2014-01-01,2015-12-30,Friday,Viernes Promo 25% OFF
2657,2354,30.0,2014-01-01,2015-12-30,Tuesday,Martes Promo 30% OFF
2658,2354,25.0,2014-01-01,2015-12-30,Friday,Viernes Promo 25% OFF
2659,302,30.0,2014-01-01,2015-12-30,Tuesday,Martes Promo 30% OFF
2660,302,25.0,2014-01-01,2015-12-30,Friday,Viernes Promo 25% OFF
2661,34,30.0,2014-01-01,2015-12-30,Tuesday,Martes Promo 30% OFF
2662,34,25.0,2014-01-01,2015-12-30,Friday,Viernes Promo 25% OFF
2663,841,30.0,2014-01-01,2015-12-30,Tuesday,Martes Promo 30% OFF
2664,841,25.0,2014-01-01,2015-12-30,Friday,Viernes Promo 25% OFF
2665,1679,30.0,2014-01-01,2015-12-30,Tuesday,Martes Promo 30% OFF
2666,1679,25.0,2014-01-01,2015-12-30,Friday,Viernes Promo 25% OFF
2667,1014,30.0,2014-01-01,2015-12-30,Tuesday,Martes Promo 30% OFF
2668,1014,25.0,2014-01-01,2015-12-30,Friday,Viernes Promo 25% OFF
2669,2048,30.0,2014-01-01,2015-12-30,Tuesday,Martes Promo 30% OFF
2670,2048,25.0,2014-01-01,2015-12-30,Friday,Viernes Promo 25% OFF
2671,455,30.0,2014-01-01,2015-12-30,Tuesday,Martes Promo 30% OFF
2672,455,25.0,2014-01-01,2015-12-30,Friday,Viernes Promo 25% OFF
2673,2224,30.0,2014-01-01,2015-12-30,Tuesday,Martes Promo 30% OFF
2674,2224,25.0,2014-01-01,2015-12-30,Friday,Viernes Promo 25% OFF
2675,1917,30.0,2014-01-01,2015-12-30,Tuesday,Martes Promo 30% OFF
2676,1917,25.0,2014-01-01,2015-12-30,Friday,Viernes Promo 25% OFF
2677,3355,30.0,2014-01-01,2015-12-30,Tuesday,Martes Promo 30% OFF
2678,3355,25.0,2014-01-01,2015-12-30,Friday,Viernes Promo 25% OFF
2679,588,30.0,2014-01-01,2015-12-30,Tuesday,Martes Promo 30% OFF
2680,588,25.0,2014-01-01,2015-12-30,Friday,Viernes Promo 25% OFF
2681,1927,30.0,2014-01-01,2015-12-30,Tuesday,Martes Promo 30% OFF
2682,1927,25.0,2014-01-01,2015-12-30,Friday,Viernes Promo 25% OFF
2683,1918,30.0,2014-01-01,2015-12-30,Tuesday,Martes Promo 30% OFF
2684,1918,25.0,2014-01-01,2015-12-30,Friday,Viernes Promo 25% OFF
2685,156,30.0,2014-01-01,2015-12-30,Tuesday,Martes Promo 30% OFF
2686,156,25.0,2014-01-01,2015-12-30,Friday,Viernes Promo 25% OFF
2687,107,30.0,2014-01-01,2015-12-30,Tuesday,Martes Promo 30% OFF
2688,107,25.0,2014-01-01,2015-12-30,Friday,Viernes Promo 25% OFF
2689,3146,30.0,2014-01-01,2015-12-30,Tuesday,Martes Promo 30% OFF
2690,3146,25.0,2014-01-01,2015-12-30,Friday,Viernes Promo 25% OFF
2691,2970,30.0,2014-01-01,2015-12-30,Tuesday,Martes Promo 30% OFF
2692,2970,25.0,2014-01-01,2015-12-30,Friday,Viernes Promo 25% OFF
2693,548,30.0,2014-01-01,2015-12-30,Tuesday,Martes Promo 30% OFF
2694,548,25.0,2014-01-01,2015-12-30,Friday,Viernes Promo 25% OFF
2695,337,30.0,2014-01-01,2015-12-30,Tuesday,Martes Promo 30% OFF
2696,337,25.0,2014-01-01,2015-12-30,Friday,Viernes Promo 25% OFF
2697,1701,30.0,2014-01-01,2015-12-30,Tuesday,Martes Promo 30% OFF
2698,1701,25.0,2014-01-01,2015-12-30,Friday,Viernes Promo 25% OFF
2699,93,30.0,2014-01-01,2015-12-30,Tuesday,Martes Promo 30% OFF
2700,93,25.0,2014-01-01,2015-12-30,Friday,Viernes Promo 25% OFF
2701,1877,30.0,2014-01-01,2015-12-30,Tuesday,Martes Promo 30% OFF
2702,1877,25.0,2014-01-01,2015-12-30,Friday,Viernes Promo 25% OFF
2703,2312,30.0,2014-01-01,2015-12-30,Tuesday,Martes Promo 30% OFF
2704,2312,25.0,2014-01-01,2015-12-30,Friday,Viernes Promo 25% OFF
2705,3227,30.0,2014-01-01,2015-12-30,Tuesday,Martes Promo 30% OFF
2706,3227,25.0,2014-01-01,2015-12-30,Friday,Viernes Promo 25% OFF
2707,223,30.0,2014-01-01,2015-12-30,Tuesday,Martes Promo 30% OFF
2708,223,25.0,2014-01-01,2015-12-30,Friday,Viernes Promo 25% OFF
2709,3677,30.0,2014-01-01,2015-12-30,Tuesday,Martes Promo 30% OFF
2710,3677,25.0,2014-01-01,2015-12-30,Friday,Viernes Promo 25% OFF
2711,4007,30.0,2014-01-01,2015-12-30,Tuesday,Martes Promo 30% OFF
2712,4007,25.0,2014-01-01,2015-12-30,Friday,Viernes Promo 25% OFF
2713,64,30.0,2014-01-01,2015-12-30,Tuesday,Martes Promo 30% OFF
2714,64,25.0,2014-01-01,2015-12-30,Friday,Viernes Promo 25% OFF
2715,3230,30.0,2014-01-01,2015-12-30,Tuesday,Martes Promo 30% OFF
2716,3230,25.0,2014-01-01,2015-12-30,Friday,Viernes Promo 25% OFF
2717,2946,30.0,2014-01-01,2015-12-30,Tuesday,Martes Promo 30% OFF
2718,2946,25.0,2014-01-01,2015-12-30,Friday,Viernes Promo 25% OFF
2719,2366,30.0,2014-01-01,2015-12-30,Tuesday,Martes Promo 30% OFF
2720,2366,25.0,2014-01-01,2015-12-30,Friday,Viernes Promo 25% OFF
2721,1323,30.0,2014-01-01,2015-12-30,Tuesday,Martes Promo 30% OFF
2722,1323,25.0,2014-01-01,2015-12-30,Friday,Viernes Promo 25% OFF
2723,3707,30.0,2014-01-01,2015-12-30,Tuesday,Martes Promo 30% OFF
2724,3707,25.0,2014-01-01,2015-12-30,Friday,Viernes Promo 25% OFF
2725,3217,30.0,2014-01-01,2015-12-30,Tuesday,Martes Promo 30% OFF
2726,3217,25.0,2014-01-01,2015-12-30,Friday,Viernes Promo 25% OFF
2727,1677,30.0,2014-01-01,2015-12-30,Tuesday,Martes Promo 30% OFF
2728,1677,25.0,2014-01-01,2015-12-30,Friday,Viernes Promo 25% OFF
2729,1181,30.0,2014-01-01,2015-12-30,Tuesday,Martes Promo 30% OFF
2730,1181,25.0,2014-01-01,2015-12-30,Friday,Viernes Promo 25% OFF
2731,222,30.0,2014-01-01,2015-12-30,Tuesday,Martes Promo 30% OFF
2732,222,25.0,2014-01-01,2015-12-30,Friday,Viernes Promo 25% OFF
2733,1139,30.0,2014-01-01,2015-12-30,Tuesday,Martes Promo 30% OFF
2734,1139,25.0,2014-01-01,2015-12-30,Friday,Viernes Promo 25% OFF
2735,3363,30.0,2014-01-01,2015-12-30,Tuesday,Martes Promo 30% OFF
2736,3363,25.0,2014-01-01,2015-12-30,Friday,Viernes Promo 25% OFF
2737,597,30.0,2014-01-01,2015-12-30,Tuesday,Martes Promo 30% OFF
2738,597,25.0,2014-01-01,2015-12-30,Friday,Viernes Promo 25% OFF
2739,2653,30.0,2014-01-01,2015-12-30,Tuesday,Martes Promo 30% OFF
2740,2653,25.0,2014-01-01,2015-12-30,Friday,Viernes Promo 25% OFF
2741,1290,30.0,2014-01-01,2015-12-30,Tuesday,Martes Promo 30% OFF
2742,1290,25.0,2014-01-01,2015-12-30,Friday,Viernes Promo 25% OFF
2743,2813,30.0,2014-01-01,2015-12-30,Tuesday,Martes Promo 30% OFF
2744,2813,25.0,2014-01-01,2015-12-30,Friday,Viernes Promo 25% OFF
2745,2597,30.0,2014-01-01,2015-12-30,Tuesday,Martes Promo 30% OFF
2746,2597,25.0,2014-01-01,2015-12-30,Friday,Viernes Promo 25% OFF
2747,508,30.0,2014-01-01,2015-12-30,Tuesday,Martes Promo 30% OFF
2748,508,25.0,2014-01-01,2015-12-30,Friday,Viernes Promo 25% OFF
2749,1572,30.0,2014-01-01,2015-12-30,Tuesday,Martes Promo 30% OFF
2750,1572,25.0,2014-01-01,2015-12-30,Friday,Viernes Promo 25% OFF
2751,2510,30.0,2014-01-01,2015-12-30,Tuesday,Martes Promo 30% OFF
2752,2510,25.0,2014-01-01,2015-12-30,Friday,Viernes Promo 25% OFF
2753,3035,30.0,2014-01-01,2015-12-30,Tuesday,Martes Promo 30% OFF
2754,3035,25.0,2014-01-01,2015-12-30,Friday,Viernes Promo 25% OFF
2755,2645,30.0,2014-01-01,2015-12-30,Tuesday,Martes Promo 30% OFF
2756,2645,25.0,2014-01-01,2015-12-30,Friday,Viernes Promo 25% OFF
2757,678,30.0,2014-01-01,2015-12-30,Tuesday,Martes Promo 30% OFF
2758,678,25.0,2014-01-01,2015-12-30,Friday,Viernes Promo 25% OFF
2759,4003,30.0,2014-01-01,2015-12-30,Tuesday,Martes Promo 30% OFF
2760,4003,25.0,2014-01-01,2015-12-30,Friday,Viernes Promo 25% OFF
2761,2851,30.0,2014-01-01,2015-12-30,Tuesday,Martes Promo 30% OFF
2762,2851,25.0,2014-01-01,2015-12-30,Friday,Viernes Promo 25% OFF
2763,1199,30.0,2014-01-01,2015-12-30,Tuesday,Martes Promo 30% OFF
2764,1199,25.0,2014-01-01,2015-12-30,Friday,Viernes Promo 25% OFF
2765,1185,30.0,2014-01-01,2015-12-30,Tuesday,Martes Promo 30% OFF
2766,1185,25.0,2014-01-01,2015-12-30,Friday,Viernes Promo 25% OFF
2767,2186,30.0,2014-01-01,2015-12-30,Tuesday,Martes Promo 30% OFF
2768,2186,25.0,2014-01-01,2015-12-30,Friday,Viernes Promo 25% OFF
2769,1715,30.0,2014-01-01,2015-12-30,Tuesday,Martes Promo 30% OFF
2770,1715,25.0,2014-01-01,2015-12-30,Friday,Viernes Promo 25% OFF
2771,2439,30.0,2014-01-01,2015-12-30,Tuesday,Martes Promo 30% OFF
2772,2439,25.0,2014-01-01,2015-12-30,Friday,Viernes Promo 25% OFF
2773,3490,30.0,2014-01-01,2015-12-30,Tuesday,Martes Promo 30% OFF
2774,3490,25.0,2014-01-01,2015-12-30,Friday,Viernes Promo 25% OFF
2775,3718,30.0,2014-01-01,2015-12-30,Tuesday,Martes Promo 30% OFF
2776,3718,25.0,2014-01-01,2015-12-30,Friday,Viernes Promo 25% OFF
2777,1057,30.0,2014-01-01,2015-12-30,Tuesday,Martes Promo 30% OFF
2778,1057,25.0,2014-01-01,2015-12-30,Friday,Viernes Promo 25% OFF
2779,2485,30.0,2014-01-01,2015-12-30,Tuesday,Martes Promo 30% OFF
2780,2485,25.0,2014-01-01,2015-12-30,Friday,Viernes Promo 25% OFF
2781,2218,30.0,2014-01-01,2015-12-30,Tuesday,Martes Promo 30% OFF
2782,2218,25.0,2014-01-01,2015-12-30,Friday,Viernes Promo 25% OFF
2783,2093,30.0,2014-01-01,2015-12-30,Tuesday,Martes Promo 30% OFF
2784,2093,25.0,2014-01-01,2015-12-30,Friday,Viernes Promo 25% OFF
2785,301,30.0,2014-01-01,2015-12-30,Tuesday,Martes Promo 30% OFF
2786,301,25.0,2014-01-01,2015-12-30,Friday,Viernes Promo 25% OFF
2787,293,30.0,2014-01-01,2015-12-30,Tuesday,Martes Promo 30% OFF
2788,293,25.0,2014-01-01,2015-12-30,Friday,Viernes Promo 25% OFF
2789,3216,30.0,2014-01-01,2015-12-30,Tuesday,Martes Promo 30% OFF
2790,3216,25.0,2014-01-01,2015-12-30,Friday,Viernes Promo 25% OFF
2791,2931,30.0,2014-01-01,2015-12-30,Tuesday,Martes Promo 30% OFF
2792,2931,25.0,2014-01-01,2015-12-30,Friday,Viernes Promo 25% OFF
2793,2085,30.0,2014-01-01,2015-12-30,Tuesday,Martes Promo 30% OFF
2794,2085,25.0,2014-01-01,2015-12-30,Friday,Viernes Promo 25% OFF
2795,768,30.0,2014-01-01,2015-12-30,Tuesday,Martes Promo 30% OFF
2796,768,25.0,2014-01-01,2015-12-30,Friday,Viernes Promo 25% OFF
2797,1426,30.0,2014-01-01,2015-12-30,Tuesday,Martes Promo 30% OFF
2798,1426,25.0,2014-01-01,2015-12-30,Friday,Viernes Promo 25% OFF
2799,1325,30.0,2014-01-01,2015-12-30,Tuesday,Martes Promo 30% OFF
2800,1325,25.0,2014-01-01,2015-12-30,Friday,Viernes Promo 25% OFF
2801,2501,30.0,2014-01-01,2015-12-30,Tuesday,Martes Promo 30% OFF
2802,2501,25.0,2014-01-01,2015-12-30,Friday,Viernes Promo 25% OFF
2803,1682,30.0,2014-01-01,2015-12-30,Tuesday,Martes Promo 30% OFF
2804,1682,25.0,2014-01-01,2015-12-30,Friday,Viernes Promo 25% OFF
2805,839,30.0,2014-01-01,2015-12-30,Tuesday,Martes Promo 30% OFF
2806,839,25.0,2014-01-01,2015-12-30,Friday,Viernes Promo 25% OFF
2807,310,30.0,2014-01-01,2015-12-30,Tuesday,Martes Promo 30% OFF
2808,310,25.0,2014-01-01,2015-12-30,Friday,Viernes Promo 25% OFF
2809,62,30.0,2014-01-01,2015-12-30,Tuesday,Martes Promo 30% OFF
2810,62,25.0,2014-01-01,2015-12-30,Friday,Viernes Promo 25% OFF
2811,61,30.0,2014-01-01,2015-12-30,Tuesday,Martes Promo 30% OFF
2812,61,25.0,2014-01-01,2015-12-30,Friday,Viernes Promo 25% OFF
2813,285,30.0,2014-01-01,2015-12-30,Tuesday,Martes Promo 30% OFF
2814,285,25.0,2014-01-01,2015-12-30,Friday,Viernes Promo 25% OFF
2815,797,30.0,2014-01-01,2015-12-30,Tuesday,Martes Promo 30% OFF
2816,797,25.0,2014-01-01,2015-12-30,Friday,Viernes Promo 25% OFF
2817,1801,30.0,2014-01-01,2015-12-30,Tuesday,Martes Promo 30% OFF
2818,1801,25.0,2014-01-01,2015-12-30,Friday,Viernes Promo 25% OFF
2819,3315,30.0,2014-01-01,2015-12-30,Tuesday,Martes Promo 30% OFF
2820,3315,25.0,2014-01-01,2015-12-30,Friday,Viernes Promo 25% OFF
2821,3935,30.0,2014-01-01,2015-12-30,Tuesday,Martes Promo 30% OFF
2822,3935,25.0,2014-01-01,2015-12-30,Friday,Viernes Promo 25% OFF
2823,1722,30.0,2014-01-01,2015-12-30,Tuesday,Martes Promo 30% OFF
2824,1722,25.0,2014-01-01,2015-12-30,Friday,Viernes Promo 25% OFF
2825,17,30.0,2014-01-01,2015-12-30,Tuesday,Martes Promo 30% OFF
2826,17,25.0,2014-01-01,2015-12-30,Friday,Viernes Promo 25% OFF
2827,410,30.0,2014-01-01,2015-12-30,Tuesday,Martes Promo 30% OFF
2828,410,25.0,2014-01-01,2015-12-30,Friday,Viernes Promo 25% OFF
2829,3747,30.0,2014-01-01,2015-12-30,Tuesday,Martes Promo 30% OFF
2830,3747,25.0,2014-01-01,2015-12-30,Friday,Viernes Promo 25% OFF
2831,2105,30.0,2014-01-01,2015-12-30,Tuesday,Martes Promo 30% OFF
2832,2105,25.0,2014-01-01,2015-12-30,Friday,Viernes Promo 25% OFF
2833,1342,30.0,2014-01-01,2015-12-30,Tuesday,Martes Promo 30% OFF
2834,1342,25.0,2014-01-01,2015-12-30,Friday,Viernes Promo 25% OFF
2835,3343,30.0,2014-01-01,2015-12-30,Tuesday,Martes Promo 30% OFF
2836,3343,25.0,2014-01-01,2015-12-30,Friday,Viernes Promo 25% OFF
2837,2174,30.0,2014-01-01,2015-12-30,Tuesday,Martes Promo 30% OFF
2838,2174,25.0,2014-01-01,2015-12-30,Friday,Viernes Promo 25% OFF
2839,444,30.0,2014-01-01,2015-12-30,Tuesday,Martes Promo 30% OFF
2840,444,25.0,2014-01-01,2015-12-30,Friday,Viernes Promo 25% OFF
2841,362,30.0,2014-01-01,2015-12-30,Tuesday,Martes Promo 30% OFF
2842,362,25.0,2014-01-01,2015-12-30,Friday,Viernes Promo 25% OFF
2843,3757,30.0,2014-01-01,2015-12-30,Tuesday,Martes Promo 30% OFF
2844,3757,25.0,2014-01-01,2015-12-30,Friday,Viernes Promo 25% OFF
2845,505,30.0,2014-01-01,2015-12-30,Tuesday,Martes Promo 30% OFF
2846,505,25.0,2014-01-01,2015-12-30,Friday,Viernes Promo 25% OFF
2847,3333,30.0,2014-01-01,2015-12-30,Tuesday,Martes Promo 30% OFF
2848,3333,25.0,2014-01-01,2015-12-30,Friday,Viernes Promo 25% OFF
2849,474,30.0,2014-01-01,2015-12-30,Tuesday,Martes Promo 30% OFF
2850,474,25.0,2014-01-01,2015-12-30,Friday,Viernes Promo 25% OFF
2851,470,30.0,2014-01-01,2015-12-30,Tuesday,Martes Promo 30% OFF
2852,470,25.0,2014-01-01,2015-12-30,Friday,Viernes Promo 25% OFF
2853,935,30.0,2014-01-01,2015-12-30,Tuesday,Martes Promo 30% OFF
2854,935,25.0,2014-01-01,2015-12-30,Friday,Viernes Promo 25% OFF
2855,2052,30.0,2014-01-01,2015-12-30,Tuesday,Martes Promo 30% OFF
2856,2052,25.0,2014-01-01,2015-12-30,Friday,Viernes Promo 25% OFF
2857,462,30.0,2014-01-01,2015-12-30,Tuesday,Martes Promo 30% OFF
2858,462,25.0,2014-01-01,2015-12-30,Friday,Viernes Promo 25% OFF
2859,483,30.0,2014-01-01,2015-12-30,Tuesday,Martes Promo 30% OFF
2860,483,25.0,2014-01-01,2015-12-30,Friday,Viernes Promo 25% OFF
2861,3639,30.0,2014-01-01,2015-12-30,Tuesday,Martes Promo 30% OFF
2862,3639,25.0,2014-01-01,2015-12-30,Friday,Viernes Promo 25% OFF
2863,226,30.0,2014-01-01,2015-12-30,Tuesday,Martes Promo 30% OFF
2864,226,25.0,2014-01-01,2015-12-30,Friday,Viernes Promo 25% OFF
2865,236,30.0,2014-01-01,2015-12-30,Tuesday,Martes Promo 30% OFF
2866,236,25.0,2014-01-01,2015-12-30,Friday,Viernes Promo 25% OFF
2867,2834,30.0,2014-01-01,2015-12-30,Tuesday,Martes Promo 30% OFF
2868,2834,25.0,2014-01-01,2015-12-30,Friday,Viernes Promo 25% OFF
2869,2051,30.0,2014-01-01,2015-12-30,Tuesday,Martes Promo 30% OFF
2870,2051,25.0,2014-01-01,2015-12-30,Friday,Viernes Promo 25% OFF
2871,204,30.0,2014-01-01,2015-12-30,Tuesday,Martes Promo 30% OFF
2872,204,25.0,2014-01-01,2015-12-30,Friday,Viernes Promo 25% OFF
2873,1408,30.0,2014-01-01,2015-12-30,Tuesday,Martes Promo 30% OFF
2874,1408,25.0,2014-01-01,2015-12-30,Friday,Viernes Promo 25% OFF
2875,2975,30.0,2014-01-01,2015-12-30,Tuesday,Martes Promo 30% OFF
2876,2975,25.0,2014-01-01,2015-12-30,Friday,Viernes Promo 25% OFF
2877,1013,30.0,2014-01-01,2015-12-30,Tuesday,Martes Promo 30% OFF
2878,1013,25.0,2014-01-01,2015-12-30,Friday,Viernes Promo 25% OFF
2879,2193,30.0,2014-01-01,2015-12-30,Tuesday,Martes Promo 30% OFF
2880,2193,25.0,2014-01-01,2015-12-30,Friday,Viernes Promo 25% OFF
2881,3231,30.0,2014-01-01,2015-12-30,Tuesday,Martes Promo 30% OFF
2882,3231,25.0,2014-01-01,2015-12-30,Friday,Viernes Promo 25% OFF
2883,2273,30.0,2014-01-01,2015-12-30,Tuesday,Martes Promo 30% OFF
2884,2273,25.0,2014-01-01,2015-12-30,Friday,Viernes Promo 25% OFF
2885,2269,30.0,2014-01-01,2015-12-30,Tuesday,Martes Promo 30% OFF
2886,2269,25.0,2014-01-01,2015-12-30,Friday,Viernes Promo 25% OFF
2887,509,30.0,2014-01-01,2015-12-30,Tuesday,Martes Promo 30% OFF
2888,509,25.0,2014-01-01,2015-12-30,Friday,Viernes Promo 25% OFF
2889,2660,30.0,2014-01-01,2015-12-30,Tuesday,Martes Promo 30% OFF
2890,2660,25.0,2014-01-01,2015-12-30,Friday,Viernes Promo 25% OFF
2891,2840,30.0,2014-01-01,2015-12-30,Tuesday,Martes Promo 30% OFF
2892,2840,25.0,2014-01-01,2015-12-30,Friday,Viernes Promo 25% OFF
2893,2173,30.0,2014-01-01,2015-12-30,Tuesday,Martes Promo 30% OFF
2894,2173,25.0,2014-01-01,2015-12-30,Friday,Viernes Promo 25% OFF
2895,3491,30.0,2014-01-01,2015-12-30,Tuesday,Martes Promo 30% OFF
2896,3491,25.0,2014-01-01,2015-12-30,Friday,Viernes Promo 25% OFF
2897,2550,30.0,2014-01-01,2015-12-30,Tuesday,Martes Promo 30% OFF
2898,2550,25.0,2014-01-01,2015-12-30,Friday,Viernes Promo 25% OFF
2899,1482,30.0,2014-01-01,2015-12-30,Tuesday,Martes Promo 30% OFF
2900,1482,25.0,2014-01-01,2015-12-30,Friday,Viernes Promo 25% OFF
2901,1479,30.0,2014-01-01,2015-12-30,Tuesday,Martes Promo 30% OFF
2902,1479,25.0,2014-01-01,2015-12-30,Friday,Viernes Promo 25% OFF
2903,1484,30.0,2014-01-01,2015-12-30,Tuesday,Martes Promo 30% OFF
2904,1484,25.0,2014-01-01,2015-12-30,Friday,Viernes Promo 25% OFF
2905,282,30.0,2014-01-01,2015-12-30,Tuesday,Martes Promo 30% OFF
2906,282,25.0,2014-01-01,2015-12-30,Friday,Viernes Promo 25% OFF
2907,2231,30.0,2014-01-01,2015-12-30,Tuesday,Martes Promo 30% OFF
2908,2231,25.0,2014-01-01,2015-12-30,Friday,Viernes Promo 25% OFF
2909,3038,30.0,2014-01-01,2015-12-30,Tuesday,Martes Promo 30% OFF
2910,3038,25.0,2014-01-01,2015-12-30,Friday,Viernes Promo 25% OFF
2911,427,30.0,2014-01-01,2015-12-30,Tuesday,Martes Promo 30% OFF
2912,427,25.0,2014-01-01,2015-12-30,Friday,Viernes Promo 25% OFF
2913,3303,30.0,2014-01-01,2015-12-30,Tuesday,Martes Promo 30% OFF
2914,3303,25.0,2014-01-01,2015-12-30,Friday,Viernes Promo 25% OFF
2915,1512,30.0,2014-01-01,2015-12-30,Tuesday,Martes Promo 30% OFF
2916,1512,25.0,2014-01-01,2015-12-30,Friday,Viernes Promo 25% OFF
2917,3034,30.0,2014-01-01,2015-12-30,Tuesday,Martes Promo 30% OFF
2918,3034,25.0,2014-01-01,2015-12-30,Friday,Viernes Promo 25% OFF
2919,742,30.0,2014-01-01,2015-12-30,Tuesday,Martes Promo 30% OFF
2920,742,25.0,2014-01-01,2015-12-30,Friday,Viernes Promo 25% OFF
2921,1422,30.0,2014-01-01,2015-12-30,Tuesday,Martes Promo 30% OFF
2922,1422,25.0,2014-01-01,2015-12-30,Friday,Viernes Promo 25% OFF
2923,41,30.0,2014-01-01,2015-12-30,Tuesday,Martes Promo 30% OFF
2924,41,25.0,2014-01-01,2015-12-30,Friday,Viernes Promo 25% OFF
2925,2523,30.0,2014-01-01,2015-12-30,Tuesday,Martes Promo 30% OFF
2926,2523,25.0,2014-01-01,2015-12-30,Friday,Viernes Promo 25% OFF
2927,3276,30.0,2014-01-01,2015-12-30,Tuesday,Martes Promo 30% OFF
2928,3276,25.0,2014-01-01,2015-12-30,Friday,Viernes Promo 25% OFF
2929,1242,30.0,2014-01-01,2015-12-30,Tuesday,Martes Promo 30% OFF
2930,1242,25.0,2014-01-01,2015-12-30,Friday,Viernes Promo 25% OFF
2931,3552,30.0,2014-01-01,2015-12-30,Tuesday,Martes Promo 30% OFF
2932,3552,25.0,2014-01-01,2015-12-30,Friday,Viernes Promo 25% OFF
2933,1494,30.0,2014-01-01,2015-12-30,Tuesday,Martes Promo 30% OFF
2934,1494,25.0,2014-01-01,2015-12-30,Friday,Viernes Promo 25% OFF
2935,3251,30.0,2014-01-01,2015-12-30,Tuesday,Martes Promo 30% OFF
2936,3251,25.0,2014-01-01,2015-12-30,Friday,Viernes Promo 25% OFF
2937,604,30.0,2014-01-01,2015-12-30,Tuesday,Martes Promo 30% OFF
2938,604,25.0,2014-01-01,2015-12-30,Friday,Viernes Promo 25% OFF
2939,3210,30.0,2014-01-01,2015-12-30,Tuesday,Martes Promo 30% OFF
2940,3210,25.0,2014-01-01,2015-12-30,Friday,Viernes Promo 25% OFF
2941,3185,30.0,2014-01-01,2015-12-30,Tuesday,Martes Promo 30% OFF
2942,3185,25.0,2014-01-01,2015-12-30,Friday,Viernes Promo 25% OFF
2943,2198,30.0,2014-01-01,2015-12-30,Tuesday,Martes Promo 30% OFF
2944,2198,25.0,2014-01-01,2015-12-30,Friday,Viernes Promo 25% OFF
2945,1397,30.0,2014-01-01,2015-12-30,Tuesday,Martes Promo 30% OFF
2946,1397,25.0,2014-01-01,2015-12-30,Friday,Viernes Promo 25% OFF
2947,1990,30.0,2014-01-01,2015-12-30,Tuesday,Martes Promo 30% OFF
2948,1990,25.0,2014-01-01,2015-12-30,Friday,Viernes Promo 25% OFF
2949,2194,30.0,2014-01-01,2015-12-30,Tuesday,Martes Promo 30% OFF
2950,2194,25.0,2014-01-01,2015-12-30,Friday,Viernes Promo 25% OFF
2951,1369,30.0,2014-01-01,2015-12-30,Tuesday,Martes Promo 30% OFF
2952,1369,25.0,2014-01-01,2015-12-30,Friday,Viernes Promo 25% OFF
2953,2797,30.0,2014-01-01,2015-12-30,Tuesday,Martes Promo 30% OFF
2954,2797,25.0,2014-01-01,2015-12-30,Friday,Viernes Promo 25% OFF
2955,2717,30.0,2014-01-01,2015-12-30,Tuesday,Martes Promo 30% OFF
2956,2717,25.0,2014-01-01,2015-12-30,Friday,Viernes Promo 25% OFF
2957,1362,30.0,2014-01-01,2015-12-30,Tuesday,Martes Promo 30% OFF
2958,1362,25.0,2014-01-01,2015-12-30,Friday,Viernes Promo 25% OFF
2959,1363,30.0,2014-01-01,2015-12-30,Tuesday,Martes Promo 30% OFF
2960,1363,25.0,2014-01-01,2015-12-30,Friday,Viernes Promo 25% OFF
2961,3779,30.0,2014-01-01,2015-12-30,Tuesday,Martes Promo 30% OFF
2962,3779,25.0,2014-01-01,2015-12-30,Friday,Viernes Promo 25% OFF
2963,1164,30.0,2014-01-01,2015-12-30,Tuesday,Martes Promo 30% OFF
2964,1164,25.0,2014-01-01,2015-12-30,Friday,Viernes Promo 25% OFF
2965,1163,30.0,2014-01-01,2015-12-30,Tuesday,Martes Promo 30% OFF
2966,1163,25.0,2014-01-01,2015-12-30,Friday,Viernes Promo 25% OFF
2967,3538,30.0,2014-01-01,2015-12-30,Tuesday,Martes Promo 30% OFF
2968,3538,25.0,2014-01-01,2015-12-30,Friday,Viernes Promo 25% OFF
2969,1289,30.0,2014-01-01,2015-12-30,Tuesday,Martes Promo 30% OFF
2970,1289,25.0,2014-01-01,2015-12-30,Friday,Viernes Promo 25% OFF
2971,1497,30.0,2014-01-01,2015-12-30,Tuesday,Martes Promo 30% OFF
2972,1497,25.0,2014-01-01,2015-12-30,Friday,Viernes Promo 25% OFF
2973,649,30.0,2014-01-01,2015-12-30,Tuesday,Martes Promo 30% OFF
2974,649,25.0,2014-01-01,2015-12-30,Friday,Viernes Promo 25% OFF
2975,48,30.0,2014-01-01,2015-12-30,Tuesday,Martes Promo 30% OFF
2976,48,25.0,2014-01-01,2015-12-30,Friday,Viernes Promo 25% OFF
2977,65,30.0,2014-01-01,2015-12-30,Tuesday,Martes Promo 30% OFF
2978,65,25.0,2014-01-01,2015-12-30,Friday,Viernes Promo 25% OFF
2979,951,30.0,2014-01-01,2015-12-30,Tuesday,Martes Promo 30% OFF
2980,951,25.0,2014-01-01,2015-12-30,Friday,Viernes Promo 25% OFF
2981,905,30.0,2014-01-01,2015-12-30,Tuesday,Martes Promo 30% OFF
2982,905,25.0,2014-01-01,2015-12-30,Friday,Viernes Promo 25% OFF
2983,3846,30.0,2014-01-01,2015-12-30,Tuesday,Martes Promo 30% OFF
2984,3846,25.0,2014-01-01,2015-12-30,Friday,Viernes Promo 25% OFF
2985,646,30.0,2014-01-01,2015-12-30,Tuesday,Martes Promo 30% OFF
2986,646,25.0,2014-01-01,2015-12-30,Friday,Viernes Promo 25% OFF
2987,647,30.0,2014-01-01,2015-12-30,Tuesday,Martes Promo 30% OFF
2988,647,25.0,2014-01-01,2015-12-30,Friday,Viernes Promo 25% OFF
2989,1657,30.0,2014-01-01,2015-12-30,Tuesday,Martes Promo 30% OFF
2990,1657,25.0,2014-01-01,2015-12-30,Friday,Viernes Promo 25% OFF
2991,2928,30.0,2014-01-01,2015-12-30,Tuesday,Martes Promo 30% OFF
2992,2928,25.0,2014-01-01,2015-12-30,Friday,Viernes Promo 25% OFF
2993,167,30.0,2014-01-01,2015-12-30,Tuesday,Martes Promo 30% OFF
2994,167,25.0,2014-01-01,2015-12-30,Friday,Viernes Promo 25% OFF
2995,168,30.0,2014-01-01,2015-12-30,Tuesday,Martes Promo 30% OFF
2996,168,25.0,2014-01-01,2015-12-30,Friday,Viernes Promo 25% OFF
2997,3768,30.0,2014-01-01,2015-12-30,Tuesday,Martes Promo 30% OFF
2998,3768,25.0,2014-01-01,2015-12-30,Friday,Viernes Promo 25% OFF
2999,300,30.0,2014-01-01,2015-12-30,Tuesday,Martes Promo 30% OFF
3000,300,25.0,2014-01-01,2015-12-30,Friday,Viernes Promo 25% OFF
3001,2054,30.0,2014-01-01,2015-12-30,Tuesday,Martes Promo 30% OFF
3002,2054,25.0,2014-01-01,2015-12-30,Friday,Viernes Promo 25% OFF
3003,240,30.0,2014-01-01,2015-12-30,Tuesday,Martes Promo 30% OFF
3004,240,25.0,2014-01-01,2015-12-30,Friday,Viernes Promo 25% OFF
3005,1647,30.0,2014-01-01,2015-12-30,Tuesday,Martes Promo 30% OFF
3006,1647,25.0,2014-01-01,2015-12-30,Friday,Viernes Promo 25% OFF
3007,202,30.0,2014-01-01,2015-12-30,Tuesday,Martes Promo 30% OFF
3008,202,25.0,2014-01-01,2015-12-30,Friday,Viernes Promo 25% OFF
3009,1338,30.0,2014-01-01,2015-12-30,Tuesday,Martes Promo 30% OFF
3010,1338,25.0,2014-01-01,2015-12-30,Friday,Viernes Promo 25% OFF
3011,3530,30.0,2014-01-01,2015-12-30,Tuesday,Martes Promo 30% OFF
3012,3530,25.0,2014-01-01,2015-12-30,Friday,Viernes Promo 25% OFF
3013,843,30.0,2014-01-01,2015-12-30,Tuesday,Martes Promo 30% OFF
3014,843,25.0,2014-01-01,2015-12-30,Friday,Viernes Promo 25% OFF
3015,977,30.0,2014-01-01,2015-12-30,Tuesday,Martes Promo 30% OFF
3016,977,25.0,2014-01-01,2015-12-30,Friday,Viernes Promo 25% OFF
3017,3995,30.0,2014-01-01,2015-12-30,Tuesday,Martes Promo 30% OFF
3018,3995,25.0,2014-01-01,2015-12-30,Friday,Viernes Promo 25% OFF
3019,3876,30.0,2014-01-01,2015-12-30,Tuesday,Martes Promo 30% OFF
3020,3876,25.0,2014-01-01,2015-12-30,Friday,Viernes Promo 25% OFF
3021,1227,30.0,2014-01-01,2015-12-30,Tuesday,Martes Promo 30% OFF
3022,1227,25.0,2014-01-01,2015-12-30,Friday,Viernes Promo 25% OFF
3023,1222,30.0,2014-01-01,2015-12-30,Tuesday,Martes Promo 30% OFF
3024,1222,25.0,2014-01-01,2015-12-30,Friday,Viernes Promo 25% OFF
3025,6,30.0,2014-01-01,2015-12-30,Tuesday,Martes Promo 30% OFF
3026,6,25.0,2014-01-01,2015-12-30,Friday,Viernes Promo 25% OFF
3027,3392,30.0,2014-01-01,2015-12-30,Tuesday,Martes Promo 30% OFF
3028,3392,25.0,2014-01-01,2015-12-30,Friday,Viernes Promo 25% OFF
3029,722,30.0,2014-01-01,2015-12-30,Tuesday,Martes Promo 30% OFF
3030,722,25.0,2014-01-01,2015-12-30,Friday,Viernes Promo 25% OFF
3031,940,30.0,2014-01-01,2015-12-30,Tuesday,Martes Promo 30% OFF
3032,940,25.0,2014-01-01,2015-12-30,Friday,Viernes Promo 25% OFF
3033,324,30.0,2014-01-01,2015-12-30,Tuesday,Martes Promo 30% OFF
3034,324,25.0,2014-01-01,2015-12-30,Friday,Viernes Promo 25% OFF
3035,3506,30.0,2014-01-01,2015-12-30,Tuesday,Martes Promo 30% OFF
3036,3506,25.0,2014-01-01,2015-12-30,Friday,Viernes Promo 25% OFF
3037,2764,30.0,2014-01-01,2015-12-30,Tuesday,Martes Promo 30% OFF
3038,2764,25.0,2014-01-01,2015-12-30,Friday,Viernes Promo 25% OFF
3039,965,30.0,2014-01-01,2015-12-30,Tuesday,Martes Promo 30% OFF
3040,965,25.0,2014-01-01,2015-12-30,Friday,Viernes Promo 25% OFF
3041,277,30.0,2014-01-01,2015-12-30,Tuesday,Martes Promo 30% OFF
3042,277,25.0,2014-01-01,2015-12-30,Friday,Viernes Promo 25% OFF
3043,2511,30.0,2014-01-01,2015-12-30,Tuesday,Martes Promo 30% OFF
3044,2511,25.0,2014-01-01,2015-12-30,Friday,Viernes Promo 25% OFF
3045,669,30.0,2014-01-01,2015-12-30,Tuesday,Martes Promo 30% OFF
3046,669,25.0,2014-01-01,2015-12-30,Friday,Viernes Promo 25% OFF
3047,692,30.0,2014-01-01,2015-12-30,Tuesday,Martes Promo 30% OFF
3048,692,25.0,2014-01-01,2015-12-30,Friday,Viernes Promo 25% OFF
3049,998,30.0,2014-01-01,2015-12-30,Tuesday,Martes Promo 30% OFF
3050,998,25.0,2014-01-01,2015-12-30,Friday,Viernes Promo 25% OFF
3051,2428,30.0,2014-01-01,2015-12-30,Tuesday,Martes Promo 30% OFF
3052,2428,25.0,2014-01-01,2015-12-30,Friday,Viernes Promo 25% OFF
3053,2805,30.0,2014-01-01,2015-12-30,Tuesday,Martes Promo 30% OFF
3054,2805,25.0,2014-01-01,2015-12-30,Friday,Viernes Promo 25% OFF
3055,2609,30.0,2014-01-01,2015-12-30,Tuesday,Martes Promo 30% OFF
3056,2609,25.0,2014-01-01,2015-12-30,Friday,Viernes Promo 25% OFF
3057,3270,30.0,2014-01-01,2015-12-30,Tuesday,Martes Promo 30% OFF
3058,3270,25.0,2014-01-01,2015-12-30,Friday,Viernes Promo 25% OFF
3059,105,30.0,2014-01-01,2015-12-30,Tuesday,Martes Promo 30% OFF
3060,105,25.0,2014-01-01,2015-12-30,Friday,Viernes Promo 25% OFF
3061,1034,30.0,2014-01-01,2015-12-30,Tuesday,Martes Promo 30% OFF
3062,1034,25.0,2014-01-01,2015-12-30,Friday,Viernes Promo 25% OFF
3063,887,30.0,2014-01-01,2015-12-30,Tuesday,Martes Promo 30% OFF
3064,887,25.0,2014-01-01,2015-12-30,Friday,Viernes Promo 25% OFF
3065,424,30.0,2014-01-01,2015-12-30,Tuesday,Martes Promo 30% OFF
3066,424,25.0,2014-01-01,2015-12-30,Friday,Viernes Promo 25% OFF
3067,1329,30.0,2014-01-01,2015-12-30,Tuesday,Martes Promo 30% OFF
3068,1329,25.0,2014-01-01,2015-12-30,Friday,Viernes Promo 25% OFF
3069,3496,30.0,2014-01-01,2015-12-30,Tuesday,Martes Promo 30% OFF
3070,3496,25.0,2014-01-01,2015-12-30,Friday,Viernes Promo 25% OFF
3071,1201,30.0,2014-01-01,2015-12-30,Tuesday,Martes Promo 30% OFF
3072,1201,25.0,2014-01-01,2015-12-30,Friday,Viernes Promo 25% OFF
3073,3366,30.0,2014-01-01,2015-12-30,Tuesday,Martes Promo 30% OFF
3074,3366,25.0,2014-01-01,2015-12-30,Friday,Viernes Promo 25% OFF
3075,1899,30.0,2014-01-01,2015-12-30,Tuesday,Martes Promo 30% OFF
3076,1899,25.0,2014-01-01,2015-12-30,Friday,Viernes Promo 25% OFF
3077,16,30.0,2014-01-01,2015-12-30,Tuesday,Martes Promo 30% OFF
3078,16,25.0,2014-01-01,2015-12-30,Friday,Viernes Promo 25% OFF
3079,3668,30.0,2014-01-01,2015-12-30,Tuesday,Martes Promo 30% OFF
3080,3668,25.0,2014-01-01,2015-12-30,Friday,Viernes Promo 25% OFF
3081,1277,30.0,2014-01-01,2015-12-30,Tuesday,Martes Promo 30% OFF
3082,1277,25.0,2014-01-01,2015-12-30,Friday,Viernes Promo 25% OFF
3083,1194,30.0,2014-01-01,2015-12-30,Tuesday,Martes Promo 30% OFF
3084,1194,25.0,2014-01-01,2015-12-30,Friday,Viernes Promo 25% OFF
3085,568,30.0,2014-01-01,2015-12-30,Tuesday,Martes Promo 30% OFF
3086,568,25.0,2014-01-01,2015-12-30,Friday,Viernes Promo 25% OFF
3087,2507,30.0,2014-01-01,2015-12-30,Tuesday,Martes Promo 30% OFF
3088,2507,25.0,2014-01-01,2015-12-30,Friday,Viernes Promo 25% OFF
3089,2307,30.0,2014-01-01,2015-12-30,Tuesday,Martes Promo 30% OFF
3090,2307,25.0,2014-01-01,2015-12-30,Friday,Viernes Promo 25% OFF
3091,191,30.0,2014-01-01,2015-12-30,Tuesday,Martes Promo 30% OFF
3092,191,25.0,2014-01-01,2015-12-30,Friday,Viernes Promo 25% OFF
3093,1446,30.0,2014-01-01,2015-12-30,Tuesday,Martes Promo 30% OFF
3094,1446,25.0,2014-01-01,2015-12-30,Friday,Viernes Promo 25% OFF
3095,785,30.0,2014-01-01,2015-12-30,Tuesday,Martes Promo 30% OFF
3096,785,25.0,2014-01-01,2015-12-30,Friday,Viernes Promo 25% OFF
3097,772,30.0,2014-01-01,2015-12-30,Tuesday,Martes Promo 30% OFF
3098,772,25.0,2014-01-01,2015-12-30,Friday,Viernes Promo 25% OFF
3099,2043,30.0,2014-01-01,2015-12-30,Tuesday,Martes Promo 30% OFF
3100,2043,25.0,2014-01-01,2015-12-30,Friday,Viernes Promo 25% OFF
3101,2481,30.0,2014-01-01,2015-12-30,Tuesday,Martes Promo 30% OFF
3102,2481,25.0,2014-01-01,2015-12-30,Friday,Viernes Promo 25% OFF
3103,3282,30.0,2014-01-01,2015-12-30,Tuesday,Martes Promo 30% OFF
3104,3282,25.0,2014-01-01,2015-12-30,Friday,Viernes Promo 25% OFF
3105,1911,30.0,2014-01-01,2015-12-30,Tuesday,Martes Promo 30% OFF
3106,1911,25.0,2014-01-01,2015-12-30,Friday,Viernes Promo 25% OFF
3107,448,30.0,2014-01-01,2015-12-30,Tuesday,Martes Promo 30% OFF
3108,448,25.0,2014-01-01,2015-12-30,Friday,Viernes Promo 25% OFF
3109,3549,30.0,2014-01-01,2015-12-30,Tuesday,Martes Promo 30% OFF
3110,3549,25.0,2014-01-01,2015-12-30,Friday,Viernes Promo 25% OFF
3111,3281,30.0,2014-01-01,2015-12-30,Tuesday,Martes Promo 30% OFF
3112,3281,25.0,2014-01-01,2015-12-30,Friday,Viernes Promo 25% OFF
3113,3259,30.0,2014-01-01,2015-12-30,Tuesday,Martes Promo 30% OFF
3114,3259,25.0,2014-01-01,2015-12-30,Friday,Viernes Promo 25% OFF
3115,2202,30.0,2014-01-01,2015-12-30,Tuesday,Martes Promo 30% OFF
3116,2202,25.0,2014-01-01,2015-12-30,Friday,Viernes Promo 25% OFF
3117,2917,30.0,2014-01-01,2015-12-30,Tuesday,Martes Promo 30% OFF
3118,2917,25.0,2014-01-01,2015-12-30,Friday,Viernes Promo 25% OFF
3119,2034,30.0,2014-01-01,2015-12-30,Tuesday,Martes Promo 30% OFF
3120,2034,25.0,2014-01-01,2015-12-30,Friday,Viernes Promo 25% OFF
3121,3119,30.0,2014-01-01,2015-12-30,Tuesday,Martes Promo 30% OFF
3122,3119,25.0,2014-01-01,2015-12-30,Friday,Viernes Promo 25% OFF
3123,3692,30.0,2014-01-01,2015-12-30,Tuesday,Martes Promo 30% OFF
3124,3692,25.0,2014-01-01,2015-12-30,Friday,Viernes Promo 25% OFF
3125,297,30.0,2014-01-01,2015-12-30,Tuesday,Martes Promo 30% OFF
3126,297,25.0,2014-01-01,2015-12-30,Friday,Viernes Promo 25% OFF
3127,3026,30.0,2014-01-01,2015-12-30,Tuesday,Martes Promo 30% OFF
3128,3026,25.0,2014-01-01,2015-12-30,Friday,Viernes Promo 25% OFF
3129,1623,30.0,2014-01-01,2015-12-30,Tuesday,Martes Promo 30% OFF
3130,1623,25.0,2014-01-01,2015-12-30,Friday,Viernes Promo 25% OFF
3131,2320,30.0,2014-01-01,2015-12-30,Tuesday,Martes Promo 30% OFF
3132,2320,25.0,2014-01-01,2015-12-30,Friday,Viernes Promo 25% OFF
3133,2607,30.0,2014-01-01,2015-12-30,Tuesday,Martes Promo 30% OFF
3134,2607,25.0,2014-01-01,2015-12-30,Friday,Viernes Promo 25% OFF
3135,3273,30.0,2014-01-01,2015-12-30,Tuesday,Martes Promo 30% OFF
3136,3273,25.0,2014-01-01,2015-12-30,Friday,Viernes Promo 25% OFF
3137,881,30.0,2014-01-01,2015-12-30,Tuesday,Martes Promo 30% OFF
3138,881,25.0,2014-01-01,2015-12-30,Friday,Viernes Promo 25% OFF
3139,96,30.0,2014-01-01,2015-12-30,Tuesday,Martes Promo 30% OFF
3140,96,25.0,2014-01-01,2015-12-30,Friday,Viernes Promo 25% OFF
3141,411,30.0,2014-01-01,2015-12-30,Tuesday,Martes Promo 30% OFF
3142,411,25.0,2014-01-01,2015-12-30,Friday,Viernes Promo 25% OFF
3143,907,30.0,2014-01-01,2015-12-30,Tuesday,Martes Promo 30% OFF
3144,907,25.0,2014-01-01,2015-12-30,Friday,Viernes Promo 25% OFF
3145,3431,30.0,2014-01-01,2015-12-30,Tuesday,Martes Promo 30% OFF
3146,3431,25.0,2014-01-01,2015-12-30,Friday,Viernes Promo 25% OFF
3147,160,30.0,2014-01-01,2015-12-30,Tuesday,Martes Promo 30% OFF
3148,160,25.0,2014-01-01,2015-12-30,Friday,Viernes Promo 25% OFF
3149,1529,30.0,2014-01-01,2015-12-30,Tuesday,Martes Promo 30% OFF
3150,1529,25.0,2014-01-01,2015-12-30,Friday,Viernes Promo 25% OFF
3151,2763,30.0,2014-01-01,2015-12-30,Tuesday,Martes Promo 30% OFF
3152,2763,25.0,2014-01-01,2015-12-30,Friday,Viernes Promo 25% OFF
3153,230,30.0,2014-01-01,2015-12-30,Tuesday,Martes Promo 30% OFF
3154,230,25.0,2014-01-01,2015-12-30,Friday,Viernes Promo 25% OFF
3155,498,30.0,2014-01-01,2015-12-30,Tuesday,Martes Promo 30% OFF
3156,498,25.0,2014-01-01,2015-12-30,Friday,Viernes Promo 25% OFF
3157,1376,30.0,2014-01-01,2015-12-30,Tuesday,Martes Promo 30% OFF
3158,1376,25.0,2014-01-01,2015-12-30,Friday,Viernes Promo 25% OFF
3159,364,30.0,2014-01-01,2015-12-30,Tuesday,Martes Promo 30% OFF
3160,364,25.0,2014-01-01,2015-12-30,Friday,Viernes Promo 25% OFF
3161,2094,30.0,2014-01-01,2015-12-30,Tuesday,Martes Promo 30% OFF
3162,2094,25.0,2014-01-01,2015-12-30,Friday,Viernes Promo 25% OFF
3163,251,30.0,2014-01-01,2015-12-30,Tuesday,Martes Promo 30% OFF
3164,251,25.0,2014-01-01,2015-12-30,Friday,Viernes Promo 25% OFF
3165,1772,30.0,2014-01-01,2015-12-30,Tuesday,Martes Promo 30% OFF
3166,1772,25.0,2014-01-01,2015-12-30,Friday,Viernes Promo 25% OFF
3167,1771,30.0,2014-01-01,2015-12-30,Tuesday,Martes Promo 30% OFF
3168,1771,25.0,2014-01-01,2015-12-30,Friday,Viernes Promo 25% OFF
3169,115,30.0,2014-01-01,2015-12-30,Tuesday,Martes Promo 30% OFF
3170,115,25.0,2014-01-01,2015-12-30,Friday,Viernes Promo 25% OFF
3171,1200,30.0,2014-01-01,2015-12-30,Tuesday,Martes Promo 30% OFF
3172,1200,25.0,2014-01-01,2015-12-30,Friday,Viernes Promo 25% OFF
3173,3558,30.0,2014-01-01,2015-12-30,Tuesday,Martes Promo 30% OFF
3174,3558,25.0,2014-01-01,2015-12-30,Friday,Viernes Promo 25% OFF
3175,140,30.0,2014-01-01,2015-12-30,Tuesday,Martes Promo 30% OFF
3176,140,25.0,2014-01-01,2015-12-30,Friday,Viernes Promo 25% OFF
3177,1330,30.0,2014-01-01,2015-12-30,Tuesday,Martes Promo 30% OFF
3178,1330,25.0,2014-01-01,2015-12-30,Friday,Viernes Promo 25% OFF
3179,201,30.0,2014-01-01,2015-12-30,Tuesday,Martes Promo 30% OFF
3180,201,25.0,2014-01-01,2015-12-30,Friday,Viernes Promo 25% OFF
3181,3834,30.0,2014-01-01,2015-12-30,Tuesday,Martes Promo 30% OFF
3182,3834,25.0,2014-01-01,2015-12-30,Friday,Viernes Promo 25% OFF
3183,3401,30.0,2014-01-01,2015-12-30,Tuesday,Martes Promo 30% OFF
3184,3401,25.0,2014-01-01,2015-12-30,Friday,Viernes Promo 25% OFF
3185,2944,30.0,2014-01-01,2015-12-30,Tuesday,Martes Promo 30% OFF
3186,2944,25.0,2014-01-01,2015-12-30,Friday,Viernes Promo 25% OFF
3187,54,30.0,2014-01-01,2015-12-30,Tuesday,Martes Promo 30% OFF
3188,54,25.0,2014-01-01,2015-12-30,Friday,Viernes Promo 25% OFF
3189,1332,30.0,2014-01-01,2015-12-30,Tuesday,Martes Promo 30% OFF
3190,1332,25.0,2014-01-01,2015-12-30,Friday,Viernes Promo 25% OFF
3191,3503,30.0,2014-01-01,2015-12-30,Tuesday,Martes Promo 30% OFF
3192,3503,25.0,2014-01-01,2015-12-30,Friday,Viernes Promo 25% OFF
3193,3675,30.0,2014-01-01,2015-12-30,Tuesday,Martes Promo 30% OFF
3194,3675,25.0,2014-01-01,2015-12-30,Friday,Viernes Promo 25% OFF
3195,1354,30.0,2014-01-01,2015-12-30,Tuesday,Martes Promo 30% OFF
3196,1354,25.0,2014-01-01,2015-12-30,Friday,Viernes Promo 25% OFF
3197,283,30.0,2014-01-01,2015-12-30,Tuesday,Martes Promo 30% OFF
3198,283,25.0,2014-01-01,2015-12-30,Friday,Viernes Promo 25% OFF
3199,1276,30.0,2014-01-01,2015-12-30,Tuesday,Martes Promo 30% OFF
3200,1276,25.0,2014-01-01,2015-12-30,Friday,Viernes Promo 25% OFF
3201,2760,30.0,2014-01-01,2015-12-30,Tuesday,Martes Promo 30% OFF
3202,2760,25.0,2014-01-01,2015-12-30,Friday,Viernes Promo 25% OFF
3203,1808,30.0,2014-01-01,2015-12-30,Tuesday,Martes Promo 30% OFF
3204,1808,25.0,2014-01-01,2015-12-30,Friday,Viernes Promo 25% OFF
3205,1108,30.0,2014-01-01,2015-12-30,Tuesday,Martes Promo 30% OFF
3206,1108,25.0,2014-01-01,2015-12-30,Friday,Viernes Promo 25% OFF
3207,1110,30.0,2014-01-01,2015-12-30,Tuesday,Martes Promo 30% OFF
3208,1110,25.0,2014-01-01,2015-12-30,Friday,Viernes Promo 25% OFF
3209,2192,30.0,2014-01-01,2015-12-30,Tuesday,Martes Promo 30% OFF
3210,2192,25.0,2014-01-01,2015-12-30,Friday,Viernes Promo 25% OFF
3211,1161,30.0,2014-01-01,2015-12-30,Tuesday,Martes Promo 30% OFF
3212,1161,25.0,2014-01-01,2015-12-30,Friday,Viernes Promo 25% OFF
3213,2644,30.0,2014-01-01,2015-12-30,Tuesday,Martes Promo 30% OFF
3214,2644,25.0,2014-01-01,2015-12-30,Friday,Viernes Promo 25% OFF
3215,1847,30.0,2014-01-01,2015-12-30,Tuesday,Martes Promo 30% OFF
3216,1847,25.0,2014-01-01,2015-12-30,Friday,Viernes Promo 25% OFF
3217,3223,30.0,2014-01-01,2015-12-30,Tuesday,Martes Promo 30% OFF
3218,3223,25.0,2014-01-01,2015-12-30,Friday,Viernes Promo 25% OFF
3219,2444,30.0,2014-01-01,2015-12-30,Tuesday,Martes Promo 30% OFF
3220,2444,25.0,2014-01-01,2015-12-30,Friday,Viernes Promo 25% OFF
3221,3199,30.0,2014-01-01,2015-12-30,Tuesday,Martes Promo 30% OFF
3222,3199,25.0,2014-01-01,2015-12-30,Friday,Viernes Promo 25% OFF
3223,1900,30.0,2014-01-01,2015-12-30,Tuesday,Martes Promo 30% OFF
3224,1900,25.0,2014-01-01,2015-12-30,Friday,Viernes Promo 25% OFF
3225,2608,30.0,2014-01-01,2015-12-30,Tuesday,Martes Promo 30% OFF
3226,2608,25.0,2014-01-01,2015-12-30,Friday,Viernes Promo 25% OFF
3227,3006,30.0,2014-01-01,2015-12-30,Tuesday,Martes Promo 30% OFF
3228,3006,25.0,2014-01-01,2015-12-30,Friday,Viernes Promo 25% OFF
3229,3555,30.0,2014-01-01,2015-12-30,Tuesday,Martes Promo 30% OFF
3230,3555,25.0,2014-01-01,2015-12-30,Friday,Viernes Promo 25% OFF
3231,2076,30.0,2014-01-01,2015-12-30,Tuesday,Martes Promo 30% OFF
3232,2076,25.0,2014-01-01,2015-12-30,Friday,Viernes Promo 25% OFF
3233,2143,30.0,2014-01-01,2015-12-30,Tuesday,Martes Promo 30% OFF
3234,2143,25.0,2014-01-01,2015-12-30,Friday,Viernes Promo 25% OFF
3235,399,30.0,2014-01-01,2015-12-30,Tuesday,Martes Promo 30% OFF
3236,399,25.0,2014-01-01,2015-12-30,Friday,Viernes Promo 25% OFF
3237,2096,30.0,2014-01-01,2015-12-30,Tuesday,Martes Promo 30% OFF
3238,2096,25.0,2014-01-01,2015-12-30,Friday,Viernes Promo 25% OFF
3239,2902,30.0,2014-01-01,2015-12-30,Tuesday,Martes Promo 30% OFF
3240,2902,25.0,2014-01-01,2015-12-30,Friday,Viernes Promo 25% OFF
3241,2427,30.0,2014-01-01,2015-12-30,Tuesday,Martes Promo 30% OFF
3242,2427,25.0,2014-01-01,2015-12-30,Friday,Viernes Promo 25% OFF
3243,3041,30.0,2014-01-01,2015-12-30,Tuesday,Martes Promo 30% OFF
3244,3041,25.0,2014-01-01,2015-12-30,Friday,Viernes Promo 25% OFF
3245,299,30.0,2014-01-01,2015-12-30,Tuesday,Martes Promo 30% OFF
3246,299,25.0,2014-01-01,2015-12-30,Friday,Viernes Promo 25% OFF
3247,296,30.0,2014-01-01,2015-12-30,Tuesday,Martes Promo 30% OFF
3248,296,25.0,2014-01-01,2015-12-30,Friday,Viernes Promo 25% OFF
3249,1619,30.0,2014-01-01,2015-12-30,Tuesday,Martes Promo 30% OFF
3250,1619,25.0,2014-01-01,2015-12-30,Friday,Viernes Promo 25% OFF
3251,3766,30.0,2014-01-01,2015-12-30,Tuesday,Martes Promo 30% OFF
3252,3766,25.0,2014-01-01,2015-12-30,Friday,Viernes Promo 25% OFF
3253,496,30.0,2014-01-01,2015-12-30,Tuesday,Martes Promo 30% OFF
3254,496,25.0,2014-01-01,2015-12-30,Friday,Viernes Promo 25% OFF
3255,2060,30.0,2014-01-01,2015-12-30,Tuesday,Martes Promo 30% OFF
3256,2060,25.0,2014-01-01,2015-12-30,Friday,Viernes Promo 25% OFF
3257,1732,30.0,2014-01-01,2015-12-30,Tuesday,Martes Promo 30% OFF
3258,1732,25.0,2014-01-01,2015-12-30,Friday,Viernes Promo 25% OFF
3259,2005,30.0,2014-01-01,2015-12-30,Tuesday,Martes Promo 30% OFF
3260,2005,25.0,2014-01-01,2015-12-30,Friday,Viernes Promo 25% OFF
3261,332,30.0,2014-01-01,2015-12-30,Tuesday,Martes Promo 30% OFF
3262,332,25.0,2014-01-01,2015-12-30,Friday,Viernes Promo 25% OFF
3263,1399,30.0,2014-01-01,2015-12-30,Tuesday,Martes Promo 30% OFF
3264,1399,25.0,2014-01-01,2015-12-30,Friday,Viernes Promo 25% OFF
3265,3102,30.0,2014-01-01,2015-12-30,Tuesday,Martes Promo 30% OFF
3266,3102,25.0,2014-01-01,2015-12-30,Friday,Viernes Promo 25% OFF
3267,2235,30.0,2014-01-01,2015-12-30,Tuesday,Martes Promo 30% OFF
3268,2235,25.0,2014-01-01,2015-12-30,Friday,Viernes Promo 25% OFF
3269,2578,30.0,2014-01-01,2015-12-30,Tuesday,Martes Promo 30% OFF
3270,2578,25.0,2014-01-01,2015-12-30,Friday,Viernes Promo 25% OFF
3271,435,30.0,2014-01-01,2015-12-30,Tuesday,Martes Promo 30% OFF
3272,435,25.0,2014-01-01,2015-12-30,Friday,Viernes Promo 25% OFF
3273,2385,30.0,2014-01-01,2015-12-30,Tuesday,Martes Promo 30% OFF
3274,2385,25.0,2014-01-01,2015-12-30,Friday,Viernes Promo 25% OFF
3275,157,30.0,2014-01-01,2015-12-30,Tuesday,Martes Promo 30% OFF
3276,157,25.0,2014-01-01,2015-12-30,Friday,Viernes Promo 25% OFF
3277,3400,30.0,2014-01-01,2015-12-30,Tuesday,Martes Promo 30% OFF
3278,3400,25.0,2014-01-01,2015-12-30,Friday,Viernes Promo 25% OFF
3279,2858,30.0,2014-01-01,2015-12-30,Tuesday,Martes Promo 30% OFF
3280,2858,25.0,2014-01-01,2015-12-30,Friday,Viernes Promo 25% OFF
3281,1491,30.0,2014-01-01,2015-12-30,Tuesday,Martes Promo 30% OFF
3282,1491,25.0,2014-01-01,2015-12-30,Friday,Viernes Promo 25% OFF
3283,635,30.0,2014-01-01,2015-12-30,Tuesday,Martes Promo 30% OFF
3284,635,25.0,2014-01-01,2015-12-30,Friday,Viernes Promo 25% OFF
3285,3983,30.0,2014-01-01,2015-12-30,Tuesday,Martes Promo 30% OFF
3286,3983,25.0,2014-01-01,2015-12-30,Friday,Viernes Promo 25% OFF
3287,323,30.0,2014-01-01,2015-12-30,Tuesday,Martes Promo 30% OFF
3288,323,25.0,2014-01-01,2015-12-30,Friday,Viernes Promo 25% OFF
3289,322,30.0,2014-01-01,2015-12-30,Tuesday,Martes Promo 30% OFF
3290,322,25.0,2014-01-01,2015-12-30,Friday,Viernes Promo 25% OFF
3291,546,30.0,2014-01-01,2015-12-30,Tuesday,Martes Promo 30% OFF
3292,546,25.0,2014-01-01,2015-12-30,Friday,Viernes Promo 25% OFF
3293,478,30.0,2014-01-01,2015-12-30,Tuesday,Martes Promo 30% OFF
3294,478,25.0,2014-01-01,2015-12-30,Friday,Viernes Promo 25% OFF
3295,2901,30.0,2014-01-01,2015-12-30,Tuesday,Martes Promo 30% OFF
3296,2901,25.0,2014-01-01,2015-12-30,Friday,Viernes Promo 25% OFF
3297,3512,30.0,2014-01-01,2015-12-30,Tuesday,Martes Promo 30% OFF
3298,3512,25.0,2014-01-01,2015-12-30,Friday,Viernes Promo 25% OFF
3299,3508,30.0,2014-01-01,2015-12-30,Tuesday,Martes Promo 30% OFF
3300,3508,25.0,2014-01-01,2015-12-30,Friday,Viernes Promo 25% OFF
3301,3247,30.0,2014-01-01,2015-12-30,Tuesday,Martes Promo 30% OFF
3302,3247,25.0,2014-01-01,2015-12-30,Friday,Viernes Promo 25% OFF
3303,3243,30.0,2014-01-01,2015-12-30,Tuesday,Martes Promo 30% OFF
3304,3243,25.0,2014-01-01,2015-12-30,Friday,Viernes Promo 25% OFF
3305,3245,30.0,2014-01-01,2015-12-30,Tuesday,Martes Promo 30% OFF
3306,3245,25.0,2014-01-01,2015-12-30,Friday,Viernes Promo 25% OFF
3307,1372,30.0,2014-01-01,2015-12-30,Tuesday,Martes Promo 30% OFF
3308,1372,25.0,2014-01-01,2015-12-30,Friday,Viernes Promo 25% OFF
3309,3342,30.0,2014-01-01,2015-12-30,Tuesday,Martes Promo 30% OFF
3310,3342,25.0,2014-01-01,2015-12-30,Friday,Viernes Promo 25% OFF
3311,1566,30.0,2014-01-01,2015-12-30,Tuesday,Martes Promo 30% OFF
3312,1566,25.0,2014-01-01,2015-12-30,Friday,Viernes Promo 25% OFF
3313,640,30.0,2014-01-01,2015-12-30,Tuesday,Martes Promo 30% OFF
3314,640,25.0,2014-01-01,2015-12-30,Friday,Viernes Promo 25% OFF
3315,70,30.0,2014-01-01,2015-12-30,Tuesday,Martes Promo 30% OFF
3316,70,25.0,2014-01-01,2015-12-30,Friday,Viernes Promo 25% OFF
3317,1406,30.0,2014-01-01,2015-12-30,Tuesday,Martes Promo 30% OFF
3318,1406,25.0,2014-01-01,2015-12-30,Friday,Viernes Promo 25% OFF
3319,2756,30.0,2014-01-01,2015-12-30,Tuesday,Martes Promo 30% OFF
3320,2756,25.0,2014-01-01,2015-12-30,Friday,Viernes Promo 25% OFF
3321,1118,30.0,2014-01-01,2015-12-30,Tuesday,Martes Promo 30% OFF
3322,1118,25.0,2014-01-01,2015-12-30,Friday,Viernes Promo 25% OFF
3323,1654,30.0,2014-01-01,2015-12-30,Tuesday,Martes Promo 30% OFF
3324,1654,25.0,2014-01-01,2015-12-30,Friday,Viernes Promo 25% OFF
3325,335,30.0,2014-01-01,2015-12-30,Tuesday,Martes Promo 30% OFF
3326,335,25.0,2014-01-01,2015-12-30,Friday,Viernes Promo 25% OFF
3327,3383,30.0,2014-01-01,2015-12-30,Tuesday,Martes Promo 30% OFF
3328,3383,25.0,2014-01-01,2015-12-30,Friday,Viernes Promo 25% OFF
3329,2455,30.0,2014-01-01,2015-12-30,Tuesday,Martes Promo 30% OFF
3330,2455,25.0,2014-01-01,2015-12-30,Friday,Viernes Promo 25% OFF
3331,2456,30.0,2014-01-01,2015-12-30,Tuesday,Martes Promo 30% OFF
3332,2456,25.0,2014-01-01,2015-12-30,Friday,Viernes Promo 25% OFF
3333,2454,30.0,2014-01-01,2015-12-30,Tuesday,Martes Promo 30% OFF
3334,2454,25.0,2014-01-01,2015-12-30,Friday,Viernes Promo 25% OFF
3335,207,30.0,2014-01-01,2015-12-30,Tuesday,Martes Promo 30% OFF
3336,207,25.0,2014-01-01,2015-12-30,Friday,Viernes Promo 25% OFF
3337,2471,30.0,2014-01-01,2015-12-30,Tuesday,Martes Promo 30% OFF
3338,2471,25.0,2014-01-01,2015-12-30,Friday,Viernes Promo 25% OFF
3339,3871,30.0,2014-01-01,2015-12-30,Tuesday,Martes Promo 30% OFF
3340,3871,25.0,2014-01-01,2015-12-30,Friday,Viernes Promo 25% OFF
3341,2706,30.0,2014-01-01,2015-12-30,Tuesday,Martes Promo 30% OFF
3342,2706,25.0,2014-01-01,2015-12-30,Friday,Viernes Promo 25% OFF
3343,541,30.0,2014-01-01,2015-12-30,Tuesday,Martes Promo 30% OFF
3344,541,25.0,2014-01-01,2015-12-30,Friday,Viernes Promo 25% OFF
3345,540,30.0,2014-01-01,2015-12-30,Tuesday,Martes Promo 30% OFF
3346,540,25.0,2014-01-01,2015-12-30,Friday,Viernes Promo 25% OFF
3347,3205,30.0,2014-01-01,2015-12-30,Tuesday,Martes Promo 30% OFF
3348,3205,25.0,2014-01-01,2015-12-30,Friday,Viernes Promo 25% OFF
3349,627,30.0,2014-01-01,2015-12-30,Tuesday,Martes Promo 30% OFF
3350,627,25.0,2014-01-01,2015-12-30,Friday,Viernes Promo 25% OFF
3351,3090,30.0,2014-01-01,2015-12-30,Tuesday,Martes Promo 30% OFF
3352,3090,25.0,2014-01-01,2015-12-30,Friday,Viernes Promo 25% OFF
3353,1880,30.0,2014-01-01,2015-12-30,Tuesday,Martes Promo 30% OFF
3354,1880,25.0,2014-01-01,2015-12-30,Friday,Viernes Promo 25% OFF
3355,50,30.0,2014-01-01,2015-12-30,Tuesday,Martes Promo 30% OFF
3356,50,25.0,2014-01-01,2015-12-30,Friday,Viernes Promo 25% OFF
3357,2962,30.0,2014-01-01,2015-12-30,Tuesday,Martes Promo 30% OFF
3358,2962,25.0,2014-01-01,2015-12-30,Friday,Viernes Promo 25% OFF
3359,3267,30.0,2014-01-01,2015-12-30,Tuesday,Martes Promo 30% OFF
3360,3267,25.0,2014-01-01,2015-12-30,Friday,Viernes Promo 25% OFF
3361,229,30.0,2014-01-01,2015-12-30,Tuesday,Martes Promo 30% OFF
3362,229,25.0,2014-01-01,2015-12-30,Friday,Viernes Promo 25% OFF
3363,1033,30.0,2014-01-01,2015-12-30,Tuesday,Martes Promo 30% OFF
3364,1033,25.0,2014-01-01,2015-12-30,Friday,Viernes Promo 25% OFF
3365,2973,30.0,2014-01-01,2015-12-30,Tuesday,Martes Promo 30% OFF
3366,2973,25.0,2014-01-01,2015-12-30,Friday,Viernes Promo 25% OFF
3367,1493,30.0,2014-01-01,2015-12-30,Tuesday,Martes Promo 30% OFF
3368,1493,25.0,2014-01-01,2015-12-30,Friday,Viernes Promo 25% OFF
3369,2595,30.0,2014-01-01,2015-12-30,Tuesday,Martes Promo 30% OFF
3370,2595,25.0,2014-01-01,2015-12-30,Friday,Viernes Promo 25% OFF
3371,442,30.0,2014-01-01,2015-12-30,Tuesday,Martes Promo 30% OFF
3372,442,25.0,2014-01-01,2015-12-30,Friday,Viernes Promo 25% OFF
3373,3819,30.0,2014-01-01,2015-12-30,Tuesday,Martes Promo 30% OFF
3374,3819,25.0,2014-01-01,2015-12-30,Friday,Viernes Promo 25% OFF
3375,3032,30.0,2014-01-01,2015-12-30,Tuesday,Martes Promo 30% OFF
3376,3032,25.0,2014-01-01,2015-12-30,Friday,Viernes Promo 25% OFF
3377,1593,30.0,2014-01-01,2015-12-30,Tuesday,Martes Promo 30% OFF
3378,1593,25.0,2014-01-01,2015-12-30,Friday,Viernes Promo 25% OFF
3379,1052,30.0,2014-01-01,2015-12-30,Tuesday,Martes Promo 30% OFF
3380,1052,25.0,2014-01-01,2015-12-30,Friday,Viernes Promo 25% OFF
3381,503,30.0,2014-01-01,2015-12-30,Tuesday,Martes Promo 30% OFF
3382,503,25.0,2014-01-01,2015-12-30,Friday,Viernes Promo 25% OFF
3383,3007,30.0,2014-01-01,2015-12-30,Tuesday,Martes Promo 30% OFF
3384,3007,25.0,2014-01-01,2015-12-30,Friday,Viernes Promo 25% OFF
3385,3374,30.0,2014-01-01,2015-12-30,Tuesday,Martes Promo 30% OFF
3386,3374,25.0,2014-01-01,2015-12-30,Friday,Viernes Promo 25% OFF
3387,3842,30.0,2014-01-01,2015-12-30,Tuesday,Martes Promo 30% OFF
3388,3842,25.0,2014-01-01,2015-12-30,Friday,Viernes Promo 25% OFF
3389,2903,30.0,2014-01-01,2015-12-30,Tuesday,Martes Promo 30% OFF
3390,2903,25.0,2014-01-01,2015-12-30,Friday,Viernes Promo 25% OFF
3391,159,30.0,2014-01-01,2015-12-30,Tuesday,Martes Promo 30% OFF
3392,159,25.0,2014-01-01,2015-12-30,Friday,Viernes Promo 25% OFF
3393,3514,30.0,2014-01-01,2015-12-30,Tuesday,Martes Promo 30% OFF
3394,3514,25.0,2014-01-01,2015-12-30,Friday,Viernes Promo 25% OFF
3395,2905,30.0,2014-01-01,2015-12-30,Tuesday,Martes Promo 30% OFF
3396,2905,25.0,2014-01-01,2015-12-30,Friday,Viernes Promo 25% OFF
3397,3836,30.0,2014-01-01,2015-12-30,Tuesday,Martes Promo 30% OFF
3398,3836,25.0,2014-01-01,2015-12-30,Friday,Viernes Promo 25% OFF
3399,113,30.0,2014-01-01,2015-12-30,Tuesday,Martes Promo 30% OFF
3400,113,25.0,2014-01-01,2015-12-30,Friday,Viernes Promo 25% OFF
3401,789,30.0,2014-01-01,2015-12-30,Tuesday,Martes Promo 30% OFF
3402,789,25.0,2014-01-01,2015-12-30,Friday,Viernes Promo 25% OFF
3403,242,30.0,2014-01-01,2015-12-30,Tuesday,Martes Promo 30% OFF
3404,242,25.0,2014-01-01,2015-12-30,Friday,Viernes Promo 25% OFF
3405,89,30.0,2014-01-01,2015-12-30,Tuesday,Martes Promo 30% OFF
3406,89,25.0,2014-01-01,2015-12-30,Friday,Viernes Promo 25% OFF
3407,1358,30.0,2014-01-01,2015-12-30,Tuesday,Martes Promo 30% OFF
3408,1358,25.0,2014-01-01,2015-12-30,Friday,Viernes Promo 25% OFF
3409,1191,30.0,2014-01-01,2015-12-30,Tuesday,Martes Promo 30% OFF
3410,1191,25.0,2014-01-01,2015-12-30,Friday,Viernes Promo 25% OFF
3411,1312,30.0,2014-01-01,2015-12-30,Tuesday,Martes Promo 30% OFF
3412,1312,25.0,2014-01-01,2015-12-30,Friday,Viernes Promo 25% OFF
3413,1596,30.0,2014-01-01,2015-12-30,Tuesday,Martes Promo 30% OFF
3414,1596,25.0,2014-01-01,2015-12-30,Friday,Viernes Promo 25% OFF
3415,2593,30.0,2014-01-01,2015-12-30,Tuesday,Martes Promo 30% OFF
3416,2593,25.0,2014-01-01,2015-12-30,Friday,Viernes Promo 25% OFF
3417,3865,30.0,2014-01-01,2015-12-30,Tuesday,Martes Promo 30% OFF
3418,3865,25.0,2014-01-01,2015-12-30,Friday,Viernes Promo 25% OFF
3419,126,30.0,2014-01-01,2015-12-30,Tuesday,Martes Promo 30% OFF
3420,126,25.0,2014-01-01,2015-12-30,Friday,Viernes Promo 25% OFF
3421,3198,30.0,2014-01-01,2015-12-30,Tuesday,Martes Promo 30% OFF
3422,3198,25.0,2014-01-01,2015-12-30,Friday,Viernes Promo 25% OFF
3423,801,30.0,2014-01-01,2015-12-30,Tuesday,Martes Promo 30% OFF
3424,801,25.0,2014-01-01,2015-12-30,Friday,Viernes Promo 25% OFF
3425,3373,30.0,2014-01-01,2015-12-30,Tuesday,Martes Promo 30% OFF
3426,3373,25.0,2014-01-01,2015-12-30,Friday,Viernes Promo 25% OFF
3427,3706,30.0,2014-01-01,2015-12-30,Tuesday,Martes Promo 30% OFF
3428,3706,25.0,2014-01-01,2015-12-30,Friday,Viernes Promo 25% OFF
3429,1503,30.0,2014-01-01,2015-12-30,Tuesday,Martes Promo 30% OFF
3430,1503,25.0,2014-01-01,2015-12-30,Friday,Viernes Promo 25% OFF
3431,2431,30.0,2014-01-01,2015-12-30,Tuesday,Martes Promo 30% OFF
3432,2431,25.0,2014-01-01,2015-12-30,Friday,Viernes Promo 25% OFF
3433,3236,30.0,2014-01-01,2015-12-30,Tuesday,Martes Promo 30% OFF
3434,3236,25.0,2014-01-01,2015-12-30,Friday,Viernes Promo 25% OFF
3435,2848,30.0,2014-01-01,2015-12-30,Tuesday,Martes Promo 30% OFF
3436,2848,25.0,2014-01-01,2015-12-30,Friday,Viernes Promo 25% OFF
3437,2679,30.0,2014-01-01,2015-12-30,Tuesday,Martes Promo 30% OFF
3438,2679,25.0,2014-01-01,2015-12-30,Friday,Viernes Promo 25% OFF
3439,2680,30.0,2014-01-01,2015-12-30,Tuesday,Martes Promo 30% OFF
3440,2680,25.0,2014-01-01,2015-12-30,Friday,Viernes Promo 25% OFF
3441,1193,30.0,2014-01-01,2015-12-30,Tuesday,Martes Promo 30% OFF
3442,1193,25.0,2014-01-01,2015-12-30,Friday,Viernes Promo 25% OFF
3443,567,30.0,2014-01-01,2015-12-30,Tuesday,Martes Promo 30% OFF
3444,567,25.0,2014-01-01,2015-12-30,Friday,Viernes Promo 25% OFF
3445,579,30.0,2014-01-01,2015-12-30,Tuesday,Martes Promo 30% OFF
3446,579,25.0,2014-01-01,2015-12-30,Friday,Viernes Promo 25% OFF
3447,103,30.0,2014-01-01,2015-12-30,Tuesday,Martes Promo 30% OFF
3448,103,25.0,2014-01-01,2015-12-30,Friday,Viernes Promo 25% OFF
3449,3103,30.0,2014-01-01,2015-12-30,Tuesday,Martes Promo 30% OFF
3450,3103,25.0,2014-01-01,2015-12-30,Friday,Viernes Promo 25% OFF
3451,3644,30.0,2014-01-01,2015-12-30,Tuesday,Martes Promo 30% OFF
3452,3644,25.0,2014-01-01,2015-12-30,Friday,Viernes Promo 25% OFF
3453,3390,30.0,2014-01-01,2015-12-30,Tuesday,Martes Promo 30% OFF
3454,3390,25.0,2014-01-01,2015-12-30,Friday,Viernes Promo 25% OFF
3455,1922,30.0,2014-01-01,2015-12-30,Tuesday,Martes Promo 30% OFF
3456,1922,25.0,2014-01-01,2015-12-30,Friday,Viernes Promo 25% OFF
3457,3921,30.0,2014-01-01,2015-12-30,Tuesday,Martes Promo 30% OFF
3458,3921,25.0,2014-01-01,2015-12-30,Friday,Viernes Promo 25% OFF
3459,914,30.0,2014-01-01,2015-12-30,Tuesday,Martes Promo 30% OFF
3460,914,25.0,2014-01-01,2015-12-30,Friday,Viernes Promo 25% OFF
3461,916,30.0,2014-01-01,2015-12-30,Tuesday,Martes Promo 30% OFF
3462,916,25.0,2014-01-01,2015-12-30,Friday,Viernes Promo 25% OFF
3463,3735,30.0,2014-01-01,2015-12-30,Tuesday,Martes Promo 30% OFF
3464,3735,25.0,2014-01-01,2015-12-30,Friday,Viernes Promo 25% OFF
3465,3744,30.0,2014-01-01,2015-12-30,Tuesday,Martes Promo 30% OFF
3466,3744,25.0,2014-01-01,2015-12-30,Friday,Viernes Promo 25% OFF
3467,2656,30.0,2014-01-01,2015-12-30,Tuesday,Martes Promo 30% OFF
3468,2656,25.0,2014-01-01,2015-12-30,Friday,Viernes Promo 25% OFF
3469,1353,30.0,2014-01-01,2015-12-30,Tuesday,Martes Promo 30% OFF
3470,1353,25.0,2014-01-01,2015-12-30,Friday,Viernes Promo 25% OFF
3471,1345,30.0,2014-01-01,2015-12-30,Tuesday,Martes Promo 30% OFF
3472,1345,25.0,2014-01-01,2015-12-30,Friday,Viernes Promo 25% OFF
3473,3142,30.0,2014-01-01,2015-12-30,Tuesday,Martes Promo 30% OFF
3474,3142,25.0,2014-01-01,2015-12-30,Friday,Viernes Promo 25% OFF
3475,1068,30.0,2014-01-01,2015-12-30,Tuesday,Martes Promo 30% OFF
3476,1068,25.0,2014-01-01,2015-12-30,Friday,Viernes Promo 25% OFF
3477,1069,30.0,2014-01-01,2015-12-30,Tuesday,Martes Promo 30% OFF
3478,1069,25.0,2014-01-01,2015-12-30,Friday,Viernes Promo 25% OFF
3479,641,30.0,2014-01-01,2015-12-30,Tuesday,Martes Promo 30% OFF
3480,641,25.0,2014-01-01,2015-12-30,Friday,Viernes Promo 25% OFF
3481,3595,30.0,2014-01-01,2015-12-30,Tuesday,Martes Promo 30% OFF
3482,3595,25.0,2014-01-01,2015-12-30,Friday,Viernes Promo 25% OFF
3483,1875,30.0,2014-01-01,2015-12-30,Tuesday,Martes Promo 30% OFF
3484,1875,25.0,2014-01-01,2015-12-30,Friday,Viernes Promo 25% OFF
3485,3780,30.0,2014-01-01,2015-12-30,Tuesday,Martes Promo 30% OFF
3486,3780,25.0,2014-01-01,2015-12-30,Friday,Viernes Promo 25% OFF
3487,1806,30.0,2014-01-01,2015-12-30,Tuesday,Martes Promo 30% OFF
3488,1806,25.0,2014-01-01,2015-12-30,Friday,Viernes Promo 25% OFF
3489,2666,30.0,2014-01-01,2015-12-30,Tuesday,Martes Promo 30% OFF
3490,2666,25.0,2014-01-01,2015-12-30,Friday,Viernes Promo 25% OFF
3491,66,30.0,2014-01-01,2015-12-30,Tuesday,Martes Promo 30% OFF
3492,66,25.0,2014-01-01,2015-12-30,Friday,Viernes Promo 25% OFF
3493,3316,30.0,2014-01-01,2015-12-30,Tuesday,Martes Promo 30% OFF
3494,3316,25.0,2014-01-01,2015-12-30,Friday,Viernes Promo 25% OFF
3495,3958,30.0,2014-01-01,2015-12-30,Tuesday,Martes Promo 30% OFF
3496,3958,25.0,2014-01-01,2015-12-30,Friday,Viernes Promo 25% OFF
3497,943,30.0,2014-01-01,2015-12-30,Tuesday,Martes Promo 30% OFF
3498,943,25.0,2014-01-01,2015-12-30,Friday,Viernes Promo 25% OFF
3499,1095,30.0,2014-01-01,2015-12-30,Tuesday,Martes Promo 30% OFF
3500,1095,25.0,2014-01-01,2015-12-30,Friday,Viernes Promo 25% OFF
3501,1636,30.0,2014-01-01,2015-12-30,Tuesday,Martes Promo 30% OFF
3502,1636,25.0,2014-01-01,2015-12-30,Friday,Viernes Promo 25% OFF
3503,2615,30.0,2014-01-01,2015-12-30,Tuesday,Martes Promo 30% OFF
3504,2615,25.0,2014-01-01,2015-12-30,Friday,Viernes Promo 25% OFF
3505,2713,30.0,2014-01-01,2015-12-30,Tuesday,Martes Promo 30% OFF
3506,2713,25.0,2014-01-01,2015-12-30,Friday,Viernes Promo 25% OFF
3507,390,30.0,2014-01-01,2015-12-30,Tuesday,Martes Promo 30% OFF
3508,390,25.0,2014-01-01,2015-12-30,Friday,Viernes Promo 25% OFF
3509,3215,30.0,2014-01-01,2015-12-30,Tuesday,Martes Promo 30% OFF
3510,3215,25.0,2014-01-01,2015-12-30,Friday,Viernes Promo 25% OFF
3511,2156,30.0,2014-01-01,2015-12-30,Tuesday,Martes Promo 30% OFF
3512,2156,25.0,2014-01-01,2015-12-30,Friday,Viernes Promo 25% OFF
3513,3239,30.0,2014-01-01,2015-12-30,Tuesday,Martes Promo 30% OFF
3514,3239,25.0,2014-01-01,2015-12-30,Friday,Viernes Promo 25% OFF
3515,3369,30.0,2014-01-01,2015-12-30,Tuesday,Martes Promo 30% OFF
3516,3369,25.0,2014-01-01,2015-12-30,Friday,Viernes Promo 25% OFF
3517,2682,30.0,2014-01-01,2015-12-30,Tuesday,Martes Promo 30% OFF
3518,2682,25.0,2014-01-01,2015-12-30,Friday,Viernes Promo 25% OFF
3519,3533,30.0,2014-01-01,2015-12-30,Tuesday,Martes Promo 30% OFF
3520,3533,25.0,2014-01-01,2015-12-30,Friday,Viernes Promo 25% OFF
3521,3645,30.0,2014-01-01,2015-12-30,Tuesday,Martes Promo 30% OFF
3522,3645,25.0,2014-01-01,2015-12-30,Friday,Viernes Promo 25% OFF
3523,1667,30.0,2014-01-01,2015-12-30,Tuesday,Martes Promo 30% OFF
3524,1667,25.0,2014-01-01,2015-12-30,Friday,Viernes Promo 25% OFF
3525,2110,30.0,2014-01-01,2015-12-30,Tuesday,Martes Promo 30% OFF
3526,2110,25.0,2014-01-01,2015-12-30,Friday,Viernes Promo 25% OFF
3527,2985,30.0,2014-01-01,2015-12-30,Tuesday,Martes Promo 30% OFF
3528,2985,25.0,2014-01-01,2015-12-30,Friday,Viernes Promo 25% OFF
3529,3266,30.0,2014-01-01,2015-12-30,Tuesday,Martes Promo 30% OFF
3530,3266,25.0,2014-01-01,2015-12-30,Friday,Viernes Promo 25% OFF
3531,237,30.0,2014-01-01,2015-12-30,Tuesday,Martes Promo 30% OFF
3532,237,25.0,2014-01-01,2015-12-30,Friday,Viernes Promo 25% OFF
3533,3264,30.0,2014-01-01,2015-12-30,Tuesday,Martes Promo 30% OFF
3534,3264,25.0,2014-01-01,2015-12-30,Friday,Viernes Promo 25% OFF
3535,233,30.0,2014-01-01,2015-12-30,Tuesday,Martes Promo 30% OFF
3536,233,25.0,2014-01-01,2015-12-30,Friday,Viernes Promo 25% OFF
3537,844,30.0,2014-01-01,2015-12-30,Tuesday,Martes Promo 30% OFF
3538,844,25.0,2014-01-01,2015-12-30,Friday,Viernes Promo 25% OFF
3539,2628,30.0,2014-01-01,2015-12-30,Tuesday,Martes Promo 30% OFF
3540,2628,25.0,2014-01-01,2015-12-30,Friday,Viernes Promo 25% OFF
3541,1421,30.0,2014-01-01,2015-12-30,Tuesday,Martes Promo 30% OFF
3542,1421,25.0,2014-01-01,2015-12-30,Friday,Viernes Promo 25% OFF
3543,3310,30.0,2014-01-01,2015-12-30,Tuesday,Martes Promo 30% OFF
3544,3310,25.0,2014-01-01,2015-12-30,Friday,Viernes Promo 25% OFF
3545,78,30.0,2014-01-01,2015-12-30,Tuesday,Martes Promo 30% OFF
3546,78,25.0,2014-01-01,2015-12-30,Friday,Viernes Promo 25% OFF
3547,2318,30.0,2014-01-01,2015-12-30,Tuesday,Martes Promo 30% OFF
3548,2318,25.0,2014-01-01,2015-12-30,Friday,Viernes Promo 25% OFF
3549,944,30.0,2014-01-01,2015-12-30,Tuesday,Martes Promo 30% OFF
3550,944,25.0,2014-01-01,2015-12-30,Friday,Viernes Promo 25% OFF
3551,359,30.0,2014-01-01,2015-12-30,Tuesday,Martes Promo 30% OFF
3552,359,25.0,2014-01-01,2015-12-30,Friday,Viernes Promo 25% OFF
3553,1263,30.0,2014-01-01,2015-12-30,Tuesday,Martes Promo 30% OFF
3554,1263,25.0,2014-01-01,2015-12-30,Friday,Viernes Promo 25% OFF
3555,2986,30.0,2014-01-01,2015-12-30,Tuesday,Martes Promo 30% OFF
3556,2986,25.0,2014-01-01,2015-12-30,Friday,Viernes Promo 25% OFF
3557,1501,30.0,2014-01-01,2015-12-30,Tuesday,Martes Promo 30% OFF
3558,1501,25.0,2014-01-01,2015-12-30,Friday,Viernes Promo 25% OFF
3559,1137,30.0,2014-01-01,2015-12-30,Tuesday,Martes Promo 30% OFF
3560,1137,25.0,2014-01-01,2015-12-30,Friday,Viernes Promo 25% OFF
3561,3414,30.0,2014-01-01,2015-12-30,Tuesday,Martes Promo 30% OFF
3562,3414,25.0,2014-01-01,2015-12-30,Friday,Viernes Promo 25% OFF
3563,1767,30.0,2014-01-01,2015-12-30,Tuesday,Martes Promo 30% OFF
3564,1767,25.0,2014-01-01,2015-12-30,Friday,Viernes Promo 25% OFF
3565,3012,30.0,2014-01-01,2015-12-30,Tuesday,Martes Promo 30% OFF
3566,3012,25.0,2014-01-01,2015-12-30,Friday,Viernes Promo 25% OFF
3567,786,30.0,2014-01-01,2015-12-30,Tuesday,Martes Promo 30% OFF
3568,786,25.0,2014-01-01,2015-12-30,Friday,Viernes Promo 25% OFF
3569,338,30.0,2014-01-01,2015-12-30,Tuesday,Martes Promo 30% OFF
3570,338,25.0,2014-01-01,2015-12-30,Friday,Viernes Promo 25% OFF
3571,3459,30.0,2014-01-01,2015-12-30,Tuesday,Martes Promo 30% OFF
3572,3459,25.0,2014-01-01,2015-12-30,Friday,Viernes Promo 25% OFF
3573,231,30.0,2014-01-01,2015-12-30,Tuesday,Martes Promo 30% OFF
3574,231,25.0,2014-01-01,2015-12-30,Friday,Viernes Promo 25% OFF
3575,2693,30.0,2014-01-01,2015-12-30,Tuesday,Martes Promo 30% OFF
3576,2693,25.0,2014-01-01,2015-12-30,Friday,Viernes Promo 25% OFF
3577,235,30.0,2014-01-01,2015-12-30,Tuesday,Martes Promo 30% OFF
3578,235,25.0,2014-01-01,2015-12-30,Friday,Viernes Promo 25% OFF
3579,1351,30.0,2014-01-01,2015-12-30,Tuesday,Martes Promo 30% OFF
3580,1351,25.0,2014-01-01,2015-12-30,Friday,Viernes Promo 25% OFF
3581,3397,30.0,2014-01-01,2015-12-30,Tuesday,Martes Promo 30% OFF
3582,3397,25.0,2014-01-01,2015-12-30,Friday,Viernes Promo 25% OFF
3583,1600,30.0,2014-01-01,2015-12-30,Tuesday,Martes Promo 30% OFF
3584,1600,25.0,2014-01-01,2015-12-30,Friday,Viernes Promo 25% OFF
3585,451,30.0,2014-01-01,2015-12-30,Tuesday,Martes Promo 30% OFF
3586,451,25.0,2014-01-01,2015-12-30,Friday,Viernes Promo 25% OFF
3587,3828,30.0,2014-01-01,2015-12-30,Tuesday,Martes Promo 30% OFF
3588,3828,25.0,2014-01-01,2015-12-30,Friday,Viernes Promo 25% OFF
3589,2412,30.0,2014-01-01,2015-12-30,Tuesday,Martes Promo 30% OFF
3590,2412,25.0,2014-01-01,2015-12-30,Friday,Viernes Promo 25% OFF
3591,2558,30.0,2014-01-01,2015-12-30,Tuesday,Martes Promo 30% OFF
3592,2558,25.0,2014-01-01,2015-12-30,Friday,Viernes Promo 25% OFF
3593,1561,30.0,2014-01-01,2015-12-30,Tuesday,Martes Promo 30% OFF
3594,1561,25.0,2014-01-01,2015-12-30,Friday,Viernes Promo 25% OFF
3595,1669,30.0,2014-01-01,2015-12-30,Tuesday,Martes Promo 30% OFF
3596,1669,25.0,2014-01-01,2015-12-30,Friday,Viernes Promo 25% OFF
3597,1518,30.0,2014-01-01,2015-12-30,Tuesday,Martes Promo 30% OFF
3598,1518,25.0,2014-01-01,2015-12-30,Friday,Viernes Promo 25% OFF
3599,2751,30.0,2014-01-01,2015-12-30,Tuesday,Martes Promo 30% OFF
3600,2751,25.0,2014-01-01,2015-12-30,Friday,Viernes Promo 25% OFF
3601,1366,30.0,2014-01-01,2015-12-30,Tuesday,Martes Promo 30% OFF
3602,1366,25.0,2014-01-01,2015-12-30,Friday,Viernes Promo 25% OFF
3603,544,30.0,2014-01-01,2015-12-30,Tuesday,Martes Promo 30% OFF
3604,544,25.0,2014-01-01,2015-12-30,Friday,Viernes Promo 25% OFF
3605,3847,30.0,2014-01-01,2015-12-30,Tuesday,Martes Promo 30% OFF
3606,3847,25.0,2014-01-01,2015-12-30,Friday,Viernes Promo 25% OFF
3607,2611,30.0,2014-01-01,2015-12-30,Tuesday,Martes Promo 30% OFF
3608,2611,25.0,2014-01-01,2015-12-30,Friday,Viernes Promo 25% OFF
3609,3926,30.0,2014-01-01,2015-12-30,Tuesday,Martes Promo 30% OFF
3610,3926,25.0,2014-01-01,2015-12-30,Friday,Viernes Promo 25% OFF
3611,3325,30.0,2014-01-01,2015-12-30,Tuesday,Martes Promo 30% OFF
3612,3325,25.0,2014-01-01,2015-12-30,Friday,Viernes Promo 25% OFF
3613,2731,30.0,2014-01-01,2015-12-30,Tuesday,Martes Promo 30% OFF
3614,2731,25.0,2014-01-01,2015-12-30,Friday,Viernes Promo 25% OFF
3615,1423,30.0,2014-01-01,2015-12-30,Tuesday,Martes Promo 30% OFF
3616,1423,25.0,2014-01-01,2015-12-30,Friday,Viernes Promo 25% OFF
3617,2038,30.0,2014-01-01,2015-12-30,Tuesday,Martes Promo 30% OFF
3618,2038,25.0,2014-01-01,2015-12-30,Friday,Viernes Promo 25% OFF
3619,654,30.0,2014-01-01,2015-12-30,Tuesday,Martes Promo 30% OFF
3620,654,25.0,2014-01-01,2015-12-30,Friday,Viernes Promo 25% OFF
3621,3969,30.0,2014-01-01,2015-12-30,Tuesday,Martes Promo 30% OFF
3622,3969,25.0,2014-01-01,2015-12-30,Friday,Viernes Promo 25% OFF
3623,3307,30.0,2014-01-01,2015-12-30,Tuesday,Martes Promo 30% OFF
3624,3307,25.0,2014-01-01,2015-12-30,Friday,Viernes Promo 25% OFF
3625,69,30.0,2014-01-01,2015-12-30,Tuesday,Martes Promo 30% OFF
3626,69,25.0,2014-01-01,2015-12-30,Friday,Viernes Promo 25% OFF
3627,2971,30.0,2014-01-01,2015-12-30,Tuesday,Martes Promo 30% OFF
3628,2971,25.0,2014-01-01,2015-12-30,Friday,Viernes Promo 25% OFF
3629,2967,30.0,2014-01-01,2015-12-30,Tuesday,Martes Promo 30% OFF
3630,2967,25.0,2014-01-01,2015-12-30,Friday,Viernes Promo 25% OFF
3631,1581,30.0,2014-01-01,2015-12-30,Tuesday,Martes Promo 30% OFF
3632,1581,25.0,2014-01-01,2015-12-30,Friday,Viernes Promo 25% OFF
3633,595,30.0,2014-01-01,2015-12-30,Tuesday,Martes Promo 30% OFF
3634,595,25.0,2014-01-01,2015-12-30,Friday,Viernes Promo 25% OFF
3635,467,30.0,2014-01-01,2015-12-30,Tuesday,Martes Promo 30% OFF
3636,467,25.0,2014-01-01,2015-12-30,Friday,Viernes Promo 25% OFF
3637,3693,30.0,2014-01-01,2015-12-30,Tuesday,Martes Promo 30% OFF
3638,3693,25.0,2014-01-01,2015-12-30,Friday,Viernes Promo 25% OFF
3639,1186,30.0,2014-01-01,2015-12-30,Tuesday,Martes Promo 30% OFF
3640,1186,25.0,2014-01-01,2015-12-30,Friday,Viernes Promo 25% OFF
3641,2575,30.0,2014-01-01,2015-12-30,Tuesday,Martes Promo 30% OFF
3642,2575,25.0,2014-01-01,2015-12-30,Friday,Viernes Promo 25% OFF
3643,919,30.0,2014-01-01,2015-12-30,Tuesday,Martes Promo 30% OFF
3644,919,25.0,2014-01-01,2015-12-30,Friday,Viernes Promo 25% OFF
3645,3465,30.0,2014-01-01,2015-12-30,Tuesday,Martes Promo 30% OFF
3646,3465,25.0,2014-01-01,2015-12-30,Friday,Viernes Promo 25% OFF
3647,482,30.0,2014-01-01,2015-12-30,Tuesday,Martes Promo 30% OFF
3648,482,25.0,2014-01-01,2015-12-30,Friday,Viernes Promo 25% OFF
3649,2345,30.0,2014-01-01,2015-12-30,Tuesday,Martes Promo 30% OFF
3650,2345,25.0,2014-01-01,2015-12-30,Friday,Viernes Promo 25% OFF
3651,1141,30.0,2014-01-01,2015-12-30,Tuesday,Martes Promo 30% OFF
3652,1141,25.0,2014-01-01,2015-12-30,Friday,Viernes Promo 25% OFF
3653,3918,30.0,2014-01-01,2015-12-30,Tuesday,Martes Promo 30% OFF
3654,3918,25.0,2014-01-01,2015-12-30,Friday,Viernes Promo 25% OFF
3655,1343,30.0,2014-01-01,2015-12-30,Tuesday,Martes Promo 30% OFF
3656,1343,25.0,2014-01-01,2015-12-30,Friday,Viernes Promo 25% OFF
3657,915,30.0,2014-01-01,2015-12-30,Tuesday,Martes Promo 30% OFF
3658,915,25.0,2014-01-01,2015-12-30,Friday,Viernes Promo 25% OFF
3659,934,30.0,2014-01-01,2015-12-30,Tuesday,Martes Promo 30% OFF
3660,934,25.0,2014-01-01,2015-12-30,Friday,Viernes Promo 25% OFF
3661,735,30.0,2014-01-01,2015-12-30,Tuesday,Martes Promo 30% OFF
3662,735,25.0,2014-01-01,2015-12-30,Friday,Viernes Promo 25% OFF
3663,728,30.0,2014-01-01,2015-12-30,Tuesday,Martes Promo 30% OFF
3664,728,25.0,2014-01-01,2015-12-30,Friday,Viernes Promo 25% OFF
3665,2150,30.0,2014-01-01,2015-12-30,Tuesday,Martes Promo 30% OFF
3666,2150,25.0,2014-01-01,2015-12-30,Friday,Viernes Promo 25% OFF
3667,2118,30.0,2014-01-01,2015-12-30,Tuesday,Martes Promo 30% OFF
3668,2118,25.0,2014-01-01,2015-12-30,Friday,Viernes Promo 25% OFF
3669,2705,30.0,2014-01-01,2015-12-30,Tuesday,Martes Promo 30% OFF
3670,2705,25.0,2014-01-01,2015-12-30,Friday,Viernes Promo 25% OFF
3671,171,30.0,2014-01-01,2015-12-30,Tuesday,Martes Promo 30% OFF
3672,171,25.0,2014-01-01,2015-12-30,Friday,Viernes Promo 25% OFF
3673,1563,30.0,2014-01-01,2015-12-30,Tuesday,Martes Promo 30% OFF
3674,1563,25.0,2014-01-01,2015-12-30,Friday,Viernes Promo 25% OFF
3675,3898,30.0,2014-01-01,2015-12-30,Tuesday,Martes Promo 30% OFF
3676,3898,25.0,2014-01-01,2015-12-30,Friday,Viernes Promo 25% OFF
3677,2006,30.0,2014-01-01,2015-12-30,Tuesday,Martes Promo 30% OFF
3678,2006,25.0,2014-01-01,2015-12-30,Friday,Viernes Promo 25% OFF
3679,3101,30.0,2014-01-01,2015-12-30,Tuesday,Martes Promo 30% OFF
3680,3101,25.0,2014-01-01,2015-12-30,Friday,Viernes Promo 25% OFF
3681,2347,30.0,2014-01-01,2015-12-30,Tuesday,Martes Promo 30% OFF
3682,2347,25.0,2014-01-01,2015-12-30,Friday,Viernes Promo 25% OFF
3683,3904,30.0,2014-01-01,2015-12-30,Tuesday,Martes Promo 30% OFF
3684,3904,25.0,2014-01-01,2015-12-30,Friday,Viernes Promo 25% OFF
3685,591,30.0,2014-01-01,2015-12-30,Tuesday,Martes Promo 30% OFF
3686,591,25.0,2014-01-01,2015-12-30,Friday,Viernes Promo 25% OFF
3687,273,30.0,2014-01-01,2015-12-30,Tuesday,Martes Promo 30% OFF
3688,273,25.0,2014-01-01,2015-12-30,Friday,Viernes Promo 25% OFF
3689,1371,30.0,2014-01-01,2015-12-30,Tuesday,Martes Promo 30% OFF
3690,1371,25.0,2014-01-01,2015-12-30,Friday,Viernes Promo 25% OFF
3691,2206,30.0,2014-01-01,2015-12-30,Tuesday,Martes Promo 30% OFF
3692,2206,25.0,2014-01-01,2015-12-30,Friday,Viernes Promo 25% OFF
3693,3229,30.0,2014-01-01,2015-12-30,Tuesday,Martes Promo 30% OFF
3694,3229,25.0,2014-01-01,2015-12-30,Friday,Viernes Promo 25% OFF
3695,917,30.0,2014-01-01,2015-12-30,Tuesday,Martes Promo 30% OFF
3696,917,25.0,2014-01-01,2015-12-30,Friday,Viernes Promo 25% OFF
3697,969,30.0,2014-01-01,2015-12-30,Tuesday,Martes Promo 30% OFF
3698,969,25.0,2014-01-01,2015-12-30,Friday,Viernes Promo 25% OFF
3699,3326,30.0,2014-01-01,2015-12-30,Tuesday,Martes Promo 30% OFF
3700,3326,25.0,2014-01-01,2015-12-30,Friday,Viernes Promo 25% OFF
3701,2367,30.0,2014-01-01,2015-12-30,Tuesday,Martes Promo 30% OFF
3702,2367,25.0,2014-01-01,2015-12-30,Friday,Viernes Promo 25% OFF
3703,1542,30.0,2014-01-01,2015-12-30,Tuesday,Martes Promo 30% OFF
3704,1542,25.0,2014-01-01,2015-12-30,Friday,Viernes Promo 25% OFF
3705,3257,30.0,2014-01-01,2015-12-30,Tuesday,Martes Promo 30% OFF
3706,3257,25.0,2014-01-01,2015-12-30,Friday,Viernes Promo 25% OFF
3707,2169,30.0,2014-01-01,2015-12-30,Tuesday,Martes Promo 30% OFF
3708,2169,25.0,2014-01-01,2015-12-30,Friday,Viernes Promo 25% OFF
3709,3265,30.0,2014-01-01,2015-12-30,Tuesday,Martes Promo 30% OFF
3710,3265,25.0,2014-01-01,2015-12-30,Friday,Viernes Promo 25% OFF
3711,1364,30.0,2014-01-01,2015-12-30,Tuesday,Martes Promo 30% OFF
3712,1364,25.0,2014-01-01,2015-12-30,Friday,Viernes Promo 25% OFF
3713,572,30.0,2014-01-01,2015-12-30,Tuesday,Martes Promo 30% OFF
3714,572,25.0,2014-01-01,2015-12-30,Friday,Viernes Promo 25% OFF
3715,1116,30.0,2014-01-01,2015-12-30,Tuesday,Martes Promo 30% OFF
3716,1116,25.0,2014-01-01,2015-12-30,Friday,Viernes Promo 25% OFF
3717,3578,30.0,2014-01-01,2015-12-30,Tuesday,Martes Promo 30% OFF
3718,3578,25.0,2014-01-01,2015-12-30,Friday,Viernes Promo 25% OFF
3719,3774,30.0,2014-01-01,2015-12-30,Tuesday,Martes Promo 30% OFF
3720,3774,25.0,2014-01-01,2015-12-30,Friday,Viernes Promo 25% OFF
3721,3108,30.0,2014-01-01,2015-12-30,Tuesday,Martes Promo 30% OFF
3722,3108,25.0,2014-01-01,2015-12-30,Friday,Viernes Promo 25% OFF
3723,3277,30.0,2014-01-01,2015-12-30,Tuesday,Martes Promo 30% OFF
3724,3277,25.0,2014-01-01,2015-12-30,Friday,Viernes Promo 25% OFF
3725,1804,30.0,2014-01-01,2015-12-30,Tuesday,Martes Promo 30% OFF
3726,1804,25.0,2014-01-01,2015-12-30,Friday,Viernes Promo 25% OFF
3727,2750,30.0,2014-01-01,2015-12-30,Tuesday,Martes Promo 30% OFF
3728,2750,25.0,2014-01-01,2015-12-30,Friday,Viernes Promo 25% OFF
3729,3966,30.0,2014-01-01,2015-12-30,Tuesday,Martes Promo 30% OFF
3730,3966,25.0,2014-01-01,2015-12-30,Friday,Viernes Promo 25% OFF
3731,327,30.0,2014-01-01,2015-12-30,Tuesday,Martes Promo 30% OFF
3732,327,25.0,2014-01-01,2015-12-30,Friday,Viernes Promo 25% OFF
3733,665,30.0,2014-01-01,2015-12-30,Tuesday,Martes Promo 30% OFF
3734,665,25.0,2014-01-01,2015-12-30,Friday,Viernes Promo 25% OFF
3735,659,30.0,2014-01-01,2015-12-30,Tuesday,Martes Promo 30% OFF
3736,659,25.0,2014-01-01,2015-12-30,Friday,Viernes Promo 25% OFF
3737,258,30.0,2014-01-01,2015-12-30,Tuesday,Martes Promo 30% OFF
3738,258,25.0,2014-01-01,2015-12-30,Friday,Viernes Promo 25% OFF
3739,259,30.0,2014-01-01,2015-12-30,Tuesday,Martes Promo 30% OFF
3740,259,25.0,2014-01-01,2015-12-30,Friday,Viernes Promo 25% OFF
3741,263,30.0,2014-01-01,2015-12-30,Tuesday,Martes Promo 30% OFF
3742,263,25.0,2014-01-01,2015-12-30,Friday,Viernes Promo 25% OFF
3743,254,30.0,2014-01-01,2015-12-30,Tuesday,Martes Promo 30% OFF
3744,254,25.0,2014-01-01,2015-12-30,Friday,Viernes Promo 25% OFF
3745,3973,30.0,2014-01-01,2015-12-30,Tuesday,Martes Promo 30% OFF
3746,3973,25.0,2014-01-01,2015-12-30,Friday,Viernes Promo 25% OFF
3747,485,30.0,2014-01-01,2015-12-30,Tuesday,Martes Promo 30% OFF
3748,485,25.0,2014-01-01,2015-12-30,Friday,Viernes Promo 25% OFF
3749,261,30.0,2014-01-01,2015-12-30,Tuesday,Martes Promo 30% OFF
3750,261,25.0,2014-01-01,2015-12-30,Friday,Viernes Promo 25% OFF
3751,260,30.0,2014-01-01,2015-12-30,Tuesday,Martes Promo 30% OFF
3752,260,25.0,2014-01-01,2015-12-30,Friday,Viernes Promo 25% OFF
3753,3546,30.0,2014-01-01,2015-12-30,Tuesday,Martes Promo 30% OFF
3754,3546,25.0,2014-01-01,2015-12-30,Friday,Viernes Promo 25% OFF
3755,2446,30.0,2014-01-01,2015-12-30,Tuesday,Martes Promo 30% OFF
3756,2446,25.0,2014-01-01,2015-12-30,Friday,Viernes Promo 25% OFF
3757,2306,30.0,2014-01-01,2015-12-30,Tuesday,Martes Promo 30% OFF
3758,2306,25.0,2014-01-01,2015-12-30,Friday,Viernes Promo 25% OFF
3759,1411,30.0,2014-01-01,2015-12-30,Tuesday,Martes Promo 30% OFF
3760,1411,25.0,2014-01-01,2015-12-30,Friday,Viernes Promo 25% OFF
3761,1949,30.0,2014-01-01,2015-12-30,Tuesday,Martes Promo 30% OFF
3762,1949,25.0,2014-01-01,2015-12-30,Friday,Viernes Promo 25% OFF
3763,1948,30.0,2014-01-01,2015-12-30,Tuesday,Martes Promo 30% OFF
3764,1948,25.0,2014-01-01,2015-12-30,Friday,Viernes Promo 25% OFF
3765,1957,30.0,2014-01-01,2015-12-30,Tuesday,Martes Promo 30% OFF
3766,1957,25.0,2014-01-01,2015-12-30,Friday,Viernes Promo 25% OFF
3767,370,30.0,2014-01-01,2015-12-30,Tuesday,Martes Promo 30% OFF
3768,370,25.0,2014-01-01,2015-12-30,Friday,Viernes Promo 25% OFF
3769,3013,30.0,2014-01-01,2015-12-30,Tuesday,Martes Promo 30% OFF
3770,3013,25.0,2014-01-01,2015-12-30,Friday,Viernes Promo 25% OFF
3771,2506,30.0,2014-01-01,2015-12-30,Tuesday,Martes Promo 30% OFF
3772,2506,25.0,2014-01-01,2015-12-30,Friday,Viernes Promo 25% OFF
3773,1802,30.0,2014-01-01,2015-12-30,Tuesday,Martes Promo 30% OFF
3774,1802,25.0,2014-01-01,2015-12-30,Friday,Viernes Promo 25% OFF
3775,2073,30.0,2014-01-01,2015-12-30,Tuesday,Martes Promo 30% OFF
3776,2073,25.0,2014-01-01,2015-12-30,Friday,Viernes Promo 25% OFF
3777,2634,30.0,2014-01-01,2015-12-30,Tuesday,Martes Promo 30% OFF
3778,2634,25.0,2014-01-01,2015-12-30,Friday,Viernes Promo 25% OFF
3779,3850,30.0,2014-01-01,2015-12-30,Tuesday,Martes Promo 30% OFF
3780,3850,25.0,2014-01-01,2015-12-30,Friday,Viernes Promo 25% OFF
3781,450,30.0,2014-01-01,2015-12-30,Tuesday,Martes Promo 30% OFF
3782,450,25.0,2014-01-01,2015-12-30,Friday,Viernes Promo 25% OFF
3783,1842,30.0,2014-01-01,2015-12-30,Tuesday,Martes Promo 30% OFF
3784,1842,25.0,2014-01-01,2015-12-30,Friday,Viernes Promo 25% OFF
3785,2610,30.0,2014-01-01,2015-12-30,Tuesday,Martes Promo 30% OFF
3786,2610,25.0,2014-01-01,2015-12-30,Friday,Viernes Promo 25% OFF
3787,945,30.0,2014-01-01,2015-12-30,Tuesday,Martes Promo 30% OFF
3788,945,25.0,2014-01-01,2015-12-30,Friday,Viernes Promo 25% OFF
3789,3636,30.0,2014-01-01,2015-12-30,Tuesday,Martes Promo 30% OFF
3790,3636,25.0,2014-01-01,2015-12-30,Friday,Viernes Promo 25% OFF
3791,2827,30.0,2014-01-01,2015-12-30,Tuesday,Martes Promo 30% OFF
3792,2827,25.0,2014-01-01,2015-12-30,Friday,Viernes Promo 25% OFF
3793,1890,30.0,2014-01-01,2015-12-30,Tuesday,Martes Promo 30% OFF
3794,1890,25.0,2014-01-01,2015-12-30,Friday,Viernes Promo 25% OFF
3795,1901,30.0,2014-01-01,2015-12-30,Tuesday,Martes Promo 30% OFF
3796,1901,25.0,2014-01-01,2015-12-30,Friday,Viernes Promo 25% OFF
3797,2200,30.0,2014-01-01,2015-12-30,Tuesday,Martes Promo 30% OFF
3798,2200,25.0,2014-01-01,2015-12-30,Friday,Viernes Promo 25% OFF
3799,2758,30.0,2014-01-01,2015-12-30,Tuesday,Martes Promo 30% OFF
3800,2758,25.0,2014-01-01,2015-12-30,Friday,Viernes Promo 25% OFF
3801,2723,30.0,2014-01-01,2015-12-30,Tuesday,Martes Promo 30% OFF
3802,2723,25.0,2014-01-01,2015-12-30,Friday,Viernes Promo 25% OFF
3803,1105,30.0,2014-01-01,2015-12-30,Tuesday,Martes Promo 30% OFF
3804,1105,25.0,2014-01-01,2015-12-30,Friday,Viernes Promo 25% OFF
3805,214,30.0,2014-01-01,2015-12-30,Tuesday,Martes Promo 30% OFF
3806,214,25.0,2014-01-01,2015-12-30,Friday,Viernes Promo 25% OFF
3807,1443,30.0,2014-01-01,2015-12-30,Tuesday,Martes Promo 30% OFF
3808,1443,25.0,2014-01-01,2015-12-30,Friday,Viernes Promo 25% OFF
3809,1056,30.0,2014-01-01,2015-12-30,Tuesday,Martes Promo 30% OFF
3810,1056,25.0,2014-01-01,2015-12-30,Friday,Viernes Promo 25% OFF
3811,1775,30.0,2014-01-01,2015-12-30,Tuesday,Martes Promo 30% OFF
3812,1775,25.0,2014-01-01,2015-12-30,Friday,Viernes Promo 25% OFF
3813,853,30.0,2014-01-01,2015-12-30,Tuesday,Martes Promo 30% OFF
3814,853,25.0,2014-01-01,2015-12-30,Friday,Viernes Promo 25% OFF
3815,1324,30.0,2014-01-01,2015-12-30,Tuesday,Martes Promo 30% OFF
3816,1324,25.0,2014-01-01,2015-12-30,Friday,Viernes Promo 25% OFF
3817,702,30.0,2014-01-01,2015-12-30,Tuesday,Martes Promo 30% OFF
3818,702,25.0,2014-01-01,2015-12-30,Friday,Viernes Promo 25% OFF
3819,656,30.0,2014-01-01,2015-12-30,Tuesday,Martes Promo 30% OFF
3820,656,25.0,2014-01-01,2015-12-30,Friday,Viernes Promo 25% OFF
3821,153,30.0,2014-01-01,2015-12-30,Tuesday,Martes Promo 30% OFF
3822,153,25.0,2014-01-01,2015-12-30,Friday,Viernes Promo 25% OFF
3823,145,30.0,2014-01-01,2015-12-30,Tuesday,Martes Promo 30% OFF
3824,145,25.0,2014-01-01,2015-12-30,Friday,Viernes Promo 25% OFF
3825,426,30.0,2014-01-01,2015-12-30,Tuesday,Martes Promo 30% OFF
3826,426,25.0,2014-01-01,2015-12-30,Friday,Viernes Promo 25% OFF
3827,3743,30.0,2014-01-01,2015-12-30,Tuesday,Martes Promo 30% OFF
3828,3743,25.0,2014-01-01,2015-12-30,Friday,Viernes Promo 25% OFF
3829,4029,30.0,2014-01-01,2015-12-30,Tuesday,Martes Promo 30% OFF
3830,4029,25.0,2014-01-01,2015-12-30,Friday,Viernes Promo 25% OFF
3831,2382,30.0,2014-01-01,2015-12-30,Tuesday,Martes Promo 30% OFF
3832,2382,25.0,2014-01-01,2015-12-30,Friday,Viernes Promo 25% OFF
3833,1071,30.0,2014-01-01,2015-12-30,Tuesday,Martes Promo 30% OFF
3834,1071,25.0,2014-01-01,2015-12-30,Friday,Viernes Promo 25% OFF
3835,109,30.0,2014-01-01,2015-12-30,Tuesday,Martes Promo 30% OFF
3836,109,25.0,2014-01-01,2015-12-30,Friday,Viernes Promo 25% OFF
3837,653,30.0,2014-01-01,2015-12-30,Tuesday,Martes Promo 30% OFF
3838,653,25.0,2014-01-01,2015-12-30,Friday,Viernes Promo 25% OFF
3839,2036,30.0,2014-01-01,2015-12-30,Tuesday,Martes Promo 30% OFF
3840,2036,25.0,2014-01-01,2015-12-30,Friday,Viernes Promo 25% OFF
3841,3566,30.0,2014-01-01,2015-12-30,Tuesday,Martes Promo 30% OFF
3842,3566,25.0,2014-01-01,2015-12-30,Friday,Viernes Promo 25% OFF
3843,3811,30.0,2014-01-01,2015-12-30,Tuesday,Martes Promo 30% OFF
3844,3811,25.0,2014-01-01,2015-12-30,Friday,Viernes Promo 25% OFF
3845,752,30.0,2014-01-01,2015-12-30,Tuesday,Martes Promo 30% OFF
3846,752,25.0,2014-01-01,2015-12-30,Friday,Viernes Promo 25% OFF
3847,1670,30.0,2014-01-01,2015-12-30,Tuesday,Martes Promo 30% OFF
3848,1670,25.0,2014-01-01,2015-12-30,Friday,Viernes Promo 25% OFF
3849,458,30.0,2014-01-01,2015-12-30,Tuesday,Martes Promo 30% OFF
3850,458,25.0,2014-01-01,2015-12-30,Friday,Viernes Promo 25% OFF
3851,2289,30.0,2014-01-01,2015-12-30,Tuesday,Martes Promo 30% OFF
3852,2289,25.0,2014-01-01,2015-12-30,Friday,Viernes Promo 25% OFF
3853,72,30.0,2014-01-01,2015-12-30,Tuesday,Martes Promo 30% OFF
3854,72,25.0,2014-01-01,2015-12-30,Friday,Viernes Promo 25% OFF
3855,2084,30.0,2014-01-01,2015-12-30,Tuesday,Martes Promo 30% OFF
3856,2084,25.0,2014-01-01,2015-12-30,Friday,Viernes Promo 25% OFF
3857,529,30.0,2014-01-01,2015-12-30,Tuesday,Martes Promo 30% OFF
3858,529,25.0,2014-01-01,2015-12-30,Friday,Viernes Promo 25% OFF
3859,1279,30.0,2014-01-01,2015-12-30,Tuesday,Martes Promo 30% OFF
3860,1279,25.0,2014-01-01,2015-12-30,Friday,Viernes Promo 25% OFF
3861,3237,30.0,2014-01-01,2015-12-30,Tuesday,Martes Promo 30% OFF
3862,3237,25.0,2014-01-01,2015-12-30,Friday,Viernes Promo 25% OFF
3863,469,30.0,2014-01-01,2015-12-30,Tuesday,Martes Promo 30% OFF
3864,469,25.0,2014-01-01,2015-12-30,Friday,Viernes Promo 25% OFF
3865,1433,30.0,2014-01-01,2015-12-30,Tuesday,Martes Promo 30% OFF
3866,1433,25.0,2014-01-01,2015-12-30,Friday,Viernes Promo 25% OFF
3867,1405,30.0,2014-01-01,2015-12-30,Tuesday,Martes Promo 30% OFF
3868,1405,25.0,2014-01-01,2015-12-30,Friday,Viernes Promo 25% OFF
3869,828,30.0,2014-01-01,2015-12-30,Tuesday,Martes Promo 30% OFF
3870,828,25.0,2014-01-01,2015-12-30,Friday,Viernes Promo 25% OFF
3871,2547,30.0,2014-01-01,2015-12-30,Tuesday,Martes Promo 30% OFF
3872,2547,25.0,2014-01-01,2015-12-30,Friday,Viernes Promo 25% OFF
3873,698,30.0,2014-01-01,2015-12-30,Tuesday,Martes Promo 30% OFF
3874,698,25.0,2014-01-01,2015-12-30,Friday,Viernes Promo 25% OFF
3875,2878,30.0,2014-01-01,2015-12-30,Tuesday,Martes Promo 30% OFF
3876,2878,25.0,2014-01-01,2015-12-30,Friday,Viernes Promo 25% OFF
3877,3739,30.0,2014-01-01,2015-12-30,Tuesday,Martes Promo 30% OFF
3878,3739,25.0,2014-01-01,2015-12-30,Friday,Viernes Promo 25% OFF
3879,637,30.0,2014-01-01,2015-12-30,Tuesday,Martes Promo 30% OFF
3880,637,25.0,2014-01-01,2015-12-30,Friday,Viernes Promo 25% OFF
3881,2534,30.0,2014-01-01,2015-12-30,Tuesday,Martes Promo 30% OFF
3882,2534,25.0,2014-01-01,2015-12-30,Friday,Viernes Promo 25% OFF
3883,3384,30.0,2014-01-01,2015-12-30,Tuesday,Martes Promo 30% OFF
3884,3384,25.0,2014-01-01,2015-12-30,Friday,Viernes Promo 25% OFF
3885,1213,30.0,2014-01-01,2015-12-30,Tuesday,Martes Promo 30% OFF
3886,1213,25.0,2014-01-01,2015-12-30,Friday,Viernes Promo 25% OFF
3887,253,30.0,2014-01-01,2015-12-30,Tuesday,Martes Promo 30% OFF
3888,253,25.0,2014-01-01,2015-12-30,Friday,Viernes Promo 25% OFF
3889,3260,30.0,2014-01-01,2015-12-30,Tuesday,Martes Promo 30% OFF
3890,3260,25.0,2014-01-01,2015-12-30,Friday,Viernes Promo 25% OFF
3891,732,30.0,2014-01-01,2015-12-30,Tuesday,Martes Promo 30% OFF
3892,732,25.0,2014-01-01,2015-12-30,Friday,Viernes Promo 25% OFF
3893,731,30.0,2014-01-01,2015-12-30,Tuesday,Martes Promo 30% OFF
3894,731,25.0,2014-01-01,2015-12-30,Friday,Viernes Promo 25% OFF
3895,737,30.0,2014-01-01,2015-12-30,Tuesday,Martes Promo 30% OFF
3896,737,25.0,2014-01-01,2015-12-30,Friday,Viernes Promo 25% OFF
3897,2624,30.0,2014-01-01,2015-12-30,Tuesday,Martes Promo 30% OFF
3898,2624,25.0,2014-01-01,2015-12-30,Friday,Viernes Promo 25% OFF
3899,1361,30.0,2014-01-01,2015-12-30,Tuesday,Martes Promo 30% OFF
3900,1361,25.0,2014-01-01,2015-12-30,Friday,Viernes Promo 25% OFF
3901,1565,30.0,2014-01-01,2015-12-30,Tuesday,Martes Promo 30% OFF
3902,1565,25.0,2014-01-01,2015-12-30,Friday,Viernes Promo 25% OFF
3903,439,30.0,2014-01-01,2015-12-30,Tuesday,Martes Promo 30% OFF
3904,439,25.0,2014-01-01,2015-12-30,Friday,Viernes Promo 25% OFF
3905,1805,30.0,2014-01-01,2015-12-30,Tuesday,Martes Promo 30% OFF
3906,1805,25.0,2014-01-01,2015-12-30,Friday,Viernes Promo 25% OFF
3907,211,30.0,2014-01-01,2015-12-30,Tuesday,Martes Promo 30% OFF
3908,211,25.0,2014-01-01,2015-12-30,Friday,Viernes Promo 25% OFF
3909,3631,30.0,2014-01-01,2015-12-30,Tuesday,Martes Promo 30% OFF
3910,3631,25.0,2014-01-01,2015-12-30,Friday,Viernes Promo 25% OFF
3911,1228,30.0,2014-01-01,2015-12-30,Tuesday,Martes Promo 30% OFF
3912,1228,25.0,2014-01-01,2015-12-30,Friday,Viernes Promo 25% OFF
3913,671,30.0,2014-01-01,2015-12-30,Tuesday,Martes Promo 30% OFF
3914,671,25.0,2014-01-01,2015-12-30,Friday,Viernes Promo 25% OFF
3915,68,30.0,2014-01-01,2015-12-30,Tuesday,Martes Promo 30% OFF
3916,68,25.0,2014-01-01,2015-12-30,Friday,Viernes Promo 25% OFF
3917,580,30.0,2014-01-01,2015-12-30,Tuesday,Martes Promo 30% OFF
3918,580,25.0,2014-01-01,2015-12-30,Friday,Viernes Promo 25% OFF
3919,256,30.0,2014-01-01,2015-12-30,Tuesday,Martes Promo 30% OFF
3920,256,25.0,2014-01-01,2015-12-30,Friday,Viernes Promo 25% OFF
3921,1055,30.0,2014-01-01,2015-12-30,Tuesday,Martes Promo 30% OFF
3922,1055,25.0,2014-01-01,2015-12-30,Friday,Viernes Promo 25% OFF
3923,929,30.0,2014-01-01,2015-12-30,Tuesday,Martes Promo 30% OFF
3924,929,25.0,2014-01-01,2015-12-30,Friday,Viernes Promo 25% OFF
3925,1402,30.0,2014-01-01,2015-12-30,Tuesday,Martes Promo 30% OFF
3926,1402,25.0,2014-01-01,2015-12-30,Friday,Viernes Promo 25% OFF
3927,2935,30.0,2014-01-01,2015-12-30,Tuesday,Martes Promo 30% OFF
3928,2935,25.0,2014-01-01,2015-12-30,Friday,Viernes Promo 25% OFF
3929,3252,30.0,2014-01-01,2015-12-30,Tuesday,Martes Promo 30% OFF
3930,3252,25.0,2014-01-01,2015-12-30,Friday,Viernes Promo 25% OFF
3931,208,30.0,2014-01-01,2015-12-30,Tuesday,Martes Promo 30% OFF
3932,208,25.0,2014-01-01,2015-12-30,Friday,Viernes Promo 25% OFF
3933,198,30.0,2014-01-01,2015-12-30,Tuesday,Martes Promo 30% OFF
3934,198,25.0,2014-01-01,2015-12-30,Friday,Viernes Promo 25% OFF
3935,2097,30.0,2014-01-01,2015-12-30,Tuesday,Martes Promo 30% OFF
3936,2097,25.0,2014-01-01,2015-12-30,Friday,Viernes Promo 25% OFF
3937,1292,30.0,2014-01-01,2015-12-30,Tuesday,Martes Promo 30% OFF
3938,1292,25.0,2014-01-01,2015-12-30,Friday,Viernes Promo 25% OFF
3939,2075,30.0,2014-01-01,2015-12-30,Tuesday,Martes Promo 30% OFF
3940,2075,25.0,2014-01-01,2015-12-30,Friday,Viernes Promo 25% OFF
3941,3370,30.0,2014-01-01,2015-12-30,Tuesday,Martes Promo 30% OFF
3942,3370,25.0,2014-01-01,2015-12-30,Friday,Viernes Promo 25% OFF
3943,403,30.0,2014-01-01,2015-12-30,Tuesday,Martes Promo 30% OFF
3944,403,25.0,2014-01-01,2015-12-30,Friday,Viernes Promo 25% OFF
3945,2893,30.0,2014-01-01,2015-12-30,Tuesday,Martes Promo 30% OFF
3946,2893,25.0,2014-01-01,2015-12-30,Friday,Viernes Promo 25% OFF
3947,1416,30.0,2014-01-01,2015-12-30,Tuesday,Martes Promo 30% OFF
3948,1416,25.0,2014-01-01,2015-12-30,Friday,Viernes Promo 25% OFF
3949,114,30.0,2014-01-01,2015-12-30,Tuesday,Martes Promo 30% OFF
3950,114,25.0,2014-01-01,2015-12-30,Friday,Viernes Promo 25% OFF
3951,3017,30.0,2014-01-01,2015-12-30,Tuesday,Martes Promo 30% OFF
3952,3017,25.0,2014-01-01,2015-12-30,Friday,Viernes Promo 25% OFF
3953,3244,30.0,2014-01-01,2015-12-30,Tuesday,Martes Promo 30% OFF
3954,3244,25.0,2014-01-01,2015-12-30,Friday,Viernes Promo 25% OFF
3955,2847,30.0,2014-01-01,2015-12-30,Tuesday,Martes Promo 30% OFF
3956,2847,25.0,2014-01-01,2015-12-30,Friday,Viernes Promo 25% OFF
3957,1592,30.0,2014-01-01,2015-12-30,Tuesday,Martes Promo 30% OFF
3958,1592,25.0,2014-01-01,2015-12-30,Friday,Viernes Promo 25% OFF
3959,2910,30.0,2014-01-01,2015-12-30,Tuesday,Martes Promo 30% OFF
3960,2910,25.0,2014-01-01,2015-12-30,Friday,Viernes Promo 25% OFF
3961,45,30.0,2014-01-01,2015-12-30,Tuesday,Martes Promo 30% OFF
3962,45,25.0,2014-01-01,2015-12-30,Friday,Viernes Promo 25% OFF
3963,1202,30.0,2014-01-01,2015-12-30,Tuesday,Martes Promo 30% OFF
3964,1202,25.0,2014-01-01,2015-12-30,Friday,Viernes Promo 25% OFF
3965,1079,30.0,2014-01-01,2015-12-30,Tuesday,Martes Promo 30% OFF
3966,1079,25.0,2014-01-01,2015-12-30,Friday,Viernes Promo 25% OFF
3967,1505,30.0,2014-01-01,2015-12-30,Tuesday,Martes Promo 30% OFF
3968,1505,25.0,2014-01-01,2015-12-30,Friday,Viernes Promo 25% OFF
3969,3322,30.0,2014-01-01,2015-12-30,Tuesday,Martes Promo 30% OFF
3970,3322,25.0,2014-01-01,2015-12-30,Friday,Viernes Promo 25% OFF
3971,950,30.0,2014-01-01,2015-12-30,Tuesday,Martes Promo 30% OFF
3972,950,25.0,2014-01-01,2015-12-30,Friday,Viernes Promo 25% OFF
3973,1678,30.0,2014-01-01,2015-12-30,Tuesday,Martes Promo 30% OFF
3974,1678,25.0,2014-01-01,2015-12-30,Friday,Viernes Promo 25% OFF
3975,3125,30.0,2014-01-01,2015-12-30,Tuesday,Martes Promo 30% OFF
3976,3125,25.0,2014-01-01,2015-12-30,Friday,Viernes Promo 25% OFF
3977,2141,30.0,2014-01-01,2015-12-30,Tuesday,Martes Promo 30% OFF
3978,2141,25.0,2014-01-01,2015-12-30,Friday,Viernes Promo 25% OFF
3979,3428,30.0,2014-01-01,2015-12-30,Tuesday,Martes Promo 30% OFF
3980,3428,25.0,2014-01-01,2015-12-30,Friday,Viernes Promo 25% OFF
3981,1601,30.0,2014-01-01,2015-12-30,Tuesday,Martes Promo 30% OFF
3982,1601,25.0,2014-01-01,2015-12-30,Friday,Viernes Promo 25% OFF
3983,3867,30.0,2014-01-01,2015-12-30,Tuesday,Martes Promo 30% OFF
3984,3867,25.0,2014-01-01,2015-12-30,Friday,Viernes Promo 25% OFF
3985,2957,30.0,2014-01-01,2015-12-30,Tuesday,Martes Promo 30% OFF
3986,2957,25.0,2014-01-01,2015-12-30,Friday,Viernes Promo 25% OFF
3987,925,30.0,2014-01-01,2015-12-30,Tuesday,Martes Promo 30% OFF
3988,925,25.0,2014-01-01,2015-12-30,Friday,Viernes Promo 25% OFF
3989,3696,30.0,2014-01-01,2015-12-30,Tuesday,Martes Promo 30% OFF
3990,3696,25.0,2014-01-01,2015-12-30,Friday,Viernes Promo 25% OFF
3991,3564,30.0,2014-01-01,2015-12-30,Tuesday,Martes Promo 30% OFF
3992,3564,25.0,2014-01-01,2015-12-30,Friday,Viernes Promo 25% OFF
3993,2694,30.0,2014-01-01,2015-12-30,Tuesday,Martes Promo 30% OFF
3994,2694,25.0,2014-01-01,2015-12-30,Friday,Viernes Promo 25% OFF
3995,3193,30.0,2014-01-01,2015-12-30,Tuesday,Martes Promo 30% OFF
3996,3193,25.0,2014-01-01,2015-12-30,Friday,Viernes Promo 25% OFF
3997,1188,30.0,2014-01-01,2015-12-30,Tuesday,Martes Promo 30% OFF
3998,1188,25.0,2014-01-01,2015-12-30,Friday,Viernes Promo 25% OFF
3999,1349,30.0,2014-01-01,2015-12-30,Tuesday,Martes Promo 30% OFF
4000,1349,25.0,2014-01-01,2015-12-30,Friday,Viernes Promo 25% OFF
4001,3140,30.0,2014-01-01,2015-12-30,Tuesday,Martes Promo 30% OFF
4002,3140,25.0,2014-01-01,2015-12-30,Friday,Viernes Promo 25% OFF
4003,1650,30.0,2014-01-01,2015-12-30,Tuesday,Martes Promo 30% OFF
4004,1650,25.0,2014-01-01,2015-12-30,Friday,Viernes Promo 25% OFF
4005,1685,30.0,2014-01-01,2015-12-30,Tuesday,Martes Promo 30% OFF
4006,1685,25.0,2014-01-01,2015-12-30,Friday,Viernes Promo 25% OFF
4007,219,30.0,2014-01-01,2015-12-30,Tuesday,Martes Promo 30% OFF
4008,219,25.0,2014-01-01,2015-12-30,Friday,Viernes Promo 25% OFF
4009,257,30.0,2014-01-01,2015-12-30,Tuesday,Martes Promo 30% OFF
4010,257,25.0,2014-01-01,2015-12-30,Friday,Viernes Promo 25% OFF
4011,3246,30.0,2014-01-01,2015-12-30,Tuesday,Martes Promo 30% OFF
4012,3246,25.0,2014-01-01,2015-12-30,Friday,Viernes Promo 25% OFF
4013,3171,30.0,2014-01-01,2015-12-30,Tuesday,Martes Promo 30% OFF
4014,3171,25.0,2014-01-01,2015-12-30,Friday,Viernes Promo 25% OFF
4015,3148,30.0,2014-01-01,2015-12-30,Tuesday,Martes Promo 30% OFF
4016,3148,25.0,2014-01-01,2015-12-30,Friday,Viernes Promo 25% OFF
4017,3553,30.0,2014-01-01,2015-12-30,Tuesday,Martes Promo 30% OFF
4018,3553,25.0,2014-01-01,2015-12-30,Friday,Viernes Promo 25% OFF
4019,1159,30.0,2014-01-01,2015-12-30,Tuesday,Martes Promo 30% OFF
4020,1159,25.0,2014-01-01,2015-12-30,Friday,Viernes Promo 25% OFF
4021,1070,30.0,2014-01-01,2015-12-30,Tuesday,Martes Promo 30% OFF
4022,1070,25.0,2014-01-01,2015-12-30,Friday,Viernes Promo 25% OFF
4023,1516,30.0,2014-01-01,2015-12-30,Tuesday,Martes Promo 30% OFF
4024,1516,25.0,2014-01-01,2015-12-30,Friday,Viernes Promo 25% OFF
4025,1267,30.0,2014-01-01,2015-12-30,Tuesday,Martes Promo 30% OFF
4026,1267,25.0,2014-01-01,2015-12-30,Friday,Viernes Promo 25% OFF
4027,199,30.0,2014-01-01,2015-12-30,Tuesday,Martes Promo 30% OFF
4028,199,25.0,2014-01-01,2015-12-30,Friday,Viernes Promo 25% OFF
4029,1528,30.0,2014-01-01,2015-12-30,Tuesday,Martes Promo 30% OFF
4030,1528,25.0,2014-01-01,2015-12-30,Friday,Viernes Promo 25% OFF
4031,1615,30.0,2014-01-01,2015-12-30,Tuesday,Martes Promo 30% OFF
4032,1615,25.0,2014-01-01,2015-12-30,Friday,Viernes Promo 25% OFF
4033,468,30.0,2014-01-01,2015-12-30,Tuesday,Martes Promo 30% OFF
4034,468,25.0,2014-01-01,2015-12-30,Friday,Viernes Promo 25% OFF
4035,3299,30.0,2014-01-01,2015-12-30,Tuesday,Martes Promo 30% OFF
4036,3299,25.0,2014-01-01,2015-12-30,Friday,Viernes Promo 25% OFF
4037,3855,30.0,2014-01-01,2015-12-30,Tuesday,Martes Promo 30% OFF
4038,3855,25.0,2014-01-01,2015-12-30,Friday,Viernes Promo 25% OFF
4039,952,30.0,2014-01-01,2015-12-30,Tuesday,Martes Promo 30% OFF
4040,952,25.0,2014-01-01,2015-12-30,Friday,Viernes Promo 25% OFF
4041,3075,30.0,2014-01-01,2015-12-30,Tuesday,Martes Promo 30% OFF
4042,3075,25.0,2014-01-01,2015-12-30,Friday,Viernes Promo 25% OFF
4043,948,30.0,2014-01-01,2015-12-30,Tuesday,Martes Promo 30% OFF
4044,948,25.0,2014-01-01,2015-12-30,Friday,Viernes Promo 25% OFF
4045,3381,30.0,2014-01-01,2015-12-30,Tuesday,Martes Promo 30% OFF
4046,3381,25.0,2014-01-01,2015-12-30,Friday,Viernes Promo 25% OFF
4047,1864,30.0,2014-01-01,2015-12-30,Tuesday,Martes Promo 30% OFF
4048,1864,25.0,2014-01-01,2015-12-30,Friday,Viernes Promo 25% OFF
4049,563,30.0,2014-01-01,2015-12-30,Tuesday,Martes Promo 30% OFF
4050,563,25.0,2014-01-01,2015-12-30,Friday,Viernes Promo 25% OFF
4051,1869,30.0,2014-01-01,2015-12-30,Tuesday,Martes Promo 30% OFF
4052,1869,25.0,2014-01-01,2015-12-30,Friday,Viernes Promo 25% OFF
4053,562,30.0,2014-01-01,2015-12-30,Tuesday,Martes Promo 30% OFF
4054,562,25.0,2014-01-01,2015-12-30,Friday,Viernes Promo 25% OFF
4055,3972,30.0,2014-01-01,2015-12-30,Tuesday,Martes Promo 30% OFF
4056,3972,25.0,2014-01-01,2015-12-30,Friday,Viernes Promo 25% OFF
4057,1983,30.0,2014-01-01,2015-12-30,Tuesday,Martes Promo 30% OFF
4058,1983,25.0,2014-01-01,2015-12-30,Friday,Viernes Promo 25% OFF
4059,2696,30.0,2014-01-01,2015-12-30,Tuesday,Martes Promo 30% OFF
4060,2696,25.0,2014-01-01,2015-12-30,Friday,Viernes Promo 25% OFF
4061,1923,30.0,2014-01-01,2015-12-30,Tuesday,Martes Promo 30% OFF
4062,1923,25.0,2014-01-01,2015-12-30,Friday,Viernes Promo 25% OFF
4063,3997,30.0,2014-01-01,2015-12-30,Tuesday,Martes Promo 30% OFF
4064,3997,25.0,2014-01-01,2015-12-30,Friday,Viernes Promo 25% OFF
4065,443,30.0,2014-01-01,2015-12-30,Tuesday,Martes Promo 30% OFF
4066,443,25.0,2014-01-01,2015-12-30,Friday,Viernes Promo 25% OFF
4067,610,30.0,2014-01-01,2015-12-30,Tuesday,Martes Promo 30% OFF
4068,610,25.0,2014-01-01,2015-12-30,Friday,Viernes Promo 25% OFF
4069,2497,30.0,2014-01-01,2015-12-30,Tuesday,Martes Promo 30% OFF
4070,2497,25.0,2014-01-01,2015-12-30,Friday,Viernes Promo 25% OFF
4071,520,30.0,2014-01-01,2015-12-30,Tuesday,Martes Promo 30% OFF
4072,520,25.0,2014-01-01,2015-12-30,Friday,Viernes Promo 25% OFF
4073,1546,30.0,2014-01-01,2015-12-30,Tuesday,Martes Promo 30% OFF
4074,1546,25.0,2014-01-01,2015-12-30,Friday,Viernes Promo 25% OFF
4075,1702,30.0,2014-01-01,2015-12-30,Tuesday,Martes Promo 30% OFF
4076,1702,25.0,2014-01-01,2015-12-30,Friday,Viernes Promo 25% OFF
4077,1297,30.0,2014-01-01,2015-12-30,Tuesday,Martes Promo 30% OFF
4078,1297,25.0,2014-01-01,2015-12-30,Friday,Viernes Promo 25% OFF
4079,3349,30.0,2014-01-01,2015-12-30,Tuesday,Martes Promo 30% OFF
4080,3349,25.0,2014-01-01,2015-12-30,Friday,Viernes Promo 25% OFF
4081,2299,30.0,2014-01-01,2015-12-30,Tuesday,Martes Promo 30% OFF
4082,2299,25.0,2014-01-01,2015-12-30,Friday,Viernes Promo 25% OFF
4083,2295,30.0,2014-01-01,2015-12-30,Tuesday,Martes Promo 30% OFF
4084,2295,25.0,2014-01-01,2015-12-30,Friday,Viernes Promo 25% OFF
4085,2297,30.0,2014-01-01,2015-12-30,Tuesday,Martes Promo 30% OFF
4086,2297,25.0,2014-01-01,2015-12-30,Friday,Viernes Promo 25% OFF
4087,2301,30.0,2014-01-01,2015-12-30,Tuesday,Martes Promo 30% OFF
4088,2301,25.0,2014-01-01,2015-12-30,Friday,Viernes Promo 25% OFF
4089,3550,30.0,2014-01-01,2015-12-30,Tuesday,Martes Promo 30% OFF
4090,3550,25.0,2014-01-01,2015-12-30,Friday,Viernes Promo 25% OFF
4091,2112,30.0,2014-01-01,2015-12-30,Tuesday,Martes Promo 30% OFF
4092,2112,25.0,2014-01-01,2015-12-30,Friday,Viernes Promo 25% OFF
4093,1394,30.0,2014-01-01,2015-12-30,Tuesday,Martes Promo 30% OFF
4094,1394,25.0,2014-01-01,2015-12-30,Friday,Viernes Promo 25% OFF
4095,3464,30.0,2014-01-01,2015-12-30,Tuesday,Martes Promo 30% OFF
4096,3464,25.0,2014-01-01,2015-12-30,Friday,Viernes Promo 25% OFF
4097,3132,30.0,2014-01-01,2015-12-30,Tuesday,Martes Promo 30% OFF
4098,3132,25.0,2014-01-01,2015-12-30,Friday,Viernes Promo 25% OFF
4099,2379,30.0,2014-01-01,2015-12-30,Tuesday,Martes Promo 30% OFF
4100,2379,25.0,2014-01-01,2015-12-30,Friday,Viernes Promo 25% OFF
4101,1396,30.0,2014-01-01,2015-12-30,Tuesday,Martes Promo 30% OFF
4102,1396,25.0,2014-01-01,2015-12-30,Friday,Viernes Promo 25% OFF
4103,2619,30.0,2014-01-01,2015-12-30,Tuesday,Martes Promo 30% OFF
4104,2619,25.0,2014-01-01,2015-12-30,Friday,Viernes Promo 25% OFF
4105,1180,30.0,2014-01-01,2015-12-30,Tuesday,Martes Promo 30% OFF
4106,1180,25.0,2014-01-01,2015-12-30,Friday,Viernes Promo 25% OFF
4107,2432,30.0,2014-01-01,2015-12-30,Tuesday,Martes Promo 30% OFF
4108,2432,25.0,2014-01-01,2015-12-30,Friday,Viernes Promo 25% OFF
4109,2429,30.0,2014-01-01,2015-12-30,Tuesday,Martes Promo 30% OFF
4110,2429,25.0,2014-01-01,2015-12-30,Friday,Viernes Promo 25% OFF
4111,3502,30.0,2014-01-01,2015-12-30,Tuesday,Martes Promo 30% OFF
4112,3502,25.0,2014-01-01,2015-12-30,Friday,Viernes Promo 25% OFF
4113,2007,30.0,2014-01-01,2015-12-30,Tuesday,Martes Promo 30% OFF
4114,2007,25.0,2014-01-01,2015-12-30,Friday,Viernes Promo 25% OFF
4115,1010,30.0,2014-01-01,2015-12-30,Tuesday,Martes Promo 30% OFF
4116,1010,25.0,2014-01-01,2015-12-30,Friday,Viernes Promo 25% OFF
4117,2146,30.0,2014-01-01,2015-12-30,Tuesday,Martes Promo 30% OFF
4118,2146,25.0,2014-01-01,2015-12-30,Friday,Viernes Promo 25% OFF
4119,2148,30.0,2014-01-01,2015-12-30,Tuesday,Martes Promo 30% OFF
4120,2148,25.0,2014-01-01,2015-12-30,Friday,Viernes Promo 25% OFF
4121,2769,30.0,2014-01-01,2015-12-30,Tuesday,Martes Promo 30% OFF
4122,2769,25.0,2014-01-01,2015-12-30,Friday,Viernes Promo 25% OFF
4123,2116,30.0,2014-01-01,2015-12-30,Tuesday,Martes Promo 30% OFF
4124,2116,25.0,2014-01-01,2015-12-30,Friday,Viernes Promo 25% OFF
4125,3317,30.0,2014-01-01,2015-12-30,Tuesday,Martes Promo 30% OFF
4126,3317,25.0,2014-01-01,2015-12-30,Friday,Viernes Promo 25% OFF
4127,1513,30.0,2014-01-01,2015-12-30,Tuesday,Martes Promo 30% OFF
4128,1513,25.0,2014-01-01,2015-12-30,Friday,Viernes Promo 25% OFF
4129,1984,30.0,2014-01-01,2015-12-30,Tuesday,Martes Promo 30% OFF
4130,1984,25.0,2014-01-01,2015-12-30,Friday,Viernes Promo 25% OFF
4131,1868,30.0,2014-01-01,2015-12-30,Tuesday,Martes Promo 30% OFF
4132,1868,25.0,2014-01-01,2015-12-30,Friday,Viernes Promo 25% OFF
4133,1347,30.0,2014-01-01,2015-12-30,Tuesday,Martes Promo 30% OFF
4134,1347,25.0,2014-01-01,2015-12-30,Friday,Viernes Promo 25% OFF
4135,3173,30.0,2014-01-01,2015-12-30,Tuesday,Martes Promo 30% OFF
4136,3173,25.0,2014-01-01,2015-12-30,Friday,Viernes Promo 25% OFF
4137,908,30.0,2014-01-01,2015-12-30,Tuesday,Martes Promo 30% OFF
4138,908,25.0,2014-01-01,2015-12-30,Friday,Viernes Promo 25% OFF
4139,3327,30.0,2014-01-01,2015-12-30,Tuesday,Martes Promo 30% OFF
4140,3327,25.0,2014-01-01,2015-12-30,Friday,Viernes Promo 25% OFF
4141,909,30.0,2014-01-01,2015-12-30,Tuesday,Martes Promo 30% OFF
4142,909,25.0,2014-01-01,2015-12-30,Friday,Viernes Promo 25% OFF
4143,2103,30.0,2014-01-01,2015-12-30,Tuesday,Martes Promo 30% OFF
4144,2103,25.0,2014-01-01,2015-12-30,Friday,Viernes Promo 25% OFF
4145,2647,30.0,2014-01-01,2015-12-30,Tuesday,Martes Promo 30% OFF
4146,2647,25.0,2014-01-01,2015-12-30,Friday,Viernes Promo 25% OFF
4147,2965,30.0,2014-01-01,2015-12-30,Tuesday,Martes Promo 30% OFF
4148,2965,25.0,2014-01-01,2015-12-30,Friday,Viernes Promo 25% OFF
4149,2909,30.0,2014-01-01,2015-12-30,Tuesday,Martes Promo 30% OFF
4150,2909,25.0,2014-01-01,2015-12-30,Friday,Viernes Promo 25% OFF
4151,3406,30.0,2014-01-01,2015-12-30,Tuesday,Martes Promo 30% OFF
4152,3406,25.0,2014-01-01,2015-12-30,Friday,Viernes Promo 25% OFF
4153,394,30.0,2014-01-01,2015-12-30,Tuesday,Martes Promo 30% OFF
4154,394,25.0,2014-01-01,2015-12-30,Friday,Viernes Promo 25% OFF
4155,220,30.0,2014-01-01,2015-12-30,Tuesday,Martes Promo 30% OFF
4156,220,25.0,2014-01-01,2015-12-30,Friday,Viernes Promo 25% OFF
4157,1190,30.0,2014-01-01,2015-12-30,Tuesday,Martes Promo 30% OFF
4158,1190,25.0,2014-01-01,2015-12-30,Friday,Viernes Promo 25% OFF
4159,1111,30.0,2014-01-01,2015-12-30,Tuesday,Martes Promo 30% OFF
4160,1111,25.0,2014-01-01,2015-12-30,Friday,Viernes Promo 25% OFF
4161,1109,30.0,2014-01-01,2015-12-30,Tuesday,Martes Promo 30% OFF
4162,1109,25.0,2014-01-01,2015-12-30,Friday,Viernes Promo 25% OFF
4163,1809,30.0,2014-01-01,2015-12-30,Tuesday,Martes Promo 30% OFF
4164,1809,25.0,2014-01-01,2015-12-30,Friday,Viernes Promo 25% OFF
4165,1807,30.0,2014-01-01,2015-12-30,Tuesday,Martes Promo 30% OFF
4166,1807,25.0,2014-01-01,2015-12-30,Friday,Viernes Promo 25% OFF
4167,1107,30.0,2014-01-01,2015-12-30,Tuesday,Martes Promo 30% OFF
4168,1107,25.0,2014-01-01,2015-12-30,Friday,Viernes Promo 25% OFF
4169,497,30.0,2014-01-01,2015-12-30,Tuesday,Martes Promo 30% OFF
4170,497,25.0,2014-01-01,2015-12-30,Friday,Viernes Promo 25% OFF
4171,224,30.0,2014-01-01,2015-12-30,Tuesday,Martes Promo 30% OFF
4172,224,25.0,2014-01-01,2015-12-30,Friday,Viernes Promo 25% OFF
4173,645,30.0,2014-01-01,2015-12-30,Tuesday,Martes Promo 30% OFF
4174,645,25.0,2014-01-01,2015-12-30,Friday,Viernes Promo 25% OFF
4175,3638,30.0,2014-01-01,2015-12-30,Tuesday,Martes Promo 30% OFF
4176,3638,25.0,2014-01-01,2015-12-30,Friday,Viernes Promo 25% OFF
4177,642,30.0,2014-01-01,2015-12-30,Tuesday,Martes Promo 30% OFF
4178,642,25.0,2014-01-01,2015-12-30,Friday,Viernes Promo 25% OFF
4179,3775,30.0,2014-01-01,2015-12-30,Tuesday,Martes Promo 30% OFF
4180,3775,25.0,2014-01-01,2015-12-30,Friday,Viernes Promo 25% OFF
4181,589,30.0,2014-01-01,2015-12-30,Tuesday,Martes Promo 30% OFF
4182,589,25.0,2014-01-01,2015-12-30,Friday,Viernes Promo 25% OFF
4183,2458,30.0,2014-01-01,2015-12-30,Tuesday,Martes Promo 30% OFF
4184,2458,25.0,2014-01-01,2015-12-30,Friday,Viernes Promo 25% OFF
4185,1117,30.0,2014-01-01,2015-12-30,Tuesday,Martes Promo 30% OFF
4186,1117,25.0,2014-01-01,2015-12-30,Friday,Viernes Promo 25% OFF
4187,2280,30.0,2014-01-01,2015-12-30,Tuesday,Martes Promo 30% OFF
4188,2280,25.0,2014-01-01,2015-12-30,Friday,Viernes Promo 25% OFF
4189,2241,30.0,2014-01-01,2015-12-30,Tuesday,Martes Promo 30% OFF
4190,2241,25.0,2014-01-01,2015-12-30,Friday,Viernes Promo 25% OFF
4191,487,30.0,2014-01-01,2015-12-30,Tuesday,Martes Promo 30% OFF
4192,487,25.0,2014-01-01,2015-12-30,Friday,Viernes Promo 25% OFF
4193,1569,30.0,2014-01-01,2015-12-30,Tuesday,Martes Promo 30% OFF
4194,1569,25.0,2014-01-01,2015-12-30,Friday,Viernes Promo 25% OFF
4195,2959,30.0,2014-01-01,2015-12-30,Tuesday,Martes Promo 30% OFF
4196,2959,25.0,2014-01-01,2015-12-30,Friday,Viernes Promo 25% OFF
4197,2124,30.0,2014-01-01,2015-12-30,Tuesday,Martes Promo 30% OFF
4198,2124,25.0,2014-01-01,2015-12-30,Friday,Viernes Promo 25% OFF
4199,1972,30.0,2014-01-01,2015-12-30,Tuesday,Martes Promo 30% OFF
4200,1972,25.0,2014-01-01,2015-12-30,Friday,Viernes Promo 25% OFF
4201,379,30.0,2014-01-01,2015-12-30,Tuesday,Martes Promo 30% OFF
4202,379,25.0,2014-01-01,2015-12-30,Friday,Viernes Promo 25% OFF
4203,1038,30.0,2014-01-01,2015-12-30,Tuesday,Martes Promo 30% OFF
4204,1038,25.0,2014-01-01,2015-12-30,Friday,Viernes Promo 25% OFF
4205,2757,30.0,2014-01-01,2015-12-30,Tuesday,Martes Promo 30% OFF
4206,2757,25.0,2014-01-01,2015-12-30,Friday,Viernes Promo 25% OFF
4207,1515,30.0,2014-01-01,2015-12-30,Tuesday,Martes Promo 30% OFF
4208,1515,25.0,2014-01-01,2015-12-30,Friday,Viernes Promo 25% OFF
4209,1483,30.0,2014-01-01,2015-12-30,Tuesday,Martes Promo 30% OFF
4210,1483,25.0,2014-01-01,2015-12-30,Friday,Viernes Promo 25% OFF
4211,2532,30.0,2014-01-01,2015-12-30,Tuesday,Martes Promo 30% OFF
4212,2532,25.0,2014-01-01,2015-12-30,Friday,Viernes Promo 25% OFF
4213,3018,30.0,2014-01-01,2015-12-30,Tuesday,Martes Promo 30% OFF
4214,3018,25.0,2014-01-01,2015-12-30,Friday,Viernes Promo 25% OFF
4215,1295,30.0,2014-01-01,2015-12-30,Tuesday,Martes Promo 30% OFF
4216,1295,25.0,2014-01-01,2015-12-30,Friday,Viernes Promo 25% OFF
4217,2737,30.0,2014-01-01,2015-12-30,Tuesday,Martes Promo 30% OFF
4218,2737,25.0,2014-01-01,2015-12-30,Friday,Viernes Promo 25% OFF
4219,2791,30.0,2014-01-01,2015-12-30,Tuesday,Martes Promo 30% OFF
4220,2791,25.0,2014-01-01,2015-12-30,Friday,Viernes Promo 25% OFF
4221,165,30.0,2014-01-01,2015-12-30,Tuesday,Martes Promo 30% OFF
4222,165,25.0,2014-01-01,2015-12-30,Friday,Viernes Promo 25% OFF
4223,3650,30.0,2014-01-01,2015-12-30,Tuesday,Martes Promo 30% OFF
4224,3650,25.0,2014-01-01,2015-12-30,Friday,Viernes Promo 25% OFF
4225,2527,30.0,2014-01-01,2015-12-30,Tuesday,Martes Promo 30% OFF
4226,2527,25.0,2014-01-01,2015-12-30,Friday,Viernes Promo 25% OFF
4227,284,30.0,2014-01-01,2015-12-30,Tuesday,Martes Promo 30% OFF
4228,284,25.0,2014-01-01,2015-12-30,Friday,Viernes Promo 25% OFF
4229,1915,30.0,2014-01-01,2015-12-30,Tuesday,Martes Promo 30% OFF
4230,1915,25.0,2014-01-01,2015-12-30,Friday,Viernes Promo 25% OFF
4231,674,30.0,2014-01-01,2015-12-30,Tuesday,Martes Promo 30% OFF
4232,674,25.0,2014-01-01,2015-12-30,Friday,Viernes Promo 25% OFF
4233,345,30.0,2014-01-01,2015-12-30,Tuesday,Martes Promo 30% OFF
4234,345,25.0,2014-01-01,2015-12-30,Friday,Viernes Promo 25% OFF
4235,3838,30.0,2014-01-01,2015-12-30,Tuesday,Martes Promo 30% OFF
4236,3838,25.0,2014-01-01,2015-12-30,Friday,Viernes Promo 25% OFF
4237,1306,30.0,2014-01-01,2015-12-30,Tuesday,Martes Promo 30% OFF
4238,1306,25.0,2014-01-01,2015-12-30,Friday,Viernes Promo 25% OFF
4239,946,30.0,2014-01-01,2015-12-30,Tuesday,Martes Promo 30% OFF
4240,946,25.0,2014-01-01,2015-12-30,Friday,Viernes Promo 25% OFF
4241,584,30.0,2014-01-01,2015-12-30,Tuesday,Martes Promo 30% OFF
4242,584,25.0,2014-01-01,2015-12-30,Friday,Viernes Promo 25% OFF
4243,2576,30.0,2014-01-01,2015-12-30,Tuesday,Martes Promo 30% OFF
4244,2576,25.0,2014-01-01,2015-12-30,Friday,Viernes Promo 25% OFF
4245,3861,30.0,2014-01-01,2015-12-30,Tuesday,Martes Promo 30% OFF
4246,3861,25.0,2014-01-01,2015-12-30,Friday,Viernes Promo 25% OFF
4247,1072,30.0,2014-01-01,2015-12-30,Tuesday,Martes Promo 30% OFF
4248,1072,25.0,2014-01-01,2015-12-30,Friday,Viernes Promo 25% OFF
4249,376,30.0,2014-01-01,2015-12-30,Tuesday,Martes Promo 30% OFF
4250,376,25.0,2014-01-01,2015-12-30,Friday,Viernes Promo 25% OFF
4251,77,30.0,2014-01-01,2015-12-30,Tuesday,Martes Promo 30% OFF
4252,77,25.0,2014-01-01,2015-12-30,Friday,Viernes Promo 25% OFF
4253,1688,30.0,2014-01-01,2015-12-30,Tuesday,Martes Promo 30% OFF
4254,1688,25.0,2014-01-01,2015-12-30,Friday,Viernes Promo 25% OFF
4255,3769,30.0,2014-01-01,2015-12-30,Tuesday,Martes Promo 30% OFF
4256,3769,25.0,2014-01-01,2015-12-30,Friday,Viernes Promo 25% OFF
4257,1367,30.0,2014-01-01,2015-12-30,Tuesday,Martes Promo 30% OFF
4258,1367,25.0,2014-01-01,2015-12-30,Friday,Viernes Promo 25% OFF
4259,1160,30.0,2014-01-01,2015-12-30,Tuesday,Martes Promo 30% OFF
4260,1160,25.0,2014-01-01,2015-12-30,Friday,Viernes Promo 25% OFF
4261,599,30.0,2014-01-01,2015-12-30,Tuesday,Martes Promo 30% OFF
4262,599,25.0,2014-01-01,2015-12-30,Friday,Viernes Promo 25% OFF
4263,166,30.0,2014-01-01,2015-12-30,Tuesday,Martes Promo 30% OFF
4264,166,25.0,2014-01-01,2015-12-30,Friday,Viernes Promo 25% OFF
4265,2659,30.0,2014-01-01,2015-12-30,Tuesday,Martes Promo 30% OFF
4266,2659,25.0,2014-01-01,2015-12-30,Friday,Viernes Promo 25% OFF
4267,1507,30.0,2014-01-01,2015-12-30,Tuesday,Martes Promo 30% OFF
4268,1507,25.0,2014-01-01,2015-12-30,Friday,Viernes Promo 25% OFF
4269,793,30.0,2014-01-01,2015-12-30,Tuesday,Martes Promo 30% OFF
4270,793,25.0,2014-01-01,2015-12-30,Friday,Viernes Promo 25% OFF
4271,1777,30.0,2014-01-01,2015-12-30,Tuesday,Martes Promo 30% OFF
4272,1777,25.0,2014-01-01,2015-12-30,Friday,Viernes Promo 25% OFF
4273,2188,30.0,2014-01-01,2015-12-30,Tuesday,Martes Promo 30% OFF
4274,2188,25.0,2014-01-01,2015-12-30,Friday,Viernes Promo 25% OFF
4275,4017,30.0,2014-01-01,2015-12-30,Tuesday,Martes Promo 30% OFF
4276,4017,25.0,2014-01-01,2015-12-30,Friday,Viernes Promo 25% OFF
4277,2941,30.0,2014-01-01,2015-12-30,Tuesday,Martes Promo 30% OFF
4278,2941,25.0,2014-01-01,2015-12-30,Friday,Viernes Promo 25% OFF
4279,4015,30.0,2014-01-01,2015-12-30,Tuesday,Martes Promo 30% OFF
4280,4015,25.0,2014-01-01,2015-12-30,Friday,Viernes Promo 25% OFF
4281,4016,30.0,2014-01-01,2015-12-30,Tuesday,Martes Promo 30% OFF
4282,4016,25.0,2014-01-01,2015-12-30,Friday,Viernes Promo 25% OFF
4283,3289,30.0,2014-01-01,2015-12-30,Tuesday,Martes Promo 30% OFF
4284,3289,25.0,2014-01-01,2015-12-30,Friday,Viernes Promo 25% OFF
4285,177,30.0,2014-01-01,2015-12-30,Tuesday,Martes Promo 30% OFF
4286,177,25.0,2014-01-01,2015-12-30,Friday,Viernes Promo 25% OFF
4287,3186,30.0,2014-01-01,2015-12-30,Tuesday,Martes Promo 30% OFF
4288,3186,25.0,2014-01-01,2015-12-30,Friday,Viernes Promo 25% OFF
4289,3196,30.0,2014-01-01,2015-12-30,Tuesday,Martes Promo 30% OFF
4290,3196,25.0,2014-01-01,2015-12-30,Friday,Viernes Promo 25% OFF
4291,3122,30.0,2014-01-01,2015-12-30,Tuesday,Martes Promo 30% OFF
4292,3122,25.0,2014-01-01,2015-12-30,Friday,Viernes Promo 25% OFF
4293,2551,30.0,2014-01-01,2015-12-30,Tuesday,Martes Promo 30% OFF
4294,2551,25.0,2014-01-01,2015-12-30,Friday,Viernes Promo 25% OFF
4295,2288,30.0,2014-01-01,2015-12-30,Tuesday,Martes Promo 30% OFF
4296,2288,25.0,2014-01-01,2015-12-30,Friday,Viernes Promo 25% OFF
4297,499,30.0,2014-01-01,2015-12-30,Tuesday,Martes Promo 30% OFF
4298,499,25.0,2014-01-01,2015-12-30,Friday,Viernes Promo 25% OFF
4299,2736,30.0,2014-01-01,2015-12-30,Tuesday,Martes Promo 30% OFF
4300,2736,25.0,2014-01-01,2015-12-30,Friday,Viernes Promo 25% OFF
4301,3527,30.0,2014-01-01,2015-12-30,Tuesday,Martes Promo 30% OFF
4302,3527,25.0,2014-01-01,2015-12-30,Friday,Viernes Promo 25% OFF
4303,1577,30.0,2014-01-01,2015-12-30,Tuesday,Martes Promo 30% OFF
4304,1577,25.0,2014-01-01,2015-12-30,Friday,Viernes Promo 25% OFF
4305,2195,30.0,2014-01-01,2015-12-30,Tuesday,Martes Promo 30% OFF
4306,2195,25.0,2014-01-01,2015-12-30,Friday,Viernes Promo 25% OFF
4307,1898,30.0,2014-01-01,2015-12-30,Tuesday,Martes Promo 30% OFF
4308,1898,25.0,2014-01-01,2015-12-30,Friday,Viernes Promo 25% OFF
4309,949,30.0,2014-01-01,2015-12-30,Tuesday,Martes Promo 30% OFF
4310,949,25.0,2014-01-01,2015-12-30,Friday,Viernes Promo 25% OFF
4311,2596,30.0,2014-01-01,2015-12-30,Tuesday,Martes Promo 30% OFF
4312,2596,25.0,2014-01-01,2015-12-30,Friday,Viernes Promo 25% OFF
4313,995,30.0,2014-01-01,2015-12-30,Tuesday,Martes Promo 30% OFF
4314,995,25.0,2014-01-01,2015-12-30,Friday,Viernes Promo 25% OFF
4315,2785,30.0,2014-01-01,2015-12-30,Tuesday,Martes Promo 30% OFF
4316,2785,25.0,2014-01-01,2015-12-30,Friday,Viernes Promo 25% OFF
4317,2733,30.0,2014-01-01,2015-12-30,Tuesday,Martes Promo 30% OFF
4318,2733,25.0,2014-01-01,2015-12-30,Friday,Viernes Promo 25% OFF
4319,3704,30.0,2014-01-01,2015-12-30,Tuesday,Martes Promo 30% OFF
4320,3704,25.0,2014-01-01,2015-12-30,Friday,Viernes Promo 25% OFF
4321,3388,30.0,2014-01-01,2015-12-30,Tuesday,Martes Promo 30% OFF
4322,3388,25.0,2014-01-01,2015-12-30,Friday,Viernes Promo 25% OFF
4323,1704,30.0,2014-01-01,2015-12-30,Tuesday,Martes Promo 30% OFF
4324,1704,25.0,2014-01-01,2015-12-30,Friday,Viernes Promo 25% OFF
4325,3068,30.0,2014-01-01,2015-12-30,Tuesday,Martes Promo 30% OFF
4326,3068,25.0,2014-01-01,2015-12-30,Friday,Viernes Promo 25% OFF
4327,3321,30.0,2014-01-01,2015-12-30,Tuesday,Martes Promo 30% OFF
4328,3321,25.0,2014-01-01,2015-12-30,Friday,Viernes Promo 25% OFF
4329,2868,30.0,2014-01-01,2015-12-30,Tuesday,Martes Promo 30% OFF
4330,2868,25.0,2014-01-01,2015-12-30,Friday,Viernes Promo 25% OFF
4331,2266,30.0,2014-01-01,2015-12-30,Tuesday,Martes Promo 30% OFF
4332,2266,25.0,2014-01-01,2015-12-30,Friday,Viernes Promo 25% OFF
4333,2263,30.0,2014-01-01,2015-12-30,Tuesday,Martes Promo 30% OFF
4334,2263,25.0,2014-01-01,2015-12-30,Friday,Viernes Promo 25% OFF
4335,947,30.0,2014-01-01,2015-12-30,Tuesday,Martes Promo 30% OFF
4336,947,25.0,2014-01-01,2015-12-30,Friday,Viernes Promo 25% OFF
4337,3781,30.0,2014-01-01,2015-12-30,Tuesday,Martes Promo 30% OFF
4338,3781,25.0,2014-01-01,2015-12-30,Friday,Viernes Promo 25% OFF
4339,262,30.0,2014-01-01,2015-12-30,Tuesday,Martes Promo 30% OFF
4340,262,25.0,2014-01-01,2015-12-30,Friday,Viernes Promo 25% OFF
4341,255,30.0,2014-01-01,2015-12-30,Tuesday,Martes Promo 30% OFF
4342,255,25.0,2014-01-01,2015-12-30,Friday,Viernes Promo 25% OFF
4343,3123,30.0,2014-01-01,2015-12-30,Tuesday,Martes Promo 30% OFF
4344,3123,25.0,2014-01-01,2015-12-30,Friday,Viernes Promo 25% OFF
4345,3777,30.0,2014-01-01,2015-12-30,Tuesday,Martes Promo 30% OFF
4346,3777,25.0,2014-01-01,2015-12-30,Friday,Viernes Promo 25% OFF
4347,3697,30.0,2014-01-01,2015-12-30,Tuesday,Martes Promo 30% OFF
4348,3697,25.0,2014-01-01,2015-12-30,Friday,Viernes Promo 25% OFF
4349,3849,30.0,2014-01-01,2015-12-30,Tuesday,Martes Promo 30% OFF
4350,3849,25.0,2014-01-01,2015-12-30,Friday,Viernes Promo 25% OFF
4351,3962,30.0,2014-01-01,2015-12-30,Tuesday,Martes Promo 30% OFF
4352,3962,25.0,2014-01-01,2015-12-30,Friday,Viernes Promo 25% OFF
4353,730,30.0,2014-01-01,2015-12-30,Tuesday,Martes Promo 30% OFF
4354,730,25.0,2014-01-01,2015-12-30,Friday,Viernes Promo 25% OFF
4355,736,30.0,2014-01-01,2015-12-30,Tuesday,Martes Promo 30% OFF
4356,736,25.0,2014-01-01,2015-12-30,Friday,Viernes Promo 25% OFF
4357,1646,30.0,2014-01-01,2015-12-30,Tuesday,Martes Promo 30% OFF
4358,1646,25.0,2014-01-01,2015-12-30,Friday,Viernes Promo 25% OFF
4359,1621,30.0,2014-01-01,2015-12-30,Tuesday,Martes Promo 30% OFF
4360,1621,25.0,2014-01-01,2015-12-30,Friday,Viernes Promo 25% OFF
4361,60,30.0,2014-01-01,2015-12-30,Tuesday,Martes Promo 30% OFF
4362,60,25.0,2014-01-01,2015-12-30,Friday,Viernes Promo 25% OFF
4363,1639,30.0,2014-01-01,2015-12-30,Tuesday,Martes Promo 30% OFF
4364,1639,25.0,2014-01-01,2015-12-30,Friday,Viernes Promo 25% OFF
4365,3872,30.0,2014-01-01,2015-12-30,Tuesday,Martes Promo 30% OFF
4366,3872,25.0,2014-01-01,2015-12-30,Friday,Viernes Promo 25% OFF
4367,3149,30.0,2014-01-01,2015-12-30,Tuesday,Martes Promo 30% OFF
4368,3149,25.0,2014-01-01,2015-12-30,Friday,Viernes Promo 25% OFF
4369,238,30.0,2014-01-01,2015-12-30,Tuesday,Martes Promo 30% OFF
4370,238,25.0,2014-01-01,2015-12-30,Friday,Viernes Promo 25% OFF
4371,416,30.0,2014-01-01,2015-12-30,Tuesday,Martes Promo 30% OFF
4372,416,25.0,2014-01-01,2015-12-30,Friday,Viernes Promo 25% OFF
4373,203,30.0,2014-01-01,2015-12-30,Tuesday,Martes Promo 30% OFF
4374,203,25.0,2014-01-01,2015-12-30,Friday,Viernes Promo 25% OFF
4375,2268,30.0,2014-01-01,2015-12-30,Tuesday,Martes Promo 30% OFF
4376,2268,25.0,2014-01-01,2015-12-30,Friday,Viernes Promo 25% OFF
4377,2267,30.0,2014-01-01,2015-12-30,Tuesday,Martes Promo 30% OFF
4378,2267,25.0,2014-01-01,2015-12-30,Friday,Viernes Promo 25% OFF
4379,2265,30.0,2014-01-01,2015-12-30,Tuesday,Martes Promo 30% OFF
4380,2265,25.0,2014-01-01,2015-12-30,Friday,Viernes Promo 25% OFF
4381,2264,30.0,2014-01-01,2015-12-30,Tuesday,Martes Promo 30% OFF
4382,2264,25.0,2014-01-01,2015-12-30,Friday,Viernes Promo 25% OFF
4383,2262,30.0,2014-01-01,2015-12-30,Tuesday,Martes Promo 30% OFF
4384,2262,25.0,2014-01-01,2015-12-30,Friday,Viernes Promo 25% OFF
4385,2261,30.0,2014-01-01,2015-12-30,Tuesday,Martes Promo 30% OFF
4386,2261,25.0,2014-01-01,2015-12-30,Friday,Viernes Promo 25% OFF
4387,2260,30.0,2014-01-01,2015-12-30,Tuesday,Martes Promo 30% OFF
4388,2260,25.0,2014-01-01,2015-12-30,Friday,Viernes Promo 25% OFF
4389,2259,30.0,2014-01-01,2015-12-30,Tuesday,Martes Promo 30% OFF
4390,2259,25.0,2014-01-01,2015-12-30,Friday,Viernes Promo 25% OFF
4391,2258,30.0,2014-01-01,2015-12-30,Tuesday,Martes Promo 30% OFF
4392,2258,25.0,2014-01-01,2015-12-30,Friday,Viernes Promo 25% OFF
4393,663,30.0,2014-01-01,2015-12-30,Tuesday,Martes Promo 30% OFF
4394,663,25.0,2014-01-01,2015-12-30,Friday,Viernes Promo 25% OFF
4395,2480,30.0,2014-01-01,2015-12-30,Tuesday,Martes Promo 30% OFF
4396,2480,25.0,2014-01-01,2015-12-30,Friday,Viernes Promo 25% OFF
4397,2478,30.0,2014-01-01,2015-12-30,Tuesday,Martes Promo 30% OFF
4398,2478,25.0,2014-01-01,2015-12-30,Friday,Viernes Promo 25% OFF
4399,3748,30.0,2014-01-01,2015-12-30,Tuesday,Martes Promo 30% OFF
4400,3748,25.0,2014-01-01,2015-12-30,Friday,Viernes Promo 25% OFF
4401,1700,30.0,2014-01-01,2015-12-30,Tuesday,Martes Promo 30% OFF
4402,1700,25.0,2014-01-01,2015-12-30,Friday,Viernes Promo 25% OFF
4403,2196,30.0,2014-01-01,2015-12-30,Tuesday,Martes Promo 30% OFF
4404,2196,25.0,2014-01-01,2015-12-30,Friday,Viernes Promo 25% OFF
4405,2524,30.0,2014-01-01,2015-12-30,Tuesday,Martes Promo 30% OFF
4406,2524,25.0,2014-01-01,2015-12-30,Friday,Viernes Promo 25% OFF
4407,2588,30.0,2014-01-01,2015-12-30,Tuesday,Martes Promo 30% OFF
4408,2588,25.0,2014-01-01,2015-12-30,Friday,Viernes Promo 25% OFF
4409,2810,30.0,2014-01-01,2015-12-30,Tuesday,Martes Promo 30% OFF
4410,2810,25.0,2014-01-01,2015-12-30,Friday,Viernes Promo 25% OFF
4411,3261,30.0,2014-01-01,2015-12-30,Tuesday,Martes Promo 30% OFF
4412,3261,25.0,2014-01-01,2015-12-30,Friday,Viernes Promo 25% OFF
4413,3875,30.0,2014-01-01,2015-12-30,Tuesday,Martes Promo 30% OFF
4414,3875,25.0,2014-01-01,2015-12-30,Friday,Viernes Promo 25% OFF
4415,2637,30.0,2014-01-01,2015-12-30,Tuesday,Martes Promo 30% OFF
4416,2637,25.0,2014-01-01,2015-12-30,Friday,Viernes Promo 25% OFF
4417,1791,30.0,2014-01-01,2015-12-30,Tuesday,Martes Promo 30% OFF
4418,1791,25.0,2014-01-01,2015-12-30,Friday,Viernes Promo 25% OFF
4419,1475,30.0,2014-01-01,2015-12-30,Tuesday,Martes Promo 30% OFF
4420,1475,25.0,2014-01-01,2015-12-30,Friday,Viernes Promo 25% OFF
4421,477,30.0,2014-01-01,2015-12-30,Tuesday,Martes Promo 30% OFF
4422,477,25.0,2014-01-01,2015-12-30,Friday,Viernes Promo 25% OFF
4423,1385,30.0,2014-01-01,2015-12-30,Tuesday,Martes Promo 30% OFF
4424,1385,25.0,2014-01-01,2015-12-30,Friday,Viernes Promo 25% OFF
4425,2203,30.0,2014-01-01,2015-12-30,Tuesday,Martes Promo 30% OFF
4426,2203,25.0,2014-01-01,2015-12-30,Friday,Viernes Promo 25% OFF
4427,2108,30.0,2014-01-01,2015-12-30,Tuesday,Martes Promo 30% OFF
4428,2108,25.0,2014-01-01,2015-12-30,Friday,Viernes Promo 25% OFF
4429,912,30.0,2014-01-01,2015-12-30,Tuesday,Martes Promo 30% OFF
4430,912,25.0,2014-01-01,2015-12-30,Friday,Viernes Promo 25% OFF
4431,2894,30.0,2014-01-01,2015-12-30,Tuesday,Martes Promo 30% OFF
4432,2894,25.0,2014-01-01,2015-12-30,Friday,Viernes Promo 25% OFF
4433,286,30.0,2014-01-01,2015-12-30,Tuesday,Martes Promo 30% OFF
4434,286,25.0,2014-01-01,2015-12-30,Friday,Viernes Promo 25% OFF
4435,1268,30.0,2014-01-01,2015-12-30,Tuesday,Martes Promo 30% OFF
4436,1268,25.0,2014-01-01,2015-12-30,Friday,Viernes Promo 25% OFF
4437,3647,30.0,2014-01-01,2015-12-30,Tuesday,Martes Promo 30% OFF
4438,3647,25.0,2014-01-01,2015-12-30,Friday,Viernes Promo 25% OFF
4439,3320,30.0,2014-01-01,2015-12-30,Tuesday,Martes Promo 30% OFF
4440,3320,25.0,2014-01-01,2015-12-30,Friday,Viernes Promo 25% OFF
4441,2571,30.0,2014-01-01,2015-12-30,Tuesday,Martes Promo 30% OFF
4442,2571,25.0,2014-01-01,2015-12-30,Friday,Viernes Promo 25% OFF
4443,429,30.0,2014-01-01,2015-12-30,Tuesday,Martes Promo 30% OFF
4444,429,25.0,2014-01-01,2015-12-30,Friday,Viernes Promo 25% OFF
4445,1919,30.0,2014-01-01,2015-12-30,Tuesday,Martes Promo 30% OFF
4446,1919,25.0,2014-01-01,2015-12-30,Friday,Viernes Promo 25% OFF
4447,2298,30.0,2014-01-01,2015-12-30,Tuesday,Martes Promo 30% OFF
4448,2298,25.0,2014-01-01,2015-12-30,Friday,Viernes Promo 25% OFF
4449,2089,30.0,2014-01-01,2015-12-30,Tuesday,Martes Promo 30% OFF
4450,2089,25.0,2014-01-01,2015-12-30,Friday,Viernes Promo 25% OFF
4451,1763,30.0,2014-01-01,2015-12-30,Tuesday,Martes Promo 30% OFF
4452,1763,25.0,2014-01-01,2015-12-30,Friday,Viernes Promo 25% OFF
4453,3754,30.0,2014-01-01,2015-12-30,Tuesday,Martes Promo 30% OFF
4454,3754,25.0,2014-01-01,2015-12-30,Friday,Viernes Promo 25% OFF
4455,577,30.0,2014-01-01,2015-12-30,Tuesday,Martes Promo 30% OFF
4456,577,25.0,2014-01-01,2015-12-30,Friday,Viernes Promo 25% OFF
4457,147,30.0,2014-01-01,2015-12-30,Tuesday,Martes Promo 30% OFF
4458,147,25.0,2014-01-01,2015-12-30,Friday,Viernes Promo 25% OFF
4459,1256,30.0,2014-01-01,2015-12-30,Tuesday,Martes Promo 30% OFF
4460,1256,25.0,2014-01-01,2015-12-30,Friday,Viernes Promo 25% OFF
4461,163,30.0,2014-01-01,2015-12-30,Tuesday,Martes Promo 30% OFF
4462,163,25.0,2014-01-01,2015-12-30,Friday,Viernes Promo 25% OFF
4463,162,30.0,2014-01-01,2015-12-30,Tuesday,Martes Promo 30% OFF
4464,162,25.0,2014-01-01,2015-12-30,Friday,Viernes Promo 25% OFF
4465,1545,30.0,2014-01-01,2015-12-30,Tuesday,Martes Promo 30% OFF
4466,1545,25.0,2014-01-01,2015-12-30,Friday,Viernes Promo 25% OFF
4467,3654,30.0,2014-01-01,2015-12-30,Tuesday,Martes Promo 30% OFF
4468,3654,25.0,2014-01-01,2015-12-30,Friday,Viernes Promo 25% OFF
4469,1131,30.0,2014-01-01,2015-12-30,Tuesday,Martes Promo 30% OFF
4470,1131,25.0,2014-01-01,2015-12-30,Friday,Viernes Promo 25% OFF
4471,3250,30.0,2014-01-01,2015-12-30,Tuesday,Martes Promo 30% OFF
4472,3250,25.0,2014-01-01,2015-12-30,Friday,Viernes Promo 25% OFF
4473,1225,30.0,2014-01-01,2015-12-30,Tuesday,Martes Promo 30% OFF
4474,1225,25.0,2014-01-01,2015-12-30,Friday,Viernes Promo 25% OFF
4475,1224,30.0,2014-01-01,2015-12-30,Tuesday,Martes Promo 30% OFF
4476,1224,25.0,2014-01-01,2015-12-30,Friday,Viernes Promo 25% OFF
4477,1223,30.0,2014-01-01,2015-12-30,Tuesday,Martes Promo 30% OFF
4478,1223,25.0,2014-01-01,2015-12-30,Friday,Viernes Promo 25% OFF
4479,2539,30.0,2014-01-01,2015-12-30,Tuesday,Martes Promo 30% OFF
4480,2539,25.0,2014-01-01,2015-12-30,Friday,Viernes Promo 25% OFF
4481,123,30.0,2014-01-01,2015-12-30,Tuesday,Martes Promo 30% OFF
4482,123,25.0,2014-01-01,2015-12-30,Friday,Viernes Promo 25% OFF
4483,1798,30.0,2014-01-01,2015-12-30,Tuesday,Martes Promo 30% OFF
4484,1798,25.0,2014-01-01,2015-12-30,Friday,Viernes Promo 25% OFF
4485,2939,30.0,2014-01-01,2015-12-30,Tuesday,Martes Promo 30% OFF
4486,2939,25.0,2014-01-01,2015-12-30,Friday,Viernes Promo 25% OFF
4487,346,30.0,2014-01-01,2015-12-30,Tuesday,Martes Promo 30% OFF
4488,346,25.0,2014-01-01,2015-12-30,Friday,Viernes Promo 25% OFF
4489,1378,30.0,2014-01-01,2015-12-30,Tuesday,Martes Promo 30% OFF
4490,1378,25.0,2014-01-01,2015-12-30,Friday,Viernes Promo 25% OFF
4491,2388,30.0,2014-01-01,2015-12-30,Tuesday,Martes Promo 30% OFF
4492,2388,25.0,2014-01-01,2015-12-30,Friday,Viernes Promo 25% OFF
4493,1264,30.0,2014-01-01,2015-12-30,Tuesday,Martes Promo 30% OFF
4494,1264,25.0,2014-01-01,2015-12-30,Friday,Viernes Promo 25% OFF
4495,2468,30.0,2014-01-01,2015-12-30,Tuesday,Martes Promo 30% OFF
4496,2468,25.0,2014-01-01,2015-12-30,Friday,Viernes Promo 25% OFF
4497,3567,30.0,2014-01-01,2015-12-30,Tuesday,Martes Promo 30% OFF
4498,3567,25.0,2014-01-01,2015-12-30,Friday,Viernes Promo 25% OFF
4499,149,30.0,2014-01-01,2015-12-30,Tuesday,Martes Promo 30% OFF
4500,149,25.0,2014-01-01,2015-12-30,Friday,Viernes Promo 25% OFF
4501,2563,30.0,2014-01-01,2015-12-30,Tuesday,Martes Promo 30% OFF
4502,2563,25.0,2014-01-01,2015-12-30,Friday,Viernes Promo 25% OFF
4503,1800,30.0,2014-01-01,2015-12-30,Tuesday,Martes Promo 30% OFF
4504,1800,25.0,2014-01-01,2015-12-30,Friday,Viernes Promo 25% OFF
4505,519,30.0,2014-01-01,2015-12-30,Tuesday,Martes Promo 30% OFF
4506,519,25.0,2014-01-01,2015-12-30,Friday,Viernes Promo 25% OFF
4507,517,30.0,2014-01-01,2015-12-30,Tuesday,Martes Promo 30% OFF
4508,517,25.0,2014-01-01,2015-12-30,Friday,Viernes Promo 25% OFF
4509,369,30.0,2014-01-01,2015-12-30,Tuesday,Martes Promo 30% OFF
4510,369,25.0,2014-01-01,2015-12-30,Friday,Viernes Promo 25% OFF
4511,3505,30.0,2014-01-01,2015-12-30,Tuesday,Martes Promo 30% OFF
4512,3505,25.0,2014-01-01,2015-12-30,Friday,Viernes Promo 25% OFF
4513,3015,30.0,2014-01-01,2015-12-30,Tuesday,Martes Promo 30% OFF
4514,3015,25.0,2014-01-01,2015-12-30,Friday,Viernes Promo 25% OFF
4515,432,30.0,2014-01-01,2015-12-30,Tuesday,Martes Promo 30% OFF
4516,432,25.0,2014-01-01,2015-12-30,Friday,Viernes Promo 25% OFF
4517,2508,30.0,2014-01-01,2015-12-30,Tuesday,Martes Promo 30% OFF
4518,2508,25.0,2014-01-01,2015-12-30,Friday,Viernes Promo 25% OFF
4519,2130,30.0,2014-01-01,2015-12-30,Tuesday,Martes Promo 30% OFF
4520,2130,25.0,2014-01-01,2015-12-30,Friday,Viernes Promo 25% OFF
4521,241,30.0,2014-01-01,2015-12-30,Tuesday,Martes Promo 30% OFF
4522,241,25.0,2014-01-01,2015-12-30,Friday,Viernes Promo 25% OFF
4523,2296,30.0,2014-01-01,2015-12-30,Tuesday,Martes Promo 30% OFF
4524,2296,25.0,2014-01-01,2015-12-30,Friday,Viernes Promo 25% OFF
4525,2512,30.0,2014-01-01,2015-12-30,Tuesday,Martes Promo 30% OFF
4526,2512,25.0,2014-01-01,2015-12-30,Friday,Viernes Promo 25% OFF
4527,814,30.0,2014-01-01,2015-12-30,Tuesday,Martes Promo 30% OFF
4528,814,25.0,2014-01-01,2015-12-30,Friday,Viernes Promo 25% OFF
4529,1317,30.0,2014-01-01,2015-12-30,Tuesday,Martes Promo 30% OFF
4530,1317,25.0,2014-01-01,2015-12-30,Friday,Viernes Promo 25% OFF
4531,2302,30.0,2014-01-01,2015-12-30,Tuesday,Martes Promo 30% OFF
4532,2302,25.0,2014-01-01,2015-12-30,Friday,Viernes Promo 25% OFF
4533,2303,30.0,2014-01-01,2015-12-30,Tuesday,Martes Promo 30% OFF
4534,2303,25.0,2014-01-01,2015-12-30,Friday,Viernes Promo 25% OFF
4535,2247,30.0,2014-01-01,2015-12-30,Tuesday,Martes Promo 30% OFF
4536,2247,25.0,2014-01-01,2015-12-30,Friday,Viernes Promo 25% OFF
4537,2256,30.0,2014-01-01,2015-12-30,Tuesday,Martes Promo 30% OFF
4538,2256,25.0,2014-01-01,2015-12-30,Friday,Viernes Promo 25% OFF
4539,2257,30.0,2014-01-01,2015-12-30,Tuesday,Martes Promo 30% OFF
4540,2257,25.0,2014-01-01,2015-12-30,Friday,Viernes Promo 25% OFF
4541,2253,30.0,2014-01-01,2015-12-30,Tuesday,Martes Promo 30% OFF
4542,2253,25.0,2014-01-01,2015-12-30,Friday,Viernes Promo 25% OFF
4543,2249,30.0,2014-01-01,2015-12-30,Tuesday,Martes Promo 30% OFF
4544,2249,25.0,2014-01-01,2015-12-30,Friday,Viernes Promo 25% OFF
4545,2254,30.0,2014-01-01,2015-12-30,Tuesday,Martes Promo 30% OFF
4546,2254,25.0,2014-01-01,2015-12-30,Friday,Viernes Promo 25% OFF
4547,2252,30.0,2014-01-01,2015-12-30,Tuesday,Martes Promo 30% OFF
4548,2252,25.0,2014-01-01,2015-12-30,Friday,Viernes Promo 25% OFF
4549,2251,30.0,2014-01-01,2015-12-30,Tuesday,Martes Promo 30% OFF
4550,2251,25.0,2014-01-01,2015-12-30,Friday,Viernes Promo 25% OFF
4551,2248,30.0,2014-01-01,2015-12-30,Tuesday,Martes Promo 30% OFF
4552,2248,25.0,2014-01-01,2015-12-30,Friday,Viernes Promo 25% OFF
4553,2250,30.0,2014-01-01,2015-12-30,Tuesday,Martes Promo 30% OFF
4554,2250,25.0,2014-01-01,2015-12-30,Friday,Viernes Promo 25% OFF
4555,842,30.0,2014-01-01,2015-12-30,Tuesday,Martes Promo 30% OFF
4556,842,25.0,2014-01-01,2015-12-30,Friday,Viernes Promo 25% OFF
4557,3043,30.0,2014-01-01,2015-12-30,Tuesday,Martes Promo 30% OFF
4558,3043,25.0,2014-01-01,2015-12-30,Friday,Viernes Promo 25% OFF
4559,2992,30.0,2014-01-01,2015-12-30,Tuesday,Martes Promo 30% OFF
4560,2992,25.0,2014-01-01,2015-12-30,Friday,Viernes Promo 25% OFF
4561,2509,30.0,2014-01-01,2015-12-30,Tuesday,Martes Promo 30% OFF
4562,2509,25.0,2014-01-01,2015-12-30,Friday,Viernes Promo 25% OFF
4563,581,30.0,2014-01-01,2015-12-30,Tuesday,Martes Promo 30% OFF
4564,581,25.0,2014-01-01,2015-12-30,Friday,Viernes Promo 25% OFF
4565,1995,30.0,2014-01-01,2015-12-30,Tuesday,Martes Promo 30% OFF
4566,1995,25.0,2014-01-01,2015-12-30,Friday,Viernes Promo 25% OFF
4567,2556,30.0,2014-01-01,2015-12-30,Tuesday,Martes Promo 30% OFF
4568,2556,25.0,2014-01-01,2015-12-30,Friday,Viernes Promo 25% OFF
4569,838,30.0,2014-01-01,2015-12-30,Tuesday,Martes Promo 30% OFF
4570,838,25.0,2014-01-01,2015-12-30,Friday,Viernes Promo 25% OFF
4571,655,30.0,2014-01-01,2015-12-30,Tuesday,Martes Promo 30% OFF
4572,655,25.0,2014-01-01,2015-12-30,Friday,Viernes Promo 25% OFF
4573,518,30.0,2014-01-01,2015-12-30,Tuesday,Martes Promo 30% OFF
4574,518,25.0,2014-01-01,2015-12-30,Friday,Viernes Promo 25% OFF
4575,2635,30.0,2014-01-01,2015-12-30,Tuesday,Martes Promo 30% OFF
4576,2635,25.0,2014-01-01,2015-12-30,Friday,Viernes Promo 25% OFF
4577,2759,30.0,2014-01-01,2015-12-30,Tuesday,Martes Promo 30% OFF
4578,2759,25.0,2014-01-01,2015-12-30,Friday,Viernes Promo 25% OFF
4579,1564,30.0,2014-01-01,2015-12-30,Tuesday,Martes Promo 30% OFF
4580,1564,25.0,2014-01-01,2015-12-30,Friday,Viernes Promo 25% OFF
4581,3253,30.0,2014-01-01,2015-12-30,Tuesday,Martes Promo 30% OFF
4582,3253,25.0,2014-01-01,2015-12-30,Friday,Viernes Promo 25% OFF
4583,2729,30.0,2014-01-01,2015-12-30,Tuesday,Martes Promo 30% OFF
4584,2729,25.0,2014-01-01,2015-12-30,Friday,Viernes Promo 25% OFF
4585,2822,30.0,2014-01-01,2015-12-30,Tuesday,Martes Promo 30% OFF
4586,2822,25.0,2014-01-01,2015-12-30,Friday,Viernes Promo 25% OFF
4587,2205,30.0,2014-01-01,2015-12-30,Tuesday,Martes Promo 30% OFF
4588,2205,25.0,2014-01-01,2015-12-30,Friday,Viernes Promo 25% OFF
4589,926,30.0,2014-01-01,2015-12-30,Tuesday,Martes Promo 30% OFF
4590,926,25.0,2014-01-01,2015-12-30,Friday,Viernes Promo 25% OFF
4591,2047,30.0,2014-01-01,2015-12-30,Tuesday,Martes Promo 30% OFF
4592,2047,25.0,2014-01-01,2015-12-30,Friday,Viernes Promo 25% OFF
4593,3150,30.0,2014-01-01,2015-12-30,Tuesday,Martes Promo 30% OFF
4594,3150,25.0,2014-01-01,2015-12-30,Friday,Viernes Promo 25% OFF
4595,2603,30.0,2014-01-01,2015-12-30,Tuesday,Martes Promo 30% OFF
4596,2603,25.0,2014-01-01,2015-12-30,Friday,Viernes Promo 25% OFF
4597,3306,30.0,2014-01-01,2015-12-30,Tuesday,Martes Promo 30% OFF
4598,3306,25.0,2014-01-01,2015-12-30,Friday,Viernes Promo 25% OFF
4599,3309,30.0,2014-01-01,2015-12-30,Tuesday,Martes Promo 30% OFF
4600,3309,25.0,2014-01-01,2015-12-30,Friday,Viernes Promo 25% OFF
4601,192,30.0,2014-01-01,2015-12-30,Tuesday,Martes Promo 30% OFF
4602,192,25.0,2014-01-01,2015-12-30,Friday,Viernes Promo 25% OFF
4603,2433,30.0,2014-01-01,2015-12-30,Tuesday,Martes Promo 30% OFF
4604,2433,25.0,2014-01-01,2015-12-30,Friday,Viernes Promo 25% OFF
4605,2684,30.0,2014-01-01,2015-12-30,Tuesday,Martes Promo 30% OFF
4606,2684,25.0,2014-01-01,2015-12-30,Friday,Viernes Promo 25% OFF
4607,1113,30.0,2014-01-01,2015-12-30,Tuesday,Martes Promo 30% OFF
4608,1113,25.0,2014-01-01,2015-12-30,Friday,Viernes Promo 25% OFF
4609,377,30.0,2014-01-01,2015-12-30,Tuesday,Martes Promo 30% OFF
4610,377,25.0,2014-01-01,2015-12-30,Friday,Viernes Promo 25% OFF
4611,3353,30.0,2014-01-01,2015-12-30,Tuesday,Martes Promo 30% OFF
4612,3353,25.0,2014-01-01,2015-12-30,Friday,Viernes Promo 25% OFF
4613,2430,30.0,2014-01-01,2015-12-30,Tuesday,Martes Promo 30% OFF
4614,2430,25.0,2014-01-01,2015-12-30,Friday,Viernes Promo 25% OFF
4615,1220,30.0,2014-01-01,2015-12-30,Tuesday,Martes Promo 30% OFF
4616,1220,25.0,2014-01-01,2015-12-30,Friday,Viernes Promo 25% OFF
4617,1731,30.0,2014-01-01,2015-12-30,Tuesday,Martes Promo 30% OFF
4618,1731,25.0,2014-01-01,2015-12-30,Friday,Viernes Promo 25% OFF
4619,3737,30.0,2014-01-01,2015-12-30,Tuesday,Martes Promo 30% OFF
4620,3737,25.0,2014-01-01,2015-12-30,Friday,Viernes Promo 25% OFF
4621,3572,30.0,2014-01-01,2015-12-30,Tuesday,Martes Promo 30% OFF
4622,3572,25.0,2014-01-01,2015-12-30,Friday,Viernes Promo 25% OFF
4623,2170,30.0,2014-01-01,2015-12-30,Tuesday,Martes Promo 30% OFF
4624,2170,25.0,2014-01-01,2015-12-30,Friday,Viernes Promo 25% OFF
4625,1370,30.0,2014-01-01,2015-12-30,Tuesday,Martes Promo 30% OFF
4626,1370,25.0,2014-01-01,2015-12-30,Friday,Viernes Promo 25% OFF
4627,71,30.0,2014-01-01,2015-12-30,Tuesday,Martes Promo 30% OFF
4628,71,25.0,2014-01-01,2015-12-30,Friday,Viernes Promo 25% OFF
4629,2300,30.0,2014-01-01,2015-12-30,Tuesday,Martes Promo 30% OFF
4630,2300,25.0,2014-01-01,2015-12-30,Friday,Viernes Promo 25% OFF
4631,1176,30.0,2014-01-01,2015-12-30,Tuesday,Martes Promo 30% OFF
4632,1176,25.0,2014-01-01,2015-12-30,Friday,Viernes Promo 25% OFF
4633,1175,30.0,2014-01-01,2015-12-30,Tuesday,Martes Promo 30% OFF
4634,1175,25.0,2014-01-01,2015-12-30,Friday,Viernes Promo 25% OFF
4635,3640,30.0,2014-01-01,2015-12-30,Tuesday,Martes Promo 30% OFF
4636,3640,25.0,2014-01-01,2015-12-30,Friday,Viernes Promo 25% OFF
4637,3513,30.0,2014-01-01,2015-12-30,Tuesday,Martes Promo 30% OFF
4638,3513,25.0,2014-01-01,2015-12-30,Friday,Viernes Promo 25% OFF
4639,2570,30.0,2014-01-01,2015-12-30,Tuesday,Martes Promo 30% OFF
4640,2570,25.0,2014-01-01,2015-12-30,Friday,Viernes Promo 25% OFF
4641,2178,30.0,2014-01-01,2015-12-30,Tuesday,Martes Promo 30% OFF
4642,2178,25.0,2014-01-01,2015-12-30,Friday,Viernes Promo 25% OFF
4643,1762,30.0,2014-01-01,2015-12-30,Tuesday,Martes Promo 30% OFF
4644,1762,25.0,2014-01-01,2015-12-30,Friday,Viernes Promo 25% OFF
4645,3297,30.0,2014-01-01,2015-12-30,Tuesday,Martes Promo 30% OFF
4646,3297,25.0,2014-01-01,2015-12-30,Friday,Viernes Promo 25% OFF
4647,3324,30.0,2014-01-01,2015-12-30,Tuesday,Martes Promo 30% OFF
4648,3324,25.0,2014-01-01,2015-12-30,Friday,Viernes Promo 25% OFF
4649,395,30.0,2014-01-01,2015-12-30,Tuesday,Martes Promo 30% OFF
4650,395,25.0,2014-01-01,2015-12-30,Friday,Viernes Promo 25% OFF
4651,2908,30.0,2014-01-01,2015-12-30,Tuesday,Martes Promo 30% OFF
4652,2908,25.0,2014-01-01,2015-12-30,Friday,Viernes Promo 25% OFF
4653,962,30.0,2014-01-01,2015-12-30,Tuesday,Martes Promo 30% OFF
4654,962,25.0,2014-01-01,2015-12-30,Friday,Viernes Promo 25% OFF
4655,2176,30.0,2014-01-01,2015-12-30,Tuesday,Martes Promo 30% OFF
4656,2176,25.0,2014-01-01,2015-12-30,Friday,Viernes Promo 25% OFF
4657,2574,30.0,2014-01-01,2015-12-30,Tuesday,Martes Promo 30% OFF
4658,2574,25.0,2014-01-01,2015-12-30,Friday,Viernes Promo 25% OFF
4659,1282,30.0,2014-01-01,2015-12-30,Tuesday,Martes Promo 30% OFF
4660,1282,25.0,2014-01-01,2015-12-30,Friday,Viernes Promo 25% OFF
4661,2538,30.0,2014-01-01,2015-12-30,Tuesday,Martes Promo 30% OFF
4662,2538,25.0,2014-01-01,2015-12-30,Friday,Viernes Promo 25% OFF
4663,397,30.0,2014-01-01,2015-12-30,Tuesday,Martes Promo 30% OFF
4664,397,25.0,2014-01-01,2015-12-30,Friday,Viernes Promo 25% OFF
4665,2561,30.0,2014-01-01,2015-12-30,Tuesday,Martes Promo 30% OFF
4666,2561,25.0,2014-01-01,2015-12-30,Friday,Viernes Promo 25% OFF
4667,3039,30.0,2014-01-01,2015-12-30,Tuesday,Martes Promo 30% OFF
4668,3039,25.0,2014-01-01,2015-12-30,Friday,Viernes Promo 25% OFF
4669,3831,30.0,2014-01-01,2015-12-30,Tuesday,Martes Promo 30% OFF
4670,3831,25.0,2014-01-01,2015-12-30,Friday,Viernes Promo 25% OFF
4671,340,30.0,2014-01-01,2015-12-30,Tuesday,Martes Promo 30% OFF
4672,340,25.0,2014-01-01,2015-12-30,Friday,Viernes Promo 25% OFF
4673,3232,30.0,2014-01-01,2015-12-30,Tuesday,Martes Promo 30% OFF
4674,3232,25.0,2014-01-01,2015-12-30,Friday,Viernes Promo 25% OFF
4675,3554,30.0,2014-01-01,2015-12-30,Tuesday,Martes Promo 30% OFF
4676,3554,25.0,2014-01-01,2015-12-30,Friday,Viernes Promo 25% OFF
4677,3939,30.0,2014-01-01,2015-12-30,Tuesday,Martes Promo 30% OFF
4678,3939,25.0,2014-01-01,2015-12-30,Friday,Viernes Promo 25% OFF
4679,582,30.0,2014-01-01,2015-12-30,Tuesday,Martes Promo 30% OFF
4680,582,25.0,2014-01-01,2015-12-30,Friday,Viernes Promo 25% OFF
4681,2688,30.0,2014-01-01,2015-12-30,Tuesday,Martes Promo 30% OFF
4682,2688,25.0,2014-01-01,2015-12-30,Friday,Viernes Promo 25% OFF
4683,2171,30.0,2014-01-01,2015-12-30,Tuesday,Martes Promo 30% OFF
4684,2171,25.0,2014-01-01,2015-12-30,Friday,Viernes Promo 25% OFF
4685,3910,30.0,2014-01-01,2015-12-30,Tuesday,Martes Promo 30% OFF
4686,3910,25.0,2014-01-01,2015-12-30,Friday,Viernes Promo 25% OFF
4687,1093,30.0,2014-01-01,2015-12-30,Tuesday,Martes Promo 30% OFF
4688,1093,25.0,2014-01-01,2015-12-30,Friday,Viernes Promo 25% OFF
4689,164,30.0,2014-01-01,2015-12-30,Tuesday,Martes Promo 30% OFF
4690,164,25.0,2014-01-01,2015-12-30,Friday,Viernes Promo 25% OFF
4691,1090,30.0,2014-01-01,2015-12-30,Tuesday,Martes Promo 30% OFF
4692,1090,25.0,2014-01-01,2015-12-30,Friday,Viernes Promo 25% OFF
4693,3758,30.0,2014-01-01,2015-12-30,Tuesday,Martes Promo 30% OFF
4694,3758,25.0,2014-01-01,2015-12-30,Friday,Viernes Promo 25% OFF
4695,1941,30.0,2014-01-01,2015-12-30,Tuesday,Martes Promo 30% OFF
4696,1941,25.0,2014-01-01,2015-12-30,Friday,Viernes Promo 25% OFF
4697,81,30.0,2014-01-01,2015-12-30,Tuesday,Martes Promo 30% OFF
4698,81,25.0,2014-01-01,2015-12-30,Friday,Viernes Promo 25% OFF
4699,3331,30.0,2014-01-01,2015-12-30,Tuesday,Martes Promo 30% OFF
4700,3331,25.0,2014-01-01,2015-12-30,Friday,Viernes Promo 25% OFF
4701,941,30.0,2014-01-01,2015-12-30,Tuesday,Martes Promo 30% OFF
4702,941,25.0,2014-01-01,2015-12-30,Friday,Viernes Promo 25% OFF
4703,2738,30.0,2014-01-01,2015-12-30,Tuesday,Martes Promo 30% OFF
4704,2738,25.0,2014-01-01,2015-12-30,Friday,Viernes Promo 25% OFF
4705,3511,30.0,2014-01-01,2015-12-30,Tuesday,Martes Promo 30% OFF
4706,3511,25.0,2014-01-01,2015-12-30,Friday,Viernes Promo 25% OFF
4707,813,30.0,2014-01-01,2015-12-30,Tuesday,Martes Promo 30% OFF
4708,813,25.0,2014-01-01,2015-12-30,Friday,Viernes Promo 25% OFF
4709,1115,30.0,2014-01-01,2015-12-30,Tuesday,Martes Promo 30% OFF
4710,1115,25.0,2014-01-01,2015-12-30,Friday,Viernes Promo 25% OFF
4711,2528,30.0,2014-01-01,2015-12-30,Tuesday,Martes Promo 30% OFF
4712,2528,25.0,2014-01-01,2015-12-30,Friday,Viernes Promo 25% OFF
4713,886,30.0,2014-01-01,2015-12-30,Tuesday,Martes Promo 30% OFF
4714,886,25.0,2014-01-01,2015-12-30,Friday,Viernes Promo 25% OFF
4715,1926,30.0,2014-01-01,2015-12-30,Tuesday,Martes Promo 30% OFF
4716,1926,25.0,2014-01-01,2015-12-30,Friday,Viernes Promo 25% OFF
4717,2080,30.0,2014-01-01,2015-12-30,Tuesday,Martes Promo 30% OFF
4718,2080,25.0,2014-01-01,2015-12-30,Friday,Viernes Promo 25% OFF
4719,3829,30.0,2014-01-01,2015-12-30,Tuesday,Martes Promo 30% OFF
4720,3829,25.0,2014-01-01,2015-12-30,Friday,Viernes Promo 25% OFF
4721,2533,30.0,2014-01-01,2015-12-30,Tuesday,Martes Promo 30% OFF
4722,2533,25.0,2014-01-01,2015-12-30,Friday,Viernes Promo 25% OFF
4723,2522,30.0,2014-01-01,2015-12-30,Tuesday,Martes Promo 30% OFF
4724,2522,25.0,2014-01-01,2015-12-30,Friday,Viernes Promo 25% OFF
4725,959,30.0,2014-01-01,2015-12-30,Tuesday,Martes Promo 30% OFF
4726,959,25.0,2014-01-01,2015-12-30,Friday,Viernes Promo 25% OFF
4727,1382,30.0,2014-01-01,2015-12-30,Tuesday,Martes Promo 30% OFF
4728,1382,25.0,2014-01-01,2015-12-30,Friday,Viernes Promo 25% OFF
4729,3976,30.0,2014-01-01,2015-12-30,Tuesday,Martes Promo 30% OFF
4730,3976,25.0,2014-01-01,2015-12-30,Friday,Viernes Promo 25% OFF
4731,3599,30.0,2014-01-01,2015-12-30,Tuesday,Martes Promo 30% OFF
4732,3599,25.0,2014-01-01,2015-12-30,Friday,Viernes Promo 25% OFF
4733,402,30.0,2014-01-01,2015-12-30,Tuesday,Martes Promo 30% OFF
4734,402,25.0,2014-01-01,2015-12-30,Friday,Viernes Promo 25% OFF
4735,2639,30.0,2014-01-01,2015-12-30,Tuesday,Martes Promo 30% OFF
4736,2639,25.0,2014-01-01,2015-12-30,Friday,Viernes Promo 25% OFF
4737,2162,30.0,2014-01-01,2015-12-30,Tuesday,Martes Promo 30% OFF
4738,2162,25.0,2014-01-01,2015-12-30,Friday,Viernes Promo 25% OFF
4739,3403,30.0,2014-01-01,2015-12-30,Tuesday,Martes Promo 30% OFF
4740,3403,25.0,2014-01-01,2015-12-30,Friday,Viernes Promo 25% OFF
4741,3234,30.0,2014-01-01,2015-12-30,Tuesday,Martes Promo 30% OFF
4742,3234,25.0,2014-01-01,2015-12-30,Friday,Viernes Promo 25% OFF
4743,294,30.0,2014-01-01,2015-12-30,Tuesday,Martes Promo 30% OFF
4744,294,25.0,2014-01-01,2015-12-30,Friday,Viernes Promo 25% OFF
4745,1576,30.0,2014-01-01,2015-12-30,Tuesday,Martes Promo 30% OFF
4746,1576,25.0,2014-01-01,2015-12-30,Friday,Viernes Promo 25% OFF
4747,997,30.0,2014-01-01,2015-12-30,Tuesday,Martes Promo 30% OFF
4748,997,25.0,2014-01-01,2015-12-30,Friday,Viernes Promo 25% OFF
4749,1725,30.0,2014-01-01,2015-12-30,Tuesday,Martes Promo 30% OFF
4750,1725,25.0,2014-01-01,2015-12-30,Friday,Viernes Promo 25% OFF
4751,326,30.0,2014-01-01,2015-12-30,Tuesday,Martes Promo 30% OFF
4752,326,25.0,2014-01-01,2015-12-30,Friday,Viernes Promo 25% OFF
4753,2122,30.0,2014-01-01,2015-12-30,Tuesday,Martes Promo 30% OFF
4754,2122,25.0,2014-01-01,2015-12-30,Friday,Viernes Promo 25% OFF
4755,3852,30.0,2014-01-01,2015-12-30,Tuesday,Martes Promo 30% OFF
4756,3852,25.0,2014-01-01,2015-12-30,Friday,Viernes Promo 25% OFF
4757,1463,30.0,2014-01-01,2015-12-30,Tuesday,Martes Promo 30% OFF
4758,1463,25.0,2014-01-01,2015-12-30,Friday,Viernes Promo 25% OFF
4759,1462,30.0,2014-01-01,2015-12-30,Tuesday,Martes Promo 30% OFF
4760,1462,25.0,2014-01-01,2015-12-30,Friday,Viernes Promo 25% OFF
4761,3312,30.0,2014-01-01,2015-12-30,Tuesday,Martes Promo 30% OFF
4762,3312,25.0,2014-01-01,2015-12-30,Friday,Viernes Promo 25% OFF
4763,2211,30.0,2014-01-01,2015-12-30,Tuesday,Martes Promo 30% OFF
4764,2211,25.0,2014-01-01,2015-12-30,Friday,Viernes Promo 25% OFF
4765,1554,30.0,2014-01-01,2015-12-30,Tuesday,Martes Promo 30% OFF
4766,1554,25.0,2014-01-01,2015-12-30,Friday,Viernes Promo 25% OFF
4767,2209,30.0,2014-01-01,2015-12-30,Tuesday,Martes Promo 30% OFF
4768,2209,25.0,2014-01-01,2015-12-30,Friday,Viernes Promo 25% OFF
4769,612,30.0,2014-01-01,2015-12-30,Tuesday,Martes Promo 30% OFF
4770,612,25.0,2014-01-01,2015-12-30,Friday,Viernes Promo 25% OFF
4771,2283,30.0,2014-01-01,2015-12-30,Tuesday,Martes Promo 30% OFF
4772,2283,25.0,2014-01-01,2015-12-30,Friday,Viernes Promo 25% OFF
4773,1950,30.0,2014-01-01,2015-12-30,Tuesday,Martes Promo 30% OFF
4774,1950,25.0,2014-01-01,2015-12-30,Friday,Viernes Promo 25% OFF
4775,2003,30.0,2014-01-01,2015-12-30,Tuesday,Martes Promo 30% OFF
4776,2003,25.0,2014-01-01,2015-12-30,Friday,Viernes Promo 25% OFF
4777,2623,30.0,2014-01-01,2015-12-30,Tuesday,Martes Promo 30% OFF
4778,2623,25.0,2014-01-01,2015-12-30,Friday,Viernes Promo 25% OFF
4779,1499,30.0,2014-01-01,2015-12-30,Tuesday,Martes Promo 30% OFF
4780,1499,25.0,2014-01-01,2015-12-30,Friday,Viernes Promo 25% OFF
4781,1938,30.0,2014-01-01,2015-12-30,Tuesday,Martes Promo 30% OFF
4782,1938,25.0,2014-01-01,2015-12-30,Friday,Viernes Promo 25% OFF
4783,1352,30.0,2014-01-01,2015-12-30,Tuesday,Martes Promo 30% OFF
4784,1352,25.0,2014-01-01,2015-12-30,Friday,Viernes Promo 25% OFF
4785,3992,30.0,2014-01-01,2015-12-30,Tuesday,Martes Promo 30% OFF
4786,3992,25.0,2014-01-01,2015-12-30,Friday,Viernes Promo 25% OFF
4787,703,30.0,2014-01-01,2015-12-30,Tuesday,Martes Promo 30% OFF
4788,703,25.0,2014-01-01,2015-12-30,Friday,Viernes Promo 25% OFF
4789,3822,30.0,2014-01-01,2015-12-30,Tuesday,Martes Promo 30% OFF
4790,3822,25.0,2014-01-01,2015-12-30,Friday,Viernes Promo 25% OFF
4791,733,30.0,2014-01-01,2015-12-30,Tuesday,Martes Promo 30% OFF
4792,733,25.0,2014-01-01,2015-12-30,Friday,Viernes Promo 25% OFF
4793,265,30.0,2014-01-01,2015-12-30,Tuesday,Martes Promo 30% OFF
4794,265,25.0,2014-01-01,2015-12-30,Friday,Viernes Promo 25% OFF
4795,2613,30.0,2014-01-01,2015-12-30,Tuesday,Martes Promo 30% OFF
4796,2613,25.0,2014-01-01,2015-12-30,Friday,Viernes Promo 25% OFF
4797,4,30.0,2014-01-01,2015-12-30,Tuesday,Martes Promo 30% OFF
4798,4,25.0,2014-01-01,2015-12-30,Friday,Viernes Promo 25% OFF
4799,2599,30.0,2014-01-01,2015-12-30,Tuesday,Martes Promo 30% OFF
4800,2599,25.0,2014-01-01,2015-12-30,Friday,Viernes Promo 25% OFF
4801,1530,30.0,2014-01-01,2015-12-30,Tuesday,Martes Promo 30% OFF
4802,1530,25.0,2014-01-01,2015-12-30,Friday,Viernes Promo 25% OFF
4803,1119,30.0,2014-01-01,2015-12-30,Tuesday,Martes Promo 30% OFF
4804,1119,25.0,2014-01-01,2015-12-30,Friday,Viernes Promo 25% OFF
4805,2745,30.0,2014-01-01,2015-12-30,Tuesday,Martes Promo 30% OFF
4806,2745,25.0,2014-01-01,2015-12-30,Friday,Viernes Promo 25% OFF
4807,360,30.0,2014-01-01,2015-12-30,Tuesday,Martes Promo 30% OFF
4808,360,25.0,2014-01-01,2015-12-30,Friday,Viernes Promo 25% OFF
4809,423,30.0,2014-01-01,2015-12-30,Tuesday,Martes Promo 30% OFF
4810,423,25.0,2014-01-01,2015-12-30,Friday,Viernes Promo 25% OFF
4811,3755,30.0,2014-01-01,2015-12-30,Tuesday,Martes Promo 30% OFF
4812,3755,25.0,2014-01-01,2015-12-30,Friday,Viernes Promo 25% OFF
4813,2697,30.0,2014-01-01,2015-12-30,Tuesday,Martes Promo 30% OFF
4814,2697,25.0,2014-01-01,2015-12-30,Friday,Viernes Promo 25% OFF
4815,2819,30.0,2014-01-01,2015-12-30,Tuesday,Martes Promo 30% OFF
4816,2819,25.0,2014-01-01,2015-12-30,Friday,Viernes Promo 25% OFF
4817,3138,30.0,2014-01-01,2015-12-30,Tuesday,Martes Promo 30% OFF
4818,3138,25.0,2014-01-01,2015-12-30,Friday,Viernes Promo 25% OFF
4819,3556,30.0,2014-01-01,2015-12-30,Tuesday,Martes Promo 30% OFF
4820,3556,25.0,2014-01-01,2015-12-30,Friday,Viernes Promo 25% OFF
4821,3863,30.0,2014-01-01,2015-12-30,Tuesday,Martes Promo 30% OFF
4822,3863,25.0,2014-01-01,2015-12-30,Friday,Viernes Promo 25% OFF
4823,2823,30.0,2014-01-01,2015-12-30,Tuesday,Martes Promo 30% OFF
4824,2823,25.0,2014-01-01,2015-12-30,Friday,Viernes Promo 25% OFF
4825,409,30.0,2014-01-01,2015-12-30,Tuesday,Martes Promo 30% OFF
4826,409,25.0,2014-01-01,2015-12-30,Friday,Viernes Promo 25% OFF
4827,2535,30.0,2014-01-01,2015-12-30,Tuesday,Martes Promo 30% OFF
4828,2535,25.0,2014-01-01,2015-12-30,Friday,Viernes Promo 25% OFF
4829,3729,30.0,2014-01-01,2015-12-30,Tuesday,Martes Promo 30% OFF
4830,3729,25.0,2014-01-01,2015-12-30,Friday,Viernes Promo 25% OFF
4831,2889,30.0,2014-01-01,2015-12-30,Tuesday,Martes Promo 30% OFF
4832,2889,25.0,2014-01-01,2015-12-30,Friday,Viernes Promo 25% OFF
4833,1305,30.0,2014-01-01,2015-12-30,Tuesday,Martes Promo 30% OFF
4834,1305,25.0,2014-01-01,2015-12-30,Friday,Viernes Promo 25% OFF
4835,1797,30.0,2014-01-01,2015-12-30,Tuesday,Martes Promo 30% OFF
4836,1797,25.0,2014-01-01,2015-12-30,Friday,Viernes Promo 25% OFF
4837,1616,30.0,2014-01-01,2015-12-30,Tuesday,Martes Promo 30% OFF
4838,1616,25.0,2014-01-01,2015-12-30,Friday,Viernes Promo 25% OFF
4839,1627,30.0,2014-01-01,2015-12-30,Tuesday,Martes Promo 30% OFF
4840,1627,25.0,2014-01-01,2015-12-30,Friday,Viernes Promo 25% OFF
4841,1101,30.0,2014-01-01,2015-12-30,Tuesday,Martes Promo 30% OFF
4842,1101,25.0,2014-01-01,2015-12-30,Friday,Viernes Promo 25% OFF
4843,3300,30.0,2014-01-01,2015-12-30,Tuesday,Martes Promo 30% OFF
4844,3300,25.0,2014-01-01,2015-12-30,Friday,Viernes Promo 25% OFF
4845,532,30.0,2014-01-01,2015-12-30,Tuesday,Martes Promo 30% OFF
4846,532,25.0,2014-01-01,2015-12-30,Friday,Viernes Promo 25% OFF
4847,1640,30.0,2014-01-01,2015-12-30,Tuesday,Martes Promo 30% OFF
4848,1640,25.0,2014-01-01,2015-12-30,Friday,Viernes Promo 25% OFF
4849,2127,30.0,2014-01-01,2015-12-30,Tuesday,Martes Promo 30% OFF
4850,2127,25.0,2014-01-01,2015-12-30,Friday,Viernes Promo 25% OFF
4851,636,30.0,2014-01-01,2015-12-30,Tuesday,Martes Promo 30% OFF
4852,636,25.0,2014-01-01,2015-12-30,Friday,Viernes Promo 25% OFF
4853,2652,30.0,2014-01-01,2015-12-30,Tuesday,Martes Promo 30% OFF
4854,2652,25.0,2014-01-01,2015-12-30,Friday,Viernes Promo 25% OFF
4855,106,30.0,2014-01-01,2015-12-30,Tuesday,Martes Promo 30% OFF
4856,106,25.0,2014-01-01,2015-12-30,Friday,Viernes Promo 25% OFF
4857,3098,30.0,2014-01-01,2015-12-30,Tuesday,Martes Promo 30% OFF
4858,3098,25.0,2014-01-01,2015-12-30,Friday,Viernes Promo 25% OFF
4859,1183,30.0,2014-01-01,2015-12-30,Tuesday,Martes Promo 30% OFF
4860,1183,25.0,2014-01-01,2015-12-30,Friday,Viernes Promo 25% OFF
4861,3964,30.0,2014-01-01,2015-12-30,Tuesday,Martes Promo 30% OFF
4862,3964,25.0,2014-01-01,2015-12-30,Friday,Viernes Promo 25% OFF
4863,3233,30.0,2014-01-01,2015-12-30,Tuesday,Martes Promo 30% OFF
4864,3233,25.0,2014-01-01,2015-12-30,Friday,Viernes Promo 25% OFF
4865,3987,30.0,2014-01-01,2015-12-30,Tuesday,Martes Promo 30% OFF
4866,3987,25.0,2014-01-01,2015-12-30,Friday,Viernes Promo 25% OFF
4867,1633,30.0,2014-01-01,2015-12-30,Tuesday,Martes Promo 30% OFF
4868,1633,25.0,2014-01-01,2015-12-30,Friday,Viernes Promo 25% OFF
4869,1409,30.0,2014-01-01,2015-12-30,Tuesday,Martes Promo 30% OFF
4870,1409,25.0,2014-01-01,2015-12-30,Friday,Viernes Promo 25% OFF
4871,855,30.0,2014-01-01,2015-12-30,Tuesday,Martes Promo 30% OFF
4872,855,25.0,2014-01-01,2015-12-30,Friday,Viernes Promo 25% OFF
4873,605,30.0,2014-01-01,2015-12-30,Tuesday,Martes Promo 30% OFF
4874,605,25.0,2014-01-01,2015-12-30,Friday,Viernes Promo 25% OFF
4875,2632,30.0,2014-01-01,2015-12-30,Tuesday,Martes Promo 30% OFF
4876,2632,25.0,2014-01-01,2015-12-30,Friday,Viernes Promo 25% OFF
4877,486,30.0,2014-01-01,2015-12-30,Tuesday,Martes Promo 30% OFF
4878,486,25.0,2014-01-01,2015-12-30,Friday,Viernes Promo 25% OFF
4879,2761,30.0,2014-01-01,2015-12-30,Tuesday,Martes Promo 30% OFF
4880,2761,25.0,2014-01-01,2015-12-30,Friday,Viernes Promo 25% OFF
4881,2201,30.0,2014-01-01,2015-12-30,Tuesday,Martes Promo 30% OFF
4882,2201,25.0,2014-01-01,2015-12-30,Friday,Viernes Promo 25% OFF
4883,1699,30.0,2014-01-01,2015-12-30,Tuesday,Martes Promo 30% OFF
4884,1699,25.0,2014-01-01,2015-12-30,Friday,Viernes Promo 25% OFF
4885,173,30.0,2014-01-01,2015-12-30,Tuesday,Martes Promo 30% OFF
4886,173,25.0,2014-01-01,2015-12-30,Friday,Viernes Promo 25% OFF
4887,3770,30.0,2014-01-01,2015-12-30,Tuesday,Martes Promo 30% OFF
4888,3770,25.0,2014-01-01,2015-12-30,Friday,Viernes Promo 25% OFF
4889,3999,30.0,2014-01-01,2015-12-30,Tuesday,Martes Promo 30% OFF
4890,3999,25.0,2014-01-01,2015-12-30,Friday,Viernes Promo 25% OFF
4891,939,30.0,2014-01-01,2015-12-30,Tuesday,Martes Promo 30% OFF
4892,939,25.0,2014-01-01,2015-12-30,Friday,Viernes Promo 25% OFF
4893,2381,30.0,2014-01-01,2015-12-30,Tuesday,Martes Promo 30% OFF
4894,2381,25.0,2014-01-01,2015-12-30,Friday,Viernes Promo 25% OFF
4895,938,30.0,2014-01-01,2015-12-30,Tuesday,Martes Promo 30% OFF
4896,938,25.0,2014-01-01,2015-12-30,Friday,Viernes Promo 25% OFF
4897,856,30.0,2014-01-01,2015-12-30,Tuesday,Martes Promo 30% OFF
4898,856,25.0,2014-01-01,2015-12-30,Friday,Viernes Promo 25% OFF
4899,2730,30.0,2014-01-01,2015-12-30,Tuesday,Martes Promo 30% OFF
4900,2730,25.0,2014-01-01,2015-12-30,Friday,Viernes Promo 25% OFF
4901,3738,30.0,2014-01-01,2015-12-30,Tuesday,Martes Promo 30% OFF
4902,3738,25.0,2014-01-01,2015-12-30,Friday,Viernes Promo 25% OFF
4903,1748,30.0,2014-01-01,2015-12-30,Tuesday,Martes Promo 30% OFF
4904,1748,25.0,2014-01-01,2015-12-30,Friday,Viernes Promo 25% OFF
4905,586,30.0,2014-01-01,2015-12-30,Tuesday,Martes Promo 30% OFF
4906,586,25.0,2014-01-01,2015-12-30,Friday,Viernes Promo 25% OFF
4907,3989,30.0,2014-01-01,2015-12-30,Tuesday,Martes Promo 30% OFF
4908,3989,25.0,2014-01-01,2015-12-30,Friday,Viernes Promo 25% OFF
4909,1473,30.0,2014-01-01,2015-12-30,Tuesday,Martes Promo 30% OFF
4910,1473,25.0,2014-01-01,2015-12-30,Friday,Viernes Promo 25% OFF
4911,1114,30.0,2014-01-01,2015-12-30,Tuesday,Martes Promo 30% OFF
4912,1114,25.0,2014-01-01,2015-12-30,Friday,Viernes Promo 25% OFF
4913,398,30.0,2014-01-01,2015-12-30,Tuesday,Martes Promo 30% OFF
4914,398,25.0,2014-01-01,2015-12-30,Friday,Viernes Promo 25% OFF
4915,2969,30.0,2014-01-01,2015-12-30,Tuesday,Martes Promo 30% OFF
4916,2969,25.0,2014-01-01,2015-12-30,Friday,Viernes Promo 25% OFF
4917,3258,30.0,2014-01-01,2015-12-30,Tuesday,Martes Promo 30% OFF
4918,3258,25.0,2014-01-01,2015-12-30,Friday,Viernes Promo 25% OFF
4919,3263,30.0,2014-01-01,2015-12-30,Tuesday,Martes Promo 30% OFF
4920,3263,25.0,2014-01-01,2015-12-30,Friday,Viernes Promo 25% OFF
4921,3262,30.0,2014-01-01,2015-12-30,Tuesday,Martes Promo 30% OFF
4922,3262,25.0,2014-01-01,2015-12-30,Friday,Viernes Promo 25% OFF
4923,607,30.0,2014-01-01,2015-12-30,Tuesday,Martes Promo 30% OFF
4924,607,25.0,2014-01-01,2015-12-30,Friday,Viernes Promo 25% OFF
4925,608,30.0,2014-01-01,2015-12-30,Tuesday,Martes Promo 30% OFF
4926,608,25.0,2014-01-01,2015-12-30,Friday,Viernes Promo 25% OFF
4927,1574,30.0,2014-01-01,2015-12-30,Tuesday,Martes Promo 30% OFF
4928,1574,25.0,2014-01-01,2015-12-30,Friday,Viernes Promo 25% OFF
4929,1573,30.0,2014-01-01,2015-12-30,Tuesday,Martes Promo 30% OFF
4930,1573,25.0,2014-01-01,2015-12-30,Friday,Viernes Promo 25% OFF
4931,956,30.0,2014-01-01,2015-12-30,Tuesday,Martes Promo 30% OFF
4932,956,25.0,2014-01-01,2015-12-30,Friday,Viernes Promo 25% OFF
4933,957,30.0,2014-01-01,2015-12-30,Tuesday,Martes Promo 30% OFF
4934,957,25.0,2014-01-01,2015-12-30,Friday,Viernes Promo 25% OFF
4935,559,30.0,2014-01-01,2015-12-30,Tuesday,Martes Promo 30% OFF
4936,559,25.0,2014-01-01,2015-12-30,Friday,Viernes Promo 25% OFF
4937,1575,30.0,2014-01-01,2015-12-30,Tuesday,Martes Promo 30% OFF
4938,1575,25.0,2014-01-01,2015-12-30,Friday,Viernes Promo 25% OFF
4939,3172,30.0,2014-01-01,2015-12-30,Tuesday,Martes Promo 30% OFF
4940,3172,25.0,2014-01-01,2015-12-30,Friday,Viernes Promo 25% OFF
4941,804,30.0,2014-01-01,2015-12-30,Tuesday,Martes Promo 30% OFF
4942,804,25.0,2014-01-01,2015-12-30,Friday,Viernes Promo 25% OFF
4943,3242,30.0,2014-01-01,2015-12-30,Tuesday,Martes Promo 30% OFF
4944,3242,25.0,2014-01-01,2015-12-30,Friday,Viernes Promo 25% OFF
4945,3240,30.0,2014-01-01,2015-12-30,Tuesday,Martes Promo 30% OFF
4946,3240,25.0,2014-01-01,2015-12-30,Friday,Viernes Promo 25% OFF
4947,1104,30.0,2014-01-01,2015-12-30,Tuesday,Martes Promo 30% OFF
4948,1104,25.0,2014-01-01,2015-12-30,Friday,Viernes Promo 25% OFF
4949,1106,30.0,2014-01-01,2015-12-30,Tuesday,Martes Promo 30% OFF
4950,1106,25.0,2014-01-01,2015-12-30,Friday,Viernes Promo 25% OFF
4951,1103,30.0,2014-01-01,2015-12-30,Tuesday,Martes Promo 30% OFF
4952,1103,25.0,2014-01-01,2015-12-30,Friday,Viernes Promo 25% OFF
4953,2968,30.0,2014-01-01,2015-12-30,Tuesday,Martes Promo 30% OFF
4954,2968,25.0,2014-01-01,2015-12-30,Friday,Viernes Promo 25% OFF
4955,1977,30.0,2014-01-01,2015-12-30,Tuesday,Martes Promo 30% OFF
4956,1977,25.0,2014-01-01,2015-12-30,Friday,Viernes Promo 25% OFF
4957,3655,30.0,2014-01-01,2015-12-30,Tuesday,Martes Promo 30% OFF
4958,3655,25.0,2014-01-01,2015-12-30,Friday,Viernes Promo 25% OFF
4959,1549,30.0,2014-01-01,2015-12-30,Tuesday,Martes Promo 30% OFF
4960,1549,25.0,2014-01-01,2015-12-30,Friday,Viernes Promo 25% OFF
4961,2545,30.0,2014-01-01,2015-12-30,Tuesday,Martes Promo 30% OFF
4962,2545,25.0,2014-01-01,2015-12-30,Friday,Viernes Promo 25% OFF
4963,348,30.0,2014-01-01,2015-12-30,Tuesday,Martes Promo 30% OFF
4964,348,25.0,2014-01-01,2015-12-30,Friday,Viernes Promo 25% OFF
4965,3653,30.0,2014-01-01,2015-12-30,Tuesday,Martes Promo 30% OFF
4966,3653,25.0,2014-01-01,2015-12-30,Friday,Viernes Promo 25% OFF
4967,2890,30.0,2014-01-01,2015-12-30,Tuesday,Martes Promo 30% OFF
4968,2890,25.0,2014-01-01,2015-12-30,Friday,Viernes Promo 25% OFF
4969,2891,30.0,2014-01-01,2015-12-30,Tuesday,Martes Promo 30% OFF
4970,2891,25.0,2014-01-01,2015-12-30,Friday,Viernes Promo 25% OFF
4971,1904,30.0,2014-01-01,2015-12-30,Tuesday,Martes Promo 30% OFF
4972,1904,25.0,2014-01-01,2015-12-30,Friday,Viernes Promo 25% OFF
4973,2232,30.0,2014-01-01,2015-12-30,Tuesday,Martes Promo 30% OFF
4974,2232,25.0,2014-01-01,2015-12-30,Friday,Viernes Promo 25% OFF
4975,2230,30.0,2014-01-01,2015-12-30,Tuesday,Martes Promo 30% OFF
4976,2230,25.0,2014-01-01,2015-12-30,Friday,Viernes Promo 25% OFF
4977,2189,30.0,2014-01-01,2015-12-30,Tuesday,Martes Promo 30% OFF
4978,2189,25.0,2014-01-01,2015-12-30,Friday,Viernes Promo 25% OFF
4979,414,30.0,2014-01-01,2015-12-30,Tuesday,Martes Promo 30% OFF
4980,414,25.0,2014-01-01,2015-12-30,Friday,Viernes Promo 25% OFF
4981,3740,30.0,2014-01-01,2015-12-30,Tuesday,Martes Promo 30% OFF
4982,3740,25.0,2014-01-01,2015-12-30,Friday,Viernes Promo 25% OFF
4983,1641,30.0,2014-01-01,2015-12-30,Tuesday,Martes Promo 30% OFF
4984,1641,25.0,2014-01-01,2015-12-30,Friday,Viernes Promo 25% OFF
4985,1642,30.0,2014-01-01,2015-12-30,Tuesday,Martes Promo 30% OFF
4986,1642,25.0,2014-01-01,2015-12-30,Friday,Viernes Promo 25% OFF
4987,3093,30.0,2014-01-01,2015-12-30,Tuesday,Martes Promo 30% OFF
4988,3093,25.0,2014-01-01,2015-12-30,Friday,Viernes Promo 25% OFF
4989,2240,30.0,2014-01-01,2015-12-30,Tuesday,Martes Promo 30% OFF
4990,2240,25.0,2014-01-01,2015-12-30,Friday,Viernes Promo 25% OFF
4991,966,30.0,2014-01-01,2015-12-30,Tuesday,Martes Promo 30% OFF
4992,966,25.0,2014-01-01,2015-12-30,Friday,Viernes Promo 25% OFF
4993,393,30.0,2014-01-01,2015-12-30,Tuesday,Martes Promo 30% OFF
4994,393,25.0,2014-01-01,2015-12-30,Friday,Viernes Promo 25% OFF
4995,2585,30.0,2014-01-01,2015-12-30,Tuesday,Martes Promo 30% OFF
4996,2585,25.0,2014-01-01,2015-12-30,Friday,Viernes Promo 25% OFF
4997,1991,30.0,2014-01-01,2015-12-30,Tuesday,Martes Promo 30% OFF
4998,1991,25.0,2014-01-01,2015-12-30,Friday,Viernes Promo 25% OFF
4999,3565,30.0,2014-01-01,2015-12-30,Tuesday,Martes Promo 30% OFF
5000,3565,25.0,2014-01-01,2015-12-30,Friday,Viernes Promo 25% OFF
5001,2462,30.0,2014-01-01,2015-12-30,Tuesday,Martes Promo 30% OFF
5002,2462,25.0,2014-01-01,2015-12-30,Friday,Viernes Promo 25% OFF
5003,2537,30.0,2014-01-01,2015-12-30,Tuesday,Martes Promo 30% OFF
5004,2537,25.0,2014-01-01,2015-12-30,Friday,Viernes Promo 25% OFF
5005,1638,30.0,2014-01-01,2015-12-30,Tuesday,Martes Promo 30% OFF
5006,1638,25.0,2014-01-01,2015-12-30,Friday,Viernes Promo 25% OFF
5007,848,30.0,2014-01-01,2015-12-30,Tuesday,Martes Promo 30% OFF
5008,848,25.0,2014-01-01,2015-12-30,Friday,Viernes Promo 25% OFF
5009,1112,30.0,2014-01-01,2015-12-30,Tuesday,Martes Promo 30% OFF
5010,1112,25.0,2014-01-01,2015-12-30,Friday,Viernes Promo 25% OFF
5011,1266,30.0,2014-01-01,2015-12-30,Tuesday,Martes Promo 30% OFF
5012,1266,25.0,2014-01-01,2015-12-30,Friday,Viernes Promo 25% OFF
5013,1472,30.0,2014-01-01,2015-12-30,Tuesday,Martes Promo 30% OFF
5014,1472,25.0,2014-01-01,2015-12-30,Friday,Viernes Promo 25% OFF
5015,318,30.0,2014-01-01,2015-12-30,Tuesday,Martes Promo 30% OFF
5016,318,25.0,2014-01-01,2015-12-30,Friday,Viernes Promo 25% OFF
5017,2620,30.0,2014-01-01,2015-12-30,Tuesday,Martes Promo 30% OFF
5018,2620,25.0,2014-01-01,2015-12-30,Friday,Viernes Promo 25% OFF
5019,2149,30.0,2014-01-01,2015-12-30,Tuesday,Martes Promo 30% OFF
5020,2149,25.0,2014-01-01,2015-12-30,Friday,Viernes Promo 25% OFF
5021,3965,30.0,2014-01-01,2015-12-30,Tuesday,Martes Promo 30% OFF
5022,3965,25.0,2014-01-01,2015-12-30,Friday,Viernes Promo 25% OFF
5023,2625,30.0,2014-01-01,2015-12-30,Tuesday,Martes Promo 30% OFF
5024,2625,25.0,2014-01-01,2015-12-30,Friday,Viernes Promo 25% OFF
5025,2126,30.0,2014-01-01,2015-12-30,Tuesday,Martes Promo 30% OFF
5026,2126,25.0,2014-01-01,2015-12-30,Friday,Viernes Promo 25% OFF
5027,3888,30.0,2014-01-01,2015-12-30,Tuesday,Martes Promo 30% OFF
5028,3888,25.0,2014-01-01,2015-12-30,Friday,Viernes Promo 25% OFF
5029,3953,30.0,2014-01-01,2015-12-30,Tuesday,Martes Promo 30% OFF
5030,3953,25.0,2014-01-01,2015-12-30,Friday,Viernes Promo 25% OFF
5031,2560,30.0,2014-01-01,2015-12-30,Tuesday,Martes Promo 30% OFF
5032,2560,25.0,2014-01-01,2015-12-30,Friday,Viernes Promo 25% OFF
5033,1326,30.0,2014-01-01,2015-12-30,Tuesday,Martes Promo 30% OFF
5034,1326,25.0,2014-01-01,2015-12-30,Friday,Viernes Promo 25% OFF
5035,1613,30.0,2014-01-01,2015-12-30,Tuesday,Martes Promo 30% OFF
5036,1613,25.0,2014-01-01,2015-12-30,Friday,Viernes Promo 25% OFF
5037,2579,30.0,2014-01-01,2015-12-30,Tuesday,Martes Promo 30% OFF
5038,2579,25.0,2014-01-01,2015-12-30,Friday,Viernes Promo 25% OFF
5039,436,30.0,2014-01-01,2015-12-30,Tuesday,Martes Promo 30% OFF
5040,436,25.0,2014-01-01,2015-12-30,Friday,Viernes Promo 25% OFF
5041,958,30.0,2014-01-01,2015-12-30,Tuesday,Martes Promo 30% OFF
5042,958,25.0,2014-01-01,2015-12-30,Friday,Viernes Promo 25% OFF
5043,561,30.0,2014-01-01,2015-12-30,Tuesday,Martes Promo 30% OFF
5044,561,25.0,2014-01-01,2015-12-30,Friday,Viernes Promo 25% OFF
5045,392,30.0,2014-01-01,2015-12-30,Tuesday,Martes Promo 30% OFF
5046,392,25.0,2014-01-01,2015-12-30,Friday,Viernes Promo 25% OFF
5047,389,30.0,2014-01-01,2015-12-30,Tuesday,Martes Promo 30% OFF
5048,389,25.0,2014-01-01,2015-12-30,Friday,Viernes Promo 25% OFF
5049,3993,30.0,2014-01-01,2015-12-30,Tuesday,Martes Promo 30% OFF
5050,3993,25.0,2014-01-01,2015-12-30,Friday,Viernes Promo 25% OFF
5051,1535,30.0,2014-01-01,2015-12-30,Tuesday,Martes Promo 30% OFF
5052,1535,25.0,2014-01-01,2015-12-30,Friday,Viernes Promo 25% OFF
5053,1097,30.0,2014-01-01,2015-12-30,Tuesday,Martes Promo 30% OFF
5054,1097,25.0,2014-01-01,2015-12-30,Friday,Viernes Promo 25% OFF
5055,606,30.0,2014-01-01,2015-12-30,Tuesday,Martes Promo 30% OFF
5056,606,25.0,2014-01-01,2015-12-30,Friday,Viernes Promo 25% OFF
5057,193,30.0,2014-01-01,2015-12-30,Tuesday,Martes Promo 30% OFF
5058,193,25.0,2014-01-01,2015-12-30,Friday,Viernes Promo 25% OFF
5059,3066,30.0,2014-01-01,2015-12-30,Tuesday,Martes Promo 30% OFF
5060,3066,25.0,2014-01-01,2015-12-30,Friday,Viernes Promo 25% OFF
5061,3064,30.0,2014-01-01,2015-12-30,Tuesday,Martes Promo 30% OFF
5062,3064,25.0,2014-01-01,2015-12-30,Friday,Viernes Promo 25% OFF
5063,2474,30.0,2014-01-01,2015-12-30,Tuesday,Martes Promo 30% OFF
5064,2474,25.0,2014-01-01,2015-12-30,Friday,Viernes Promo 25% OFF
5065,1398,30.0,2014-01-01,2015-12-30,Tuesday,Martes Promo 30% OFF
5066,1398,25.0,2014-01-01,2015-12-30,Friday,Viernes Promo 25% OFF
5067,3255,30.0,2014-01-01,2015-12-30,Tuesday,Martes Promo 30% OFF
5068,3255,25.0,2014-01-01,2015-12-30,Friday,Viernes Promo 25% OFF
5069,2019,30.0,2014-01-01,2015-12-30,Tuesday,Martes Promo 30% OFF
5070,2019,25.0,2014-01-01,2015-12-30,Friday,Viernes Promo 25% OFF
5071,2155,30.0,2014-01-01,2015-12-30,Tuesday,Martes Promo 30% OFF
5072,2155,25.0,2014-01-01,2015-12-30,Friday,Viernes Promo 25% OFF
5073,298,30.0,2014-01-01,2015-12-30,Tuesday,Martes Promo 30% OFF
5074,298,25.0,2014-01-01,2015-12-30,Friday,Viernes Promo 25% OFF
5075,292,30.0,2014-01-01,2015-12-30,Tuesday,Martes Promo 30% OFF
5076,292,25.0,2014-01-01,2015-12-30,Friday,Viernes Promo 25% OFF
5077,295,30.0,2014-01-01,2015-12-30,Tuesday,Martes Promo 30% OFF
5078,295,25.0,2014-01-01,2015-12-30,Friday,Viernes Promo 25% OFF
5079,243,30.0,2014-01-01,2015-12-30,Tuesday,Martes Promo 30% OFF
5080,243,25.0,2014-01-01,2015-12-30,Friday,Viernes Promo 25% OFF
5081,3979,30.0,2014-01-01,2015-12-30,Tuesday,Martes Promo 30% OFF
5082,3979,25.0,2014-01-01,2015-12-30,Friday,Viernes Promo 25% OFF
5083,1098,30.0,2014-01-01,2015-12-30,Tuesday,Martes Promo 30% OFF
5084,1098,25.0,2014-01-01,2015-12-30,Friday,Viernes Promo 25% OFF
5085,560,30.0,2014-01-01,2015-12-30,Tuesday,Martes Promo 30% OFF
5086,560,25.0,2014-01-01,2015-12-30,Friday,Viernes Promo 25% OFF
5087,1099,30.0,2014-01-01,2015-12-30,Tuesday,Martes Promo 30% OFF
5088,1099,25.0,2014-01-01,2015-12-30,Friday,Viernes Promo 25% OFF
5089,422,30.0,2014-01-01,2015-12-30,Tuesday,Martes Promo 30% OFF
5090,422,25.0,2014-01-01,2015-12-30,Friday,Viernes Promo 25% OFF
5091,38,30.0,2014-01-01,2015-12-30,Tuesday,Martes Promo 30% OFF
5092,38,25.0,2014-01-01,2015-12-30,Friday,Viernes Promo 25% OFF
5093,15,30.0,2014-01-01,2015-12-30,Tuesday,Martes Promo 30% OFF
5094,15,25.0,2014-01-01,2015-12-30,Friday,Viernes Promo 25% OFF
5095,1100,30.0,2014-01-01,2015-12-30,Tuesday,Martes Promo 30% OFF
5096,1100,25.0,2014-01-01,2015-12-30,Friday,Viernes Promo 25% OFF
5097,1383,30.0,2014-01-01,2015-12-30,Tuesday,Martes Promo 30% OFF
5098,1383,25.0,2014-01-01,2015-12-30,Friday,Viernes Promo 25% OFF
5099,2504,30.0,2014-01-01,2015-12-30,Tuesday,Martes Promo 30% OFF
5100,2504,25.0,2014-01-01,2015-12-30,Friday,Viernes Promo 25% OFF
5101,87,30.0,2014-01-01,2015-12-30,Tuesday,Martes Promo 30% OFF
5102,87,25.0,2014-01-01,2015-12-30,Friday,Viernes Promo 25% OFF
5103,228,30.0,2014-01-01,2015-12-30,Tuesday,Martes Promo 30% OFF
5104,228,25.0,2014-01-01,2015-12-30,Friday,Viernes Promo 25% OFF
5105,3986,30.0,2014-01-01,2015-12-30,Tuesday,Martes Promo 30% OFF
5106,3986,25.0,2014-01-01,2015-12-30,Friday,Viernes Promo 25% OFF
5107,2531,30.0,2014-01-01,2015-12-30,Tuesday,Martes Promo 30% OFF
5108,2531,25.0,2014-01-01,2015-12-30,Friday,Viernes Promo 25% OFF
5109,3837,30.0,2014-01-01,2015-12-30,Tuesday,Martes Promo 30% OFF
5110,3837,25.0,2014-01-01,2015-12-30,Friday,Viernes Promo 25% OFF
5111,24,30.0,2014-01-01,2015-12-30,Tuesday,Martes Promo 30% OFF
5112,24,25.0,2014-01-01,2015-12-30,Friday,Viernes Promo 25% OFF
5113,2600,30.0,2014-01-01,2015-12-30,Tuesday,Martes Promo 30% OFF
5114,2600,25.0,2014-01-01,2015-12-30,Friday,Viernes Promo 25% OFF
5115,221,30.0,2014-01-01,2015-12-30,Tuesday,Martes Promo 30% OFF
5116,221,25.0,2014-01-01,2015-12-30,Friday,Viernes Promo 25% OFF
5117,2816,30.0,2014-01-01,2015-12-30,Tuesday,Martes Promo 30% OFF
5118,2816,25.0,2014-01-01,2015-12-30,Friday,Viernes Promo 25% OFF
5119,2111,30.0,2014-01-01,2015-12-30,Tuesday,Martes Promo 30% OFF
5120,2111,25.0,2014-01-01,2015-12-30,Friday,Viernes Promo 25% OFF
5121,2074,30.0,2014-01-01,2015-12-30,Tuesday,Martes Promo 30% OFF
5122,2074,25.0,2014-01-01,2015-12-30,Friday,Viernes Promo 25% OFF
5123,4014,30.0,2014-01-01,2015-12-30,Tuesday,Martes Promo 30% OFF
5124,4014,25.0,2014-01-01,2015-12-30,Friday,Viernes Promo 25% OFF
5125,1272,30.0,2014-01-01,2015-12-30,Tuesday,Martes Promo 30% OFF
5126,1272,25.0,2014-01-01,2015-12-30,Friday,Viernes Promo 25% OFF
5127,500,30.0,2014-01-01,2015-12-30,Tuesday,Martes Promo 30% OFF
5128,500,25.0,2014-01-01,2015-12-30,Friday,Viernes Promo 25% OFF
5129,484,30.0,2014-01-01,2015-12-30,Tuesday,Martes Promo 30% OFF
5130,484,25.0,2014-01-01,2015-12-30,Friday,Viernes Promo 25% OFF
5131,1686,30.0,2014-01-01,2015-12-30,Tuesday,Martes Promo 30% OFF
5132,1686,25.0,2014-01-01,2015-12-30,Friday,Viernes Promo 25% OFF
5133,2873,30.0,2014-01-01,2015-12-30,Tuesday,Martes Promo 30% OFF
5134,2873,25.0,2014-01-01,2015-12-30,Friday,Viernes Promo 25% OFF
5135,2536,30.0,2014-01-01,2015-12-30,Tuesday,Martes Promo 30% OFF
5136,2536,25.0,2014-01-01,2015-12-30,Friday,Viernes Promo 25% OFF
5137,990,30.0,2014-01-01,2015-12-30,Tuesday,Martes Promo 30% OFF
5138,990,25.0,2014-01-01,2015-12-30,Friday,Viernes Promo 25% OFF
5139,1963,30.0,2014-01-01,2015-12-30,Tuesday,Martes Promo 30% OFF
5140,1963,25.0,2014-01-01,2015-12-30,Friday,Viernes Promo 25% OFF
5141,1340,30.0,2014-01-01,2015-12-30,Tuesday,Martes Promo 30% OFF
5142,1340,25.0,2014-01-01,2015-12-30,Friday,Viernes Promo 25% OFF
5143,3154,30.0,2014-01-01,2015-12-30,Tuesday,Martes Promo 30% OFF
5144,3154,25.0,2014-01-01,2015-12-30,Friday,Viernes Promo 25% OFF
5145,3399,30.0,2014-01-01,2015-12-30,Tuesday,Martes Promo 30% OFF
5146,3399,25.0,2014-01-01,2015-12-30,Friday,Viernes Promo 25% OFF
5147,2592,30.0,2014-01-01,2015-12-30,Tuesday,Martes Promo 30% OFF
5148,2592,25.0,2014-01-01,2015-12-30,Friday,Viernes Promo 25% OFF
5149,901,30.0,2014-01-01,2015-12-30,Tuesday,Martes Promo 30% OFF
5150,901,25.0,2014-01-01,2015-12-30,Friday,Viernes Promo 25% OFF
5151,1876,30.0,2014-01-01,2015-12-30,Tuesday,Martes Promo 30% OFF
5152,1876,25.0,2014-01-01,2015-12-30,Friday,Viernes Promo 25% OFF
5153,3409,30.0,2014-01-01,2015-12-30,Tuesday,Martes Promo 30% OFF
5154,3409,25.0,2014-01-01,2015-12-30,Friday,Viernes Promo 25% OFF
5155,2310,30.0,2014-01-01,2015-12-30,Tuesday,Martes Promo 30% OFF
5156,2310,25.0,2014-01-01,2015-12-30,Friday,Viernes Promo 25% OFF
5157,291,30.0,2014-01-01,2015-12-30,Tuesday,Martes Promo 30% OFF
5158,291,25.0,2014-01-01,2015-12-30,Friday,Viernes Promo 25% OFF
5159,1541,30.0,2014-01-01,2015-12-30,Tuesday,Martes Promo 30% OFF
5160,1541,25.0,2014-01-01,2015-12-30,Friday,Viernes Promo 25% OFF
5161,2157,30.0,2014-01-01,2015-12-30,Tuesday,Martes Promo 30% OFF
5162,2157,25.0,2014-01-01,2015-12-30,Friday,Viernes Promo 25% OFF
5163,3269,30.0,2014-01-01,2015-12-30,Tuesday,Martes Promo 30% OFF
5164,3269,25.0,2014-01-01,2015-12-30,Friday,Viernes Promo 25% OFF
5165,1270,30.0,2014-01-01,2015-12-30,Tuesday,Martes Promo 30% OFF
5166,1270,25.0,2014-01-01,2015-12-30,Friday,Viernes Promo 25% OFF
5167,2794,30.0,2014-01-01,2015-12-30,Tuesday,Martes Promo 30% OFF
5168,2794,25.0,2014-01-01,2015-12-30,Friday,Viernes Promo 25% OFF
5169,2502,30.0,2014-01-01,2015-12-30,Tuesday,Martes Promo 30% OFF
5170,2502,25.0,2014-01-01,2015-12-30,Friday,Viernes Promo 25% OFF
5171,1275,30.0,2014-01-01,2015-12-30,Tuesday,Martes Promo 30% OFF
5172,1275,25.0,2014-01-01,2015-12-30,Friday,Viernes Promo 25% OFF
5173,2616,30.0,2014-01-01,2015-12-30,Tuesday,Martes Promo 30% OFF
5174,2616,25.0,2014-01-01,2015-12-30,Friday,Viernes Promo 25% OFF
5175,3473,30.0,2014-01-01,2015-12-30,Tuesday,Martes Promo 30% OFF
5176,3473,25.0,2014-01-01,2015-12-30,Friday,Viernes Promo 25% OFF
5177,26,30.0,2014-01-01,2015-12-30,Tuesday,Martes Promo 30% OFF
5178,26,25.0,2014-01-01,2015-12-30,Friday,Viernes Promo 25% OFF
5179,2994,30.0,2014-01-01,2015-12-30,Tuesday,Martes Promo 30% OFF
5180,2994,25.0,2014-01-01,2015-12-30,Friday,Viernes Promo 25% OFF
5181,3724,30.0,2014-01-01,2015-12-30,Tuesday,Martes Promo 30% OFF
5182,3724,25.0,2014-01-01,2015-12-30,Friday,Viernes Promo 25% OFF
5183,850,30.0,2014-01-01,2015-12-30,Tuesday,Martes Promo 30% OFF
5184,850,25.0,2014-01-01,2015-12-30,Friday,Viernes Promo 25% OFF
5185,25,30.0,2014-01-01,2015-12-30,Tuesday,Martes Promo 30% OFF
5186,25,25.0,2014-01-01,2015-12-30,Friday,Viernes Promo 25% OFF
5187,1486,30.0,2014-01-01,2015-12-30,Tuesday,Martes Promo 30% OFF
5188,1486,25.0,2014-01-01,2015-12-30,Friday,Viernes Promo 25% OFF
5189,3698,30.0,2014-01-01,2015-12-30,Tuesday,Martes Promo 30% OFF
5190,3698,25.0,2014-01-01,2015-12-30,Friday,Viernes Promo 25% OFF
5191,1953,30.0,2014-01-01,2015-12-30,Tuesday,Martes Promo 30% OFF
5192,1953,25.0,2014-01-01,2015-12-30,Friday,Viernes Promo 25% OFF
5193,3515,30.0,2014-01-01,2015-12-30,Tuesday,Martes Promo 30% OFF
5194,3515,25.0,2014-01-01,2015-12-30,Friday,Viernes Promo 25% OFF
5195,1894,30.0,2014-01-01,2015-12-30,Tuesday,Martes Promo 30% OFF
5196,1894,25.0,2014-01-01,2015-12-30,Friday,Viernes Promo 25% OFF
5197,2776,30.0,2014-01-01,2015-12-30,Tuesday,Martes Promo 30% OFF
5198,2776,25.0,2014-01-01,2015-12-30,Friday,Viernes Promo 25% OFF
5199,967,30.0,2014-01-01,2015-12-30,Tuesday,Martes Promo 30% OFF
5200,967,25.0,2014-01-01,2015-12-30,Friday,Viernes Promo 25% OFF
5201,363,30.0,2014-01-01,2015-12-30,Tuesday,Martes Promo 30% OFF
5202,363,25.0,2014-01-01,2015-12-30,Friday,Viernes Promo 25% OFF
5203,3651,30.0,2014-01-01,2015-12-30,Tuesday,Martes Promo 30% OFF
5204,3651,25.0,2014-01-01,2015-12-30,Friday,Viernes Promo 25% OFF
5205,3889,30.0,2014-01-01,2015-12-30,Tuesday,Martes Promo 30% OFF
5206,3889,25.0,2014-01-01,2015-12-30,Friday,Viernes Promo 25% OFF
5207,1643,30.0,2014-01-01,2015-12-30,Tuesday,Martes Promo 30% OFF
5208,1643,25.0,2014-01-01,2015-12-30,Friday,Viernes Promo 25% OFF
5209,1102,30.0,2014-01-01,2015-12-30,Tuesday,Martes Promo 30% OFF
5210,1102,25.0,2014-01-01,2015-12-30,Friday,Viernes Promo 25% OFF
5211,3832,30.0,2014-01-01,2015-12-30,Tuesday,Martes Promo 30% OFF
5212,3832,25.0,2014-01-01,2015-12-30,Friday,Viernes Promo 25% OFF
5213,3483,30.0,2014-01-01,2015-12-30,Tuesday,Martes Promo 30% OFF
5214,3483,25.0,2014-01-01,2015-12-30,Friday,Viernes Promo 25% OFF
5215,3571,30.0,2014-01-01,2015-12-30,Tuesday,Martes Promo 30% OFF
5216,3571,25.0,2014-01-01,2015-12-30,Friday,Viernes Promo 25% OFF
5217,49,30.0,2014-01-01,2015-12-30,Tuesday,Martes Promo 30% OFF
5218,49,25.0,2014-01-01,2015-12-30,Friday,Viernes Promo 25% OFF
5219,3010,30.0,2014-01-01,2015-12-30,Tuesday,Martes Promo 30% OFF
5220,3010,25.0,2014-01-01,2015-12-30,Friday,Viernes Promo 25% OFF
5221,920,30.0,2014-01-01,2015-12-30,Tuesday,Martes Promo 30% OFF
5222,920,25.0,2014-01-01,2015-12-30,Friday,Viernes Promo 25% OFF
5223,2046,30.0,2014-01-01,2015-12-30,Tuesday,Martes Promo 30% OFF
5224,2046,25.0,2014-01-01,2015-12-30,Friday,Viernes Promo 25% OFF
5225,3853,30.0,2014-01-01,2015-12-30,Tuesday,Martes Promo 30% OFF
5226,3853,25.0,2014-01-01,2015-12-30,Friday,Viernes Promo 25% OFF
5227,2584,30.0,2014-01-01,2015-12-30,Tuesday,Martes Promo 30% OFF
5228,2584,25.0,2014-01-01,2015-12-30,Friday,Viernes Promo 25% OFF
5229,152,30.0,2014-01-01,2015-12-30,Tuesday,Martes Promo 30% OFF
5230,152,25.0,2014-01-01,2015-12-30,Friday,Viernes Promo 25% OFF
5231,1997,30.0,2014-01-01,2015-12-30,Tuesday,Martes Promo 30% OFF
5232,1997,25.0,2014-01-01,2015-12-30,Friday,Viernes Promo 25% OFF
5233,1521,30.0,2014-01-01,2015-12-30,Tuesday,Martes Promo 30% OFF
5234,1521,25.0,2014-01-01,2015-12-30,Friday,Viernes Promo 25% OFF
5235,3330,30.0,2014-01-01,2015-12-30,Tuesday,Martes Promo 30% OFF
5236,3330,25.0,2014-01-01,2015-12-30,Friday,Viernes Promo 25% OFF
5237,1278,30.0,2014-01-01,2015-12-30,Tuesday,Martes Promo 30% OFF
5238,1278,25.0,2014-01-01,2015-12-30,Friday,Viernes Promo 25% OFF
5239,1553,30.0,2014-01-01,2015-12-30,Tuesday,Martes Promo 30% OFF
5240,1553,25.0,2014-01-01,2015-12-30,Friday,Viernes Promo 25% OFF
5241,3745,30.0,2014-01-01,2015-12-30,Tuesday,Martes Promo 30% OFF
5242,3745,25.0,2014-01-01,2015-12-30,Friday,Viernes Promo 25% OFF
5243,3367,30.0,2014-01-01,2015-12-30,Tuesday,Martes Promo 30% OFF
5244,3367,25.0,2014-01-01,2015-12-30,Friday,Viernes Promo 25% OFF
5245,1474,30.0,2014-01-01,2015-12-30,Tuesday,Martes Promo 30% OFF
5246,1474,25.0,2014-01-01,2015-12-30,Friday,Viernes Promo 25% OFF
5247,1517,30.0,2014-01-01,2015-12-30,Tuesday,Martes Promo 30% OFF
5248,1517,25.0,2014-01-01,2015-12-30,Friday,Viernes Promo 25% OFF
5249,341,30.0,2014-01-01,2015-12-30,Tuesday,Martes Promo 30% OFF
5250,341,25.0,2014-01-01,2015-12-30,Friday,Viernes Promo 25% OFF
5251,18,30.0,2014-01-01,2015-12-30,Tuesday,Martes Promo 30% OFF
5252,18,25.0,2014-01-01,2015-12-30,Friday,Viernes Promo 25% OFF
5253,4018,30.0,2014-01-01,2015-12-30,Tuesday,Martes Promo 30% OFF
5254,4018,25.0,2014-01-01,2015-12-30,Friday,Viernes Promo 25% OFF
5255,3187,30.0,2014-01-01,2015-12-30,Tuesday,Martes Promo 30% OFF
5256,3187,25.0,2014-01-01,2015-12-30,Friday,Viernes Promo 25% OFF
5257,415,30.0,2014-01-01,2015-12-30,Tuesday,Martes Promo 30% OFF
5258,415,25.0,2014-01-01,2015-12-30,Friday,Viernes Promo 25% OFF
5259,2648,30.0,2014-01-01,2015-12-30,Tuesday,Martes Promo 30% OFF
5260,2648,25.0,2014-01-01,2015-12-30,Friday,Viernes Promo 25% OFF
5261,110,30.0,2014-01-01,2015-12-30,Tuesday,Martes Promo 30% OFF
5262,110,25.0,2014-01-01,2015-12-30,Friday,Viernes Promo 25% OFF
5263,2467,30.0,2014-01-01,2015-12-30,Tuesday,Martes Promo 30% OFF
5264,2467,25.0,2014-01-01,2015-12-30,Friday,Viernes Promo 25% OFF
5265,1751,30.0,2014-01-01,2015-12-30,Tuesday,Martes Promo 30% OFF
5266,1751,25.0,2014-01-01,2015-12-30,Friday,Viernes Promo 25% OFF
5267,3608,30.0,2014-01-01,2015-12-30,Tuesday,Martes Promo 30% OFF
5268,3608,25.0,2014-01-01,2015-12-30,Friday,Viernes Promo 25% OFF
5269,2274,30.0,2014-01-01,2015-12-30,Tuesday,Martes Promo 30% OFF
5270,2274,25.0,2014-01-01,2015-12-30,Friday,Viernes Promo 25% OFF
5271,3760,30.0,2014-01-01,2015-12-30,Tuesday,Martes Promo 30% OFF
5272,3760,25.0,2014-01-01,2015-12-30,Friday,Viernes Promo 25% OFF
5273,1142,30.0,2014-01-01,2015-12-30,Tuesday,Martes Promo 30% OFF
5274,1142,25.0,2014-01-01,2015-12-30,Friday,Viernes Promo 25% OFF
5275,694,30.0,2014-01-01,2015-12-30,Tuesday,Martes Promo 30% OFF
5276,694,25.0,2014-01-01,2015-12-30,Friday,Viernes Promo 25% OFF
5277,3856,30.0,2014-01-01,2015-12-30,Tuesday,Martes Promo 30% OFF
5278,3856,25.0,2014-01-01,2015-12-30,Friday,Viernes Promo 25% OFF
5279,884,30.0,2014-01-01,2015-12-30,Tuesday,Martes Promo 30% OFF
5280,884,25.0,2014-01-01,2015-12-30,Friday,Viernes Promo 25% OFF
5281,490,30.0,2014-01-01,2015-12-30,Tuesday,Martes Promo 30% OFF
5282,490,25.0,2014-01-01,2015-12-30,Friday,Viernes Promo 25% OFF
5283,603,30.0,2014-01-01,2015-12-30,Tuesday,Martes Promo 30% OFF
5284,603,25.0,2014-01-01,2015-12-30,Friday,Viernes Promo 25% OFF
5285,1495,30.0,2014-01-01,2015-12-30,Tuesday,Martes Promo 30% OFF
5286,1495,25.0,2014-01-01,2015-12-30,Friday,Viernes Promo 25% OFF
5287,2594,30.0,2014-01-01,2015-12-30,Tuesday,Martes Promo 30% OFF
5288,2594,25.0,2014-01-01,2015-12-30,Friday,Viernes Promo 25% OFF
5289,1445,30.0,2014-01-01,2015-12-30,Tuesday,Martes Promo 30% OFF
5290,1445,25.0,2014-01-01,2015-12-30,Friday,Viernes Promo 25% OFF
5291,2573,30.0,2014-01-01,2015-12-30,Tuesday,Martes Promo 30% OFF
5292,2573,25.0,2014-01-01,2015-12-30,Friday,Viernes Promo 25% OFF
5293,693,30.0,2014-01-01,2015-12-30,Tuesday,Martes Promo 30% OFF
5294,693,25.0,2014-01-01,2015-12-30,Friday,Viernes Promo 25% OFF
5295,515,30.0,2014-01-01,2015-12-30,Tuesday,Martes Promo 30% OFF
5296,515,25.0,2014-01-01,2015-12-30,Friday,Viernes Promo 25% OFF
5297,2655,30.0,2014-01-01,2015-12-30,Tuesday,Martes Promo 30% OFF
5298,2655,25.0,2014-01-01,2015-12-30,Friday,Viernes Promo 25% OFF
5299,2079,30.0,2014-01-01,2015-12-30,Tuesday,Martes Promo 30% OFF
5300,2079,25.0,2014-01-01,2015-12-30,Friday,Viernes Promo 25% OFF
5301,2483,30.0,2014-01-01,2015-12-30,Tuesday,Martes Promo 30% OFF
5302,2483,25.0,2014-01-01,2015-12-30,Friday,Viernes Promo 25% OFF
5303,3579,30.0,2014-01-01,2015-12-30,Tuesday,Martes Promo 30% OFF
5304,3579,25.0,2014-01-01,2015-12-30,Friday,Viernes Promo 25% OFF
5305,2221,30.0,2014-01-01,2015-12-30,Tuesday,Martes Promo 30% OFF
5306,2221,25.0,2014-01-01,2015-12-30,Friday,Viernes Promo 25% OFF
5307,1744,30.0,2014-01-01,2015-12-30,Tuesday,Martes Promo 30% OFF
5308,1744,25.0,2014-01-01,2015-12-30,Friday,Viernes Promo 25% OFF
5309,3061,30.0,2014-01-01,2015-12-30,Tuesday,Martes Promo 30% OFF
5310,3061,25.0,2014-01-01,2015-12-30,Friday,Viernes Promo 25% OFF
5311,2123,30.0,2014-01-01,2015-12-30,Tuesday,Martes Promo 30% OFF
5312,2123,25.0,2014-01-01,2015-12-30,Friday,Viernes Promo 25% OFF
5313,2088,30.0,2014-01-01,2015-12-30,Tuesday,Martes Promo 30% OFF
5314,2088,25.0,2014-01-01,2015-12-30,Friday,Viernes Promo 25% OFF
5315,2029,30.0,2014-01-01,2015-12-30,Tuesday,Martes Promo 30% OFF
5316,2029,25.0,2014-01-01,2015-12-30,Friday,Viernes Promo 25% OFF
5317,873,30.0,2014-01-01,2015-12-30,Tuesday,Martes Promo 30% OFF
5318,873,25.0,2014-01-01,2015-12-30,Friday,Viernes Promo 25% OFF
5319,1450,30.0,2014-01-01,2015-12-30,Tuesday,Martes Promo 30% OFF
5320,1450,25.0,2014-01-01,2015-12-30,Friday,Viernes Promo 25% OFF
5321,533,30.0,2014-01-01,2015-12-30,Tuesday,Martes Promo 30% OFF
5322,533,25.0,2014-01-01,2015-12-30,Friday,Viernes Promo 25% OFF
5323,3877,30.0,2014-01-01,2015-12-30,Tuesday,Martes Promo 30% OFF
5324,3877,25.0,2014-01-01,2015-12-30,Friday,Viernes Promo 25% OFF
5325,1281,30.0,2014-01-01,2015-12-30,Tuesday,Martes Promo 30% OFF
5326,1281,25.0,2014-01-01,2015-12-30,Friday,Viernes Promo 25% OFF
5327,611,30.0,2014-01-01,2015-12-30,Tuesday,Martes Promo 30% OFF
5328,611,25.0,2014-01-01,2015-12-30,Friday,Viernes Promo 25% OFF
5329,1747,30.0,2014-01-01,2015-12-30,Tuesday,Martes Promo 30% OFF
5330,1747,25.0,2014-01-01,2015-12-30,Friday,Viernes Promo 25% OFF
5331,122,30.0,2014-01-01,2015-12-30,Tuesday,Martes Promo 30% OFF
5332,122,25.0,2014-01-01,2015-12-30,Friday,Viernes Promo 25% OFF
5333,2681,30.0,2014-01-01,2015-12-30,Tuesday,Martes Promo 30% OFF
5334,2681,25.0,2014-01-01,2015-12-30,Friday,Viernes Promo 25% OFF
5335,3843,30.0,2014-01-01,2015-12-30,Tuesday,Martes Promo 30% OFF
5336,3843,25.0,2014-01-01,2015-12-30,Friday,Viernes Promo 25% OFF
5337,1536,30.0,2014-01-01,2015-12-30,Tuesday,Martes Promo 30% OFF
5338,1536,25.0,2014-01-01,2015-12-30,Friday,Viernes Promo 25% OFF
5339,570,30.0,2014-01-01,2015-12-30,Tuesday,Martes Promo 30% OFF
5340,570,25.0,2014-01-01,2015-12-30,Friday,Viernes Promo 25% OFF
5341,1259,30.0,2014-01-01,2015-12-30,Tuesday,Martes Promo 30% OFF
5342,1259,25.0,2014-01-01,2015-12-30,Friday,Viernes Promo 25% OFF
5343,446,30.0,2014-01-01,2015-12-30,Tuesday,Martes Promo 30% OFF
5344,446,25.0,2014-01-01,2015-12-30,Friday,Viernes Promo 25% OFF
5345,1787,30.0,2014-01-01,2015-12-30,Tuesday,Martes Promo 30% OFF
5346,1787,25.0,2014-01-01,2015-12-30,Friday,Viernes Promo 25% OFF
5347,2995,30.0,2014-01-01,2015-12-30,Tuesday,Martes Promo 30% OFF
5348,2995,25.0,2014-01-01,2015-12-30,Friday,Viernes Promo 25% OFF
5349,2102,30.0,2014-01-01,2015-12-30,Tuesday,Martes Promo 30% OFF
5350,2102,25.0,2014-01-01,2015-12-30,Friday,Viernes Promo 25% OFF
5351,2380,30.0,2014-01-01,2015-12-30,Tuesday,Martes Promo 30% OFF
5352,2380,25.0,2014-01-01,2015-12-30,Friday,Viernes Promo 25% OFF
5353,1316,30.0,2014-01-01,2015-12-30,Tuesday,Martes Promo 30% OFF
5354,1316,25.0,2014-01-01,2015-12-30,Friday,Viernes Promo 25% OFF
5355,2035,30.0,2014-01-01,2015-12-30,Tuesday,Martes Promo 30% OFF
5356,2035,25.0,2014-01-01,2015-12-30,Friday,Viernes Promo 25% OFF
5357,3467,30.0,2014-01-01,2015-12-30,Tuesday,Martes Promo 30% OFF
5358,3467,25.0,2014-01-01,2015-12-30,Friday,Viernes Promo 25% OFF
5359,232,30.0,2014-01-01,2015-12-30,Tuesday,Martes Promo 30% OFF
5360,232,25.0,2014-01-01,2015-12-30,Friday,Viernes Promo 25% OFF
5361,2032,30.0,2014-01-01,2015-12-30,Tuesday,Martes Promo 30% OFF
5362,2032,25.0,2014-01-01,2015-12-30,Friday,Viernes Promo 25% OFF
5363,344,30.0,2014-01-01,2015-12-30,Tuesday,Martes Promo 30% OFF
5364,344,25.0,2014-01-01,2015-12-30,Friday,Viernes Promo 25% OFF
5365,875,30.0,2014-01-01,2015-12-30,Tuesday,Martes Promo 30% OFF
5366,875,25.0,2014-01-01,2015-12-30,Friday,Viernes Promo 25% OFF
5367,385,30.0,2014-01-01,2015-12-30,Tuesday,Martes Promo 30% OFF
5368,385,25.0,2014-01-01,2015-12-30,Friday,Viernes Promo 25% OFF
5369,349,30.0,2014-01-01,2015-12-30,Tuesday,Martes Promo 30% OFF
5370,349,25.0,2014-01-01,2015-12-30,Friday,Viernes Promo 25% OFF
5371,3880,30.0,2014-01-01,2015-12-30,Tuesday,Martes Promo 30% OFF
5372,3880,25.0,2014-01-01,2015-12-30,Friday,Viernes Promo 25% OFF
5373,3878,30.0,2014-01-01,2015-12-30,Tuesday,Martes Promo 30% OFF
5374,3878,25.0,2014-01-01,2015-12-30,Friday,Viernes Promo 25% OFF
5375,384,30.0,2014-01-01,2015-12-30,Tuesday,Martes Promo 30% OFF
5376,384,25.0,2014-01-01,2015-12-30,Friday,Viernes Promo 25% OFF
5377,2234,30.0,2014-01-01,2015-12-30,Tuesday,Martes Promo 30% OFF
5378,2234,25.0,2014-01-01,2015-12-30,Friday,Viernes Promo 25% OFF
5379,3525,30.0,2014-01-01,2015-12-30,Tuesday,Martes Promo 30% OFF
5380,3525,25.0,2014-01-01,2015-12-30,Friday,Viernes Promo 25% OFF
5381,1980,30.0,2014-01-01,2015-12-30,Tuesday,Martes Promo 30% OFF
5382,1980,25.0,2014-01-01,2015-12-30,Friday,Viernes Promo 25% OFF
5383,2654,30.0,2014-01-01,2015-12-30,Tuesday,Martes Promo 30% OFF
5384,2654,25.0,2014-01-01,2015-12-30,Friday,Viernes Promo 25% OFF
5385,1432,30.0,2014-01-01,2015-12-30,Tuesday,Martes Promo 30% OFF
5386,1432,25.0,2014-01-01,2015-12-30,Friday,Viernes Promo 25% OFF
5387,2569,30.0,2014-01-01,2015-12-30,Tuesday,Martes Promo 30% OFF
5388,2569,25.0,2014-01-01,2015-12-30,Friday,Viernes Promo 25% OFF
5389,2734,30.0,2014-01-01,2015-12-30,Tuesday,Martes Promo 30% OFF
5390,2734,25.0,2014-01-01,2015-12-30,Friday,Viernes Promo 25% OFF
5391,506,30.0,2014-01-01,2015-12-30,Tuesday,Martes Promo 30% OFF
5392,506,25.0,2014-01-01,2015-12-30,Friday,Viernes Promo 25% OFF
5393,3332,30.0,2014-01-01,2015-12-30,Tuesday,Martes Promo 30% OFF
5394,3332,25.0,2014-01-01,2015-12-30,Friday,Viernes Promo 25% OFF
5395,3313,30.0,2014-01-01,2015-12-30,Tuesday,Martes Promo 30% OFF
5396,3313,25.0,2014-01-01,2015-12-30,Friday,Viernes Promo 25% OFF
5397,1251,30.0,2014-01-01,2015-12-30,Tuesday,Martes Promo 30% OFF
5398,1251,25.0,2014-01-01,2015-12-30,Friday,Viernes Promo 25% OFF
5399,1788,30.0,2014-01-01,2015-12-30,Tuesday,Martes Promo 30% OFF
5400,1788,25.0,2014-01-01,2015-12-30,Friday,Viernes Promo 25% OFF
5401,1525,30.0,2014-01-01,2015-12-30,Tuesday,Martes Promo 30% OFF
5402,1525,25.0,2014-01-01,2015-12-30,Friday,Viernes Promo 25% OFF
5403,1778,30.0,2014-01-01,2015-12-30,Tuesday,Martes Promo 30% OFF
5404,1778,25.0,2014-01-01,2015-12-30,Friday,Viernes Promo 25% OFF
5405,2636,30.0,2014-01-01,2015-12-30,Tuesday,Martes Promo 30% OFF
5406,2636,25.0,2014-01-01,2015-12-30,Friday,Viernes Promo 25% OFF
5407,2601,30.0,2014-01-01,2015-12-30,Tuesday,Martes Promo 30% OFF
5408,2601,25.0,2014-01-01,2015-12-30,Friday,Viernes Promo 25% OFF
5409,2549,30.0,2014-01-01,2015-12-30,Tuesday,Martes Promo 30% OFF
5410,2549,25.0,2014-01-01,2015-12-30,Friday,Viernes Promo 25% OFF
5411,2212,30.0,2014-01-01,2015-12-30,Tuesday,Martes Promo 30% OFF
5412,2212,25.0,2014-01-01,2015-12-30,Friday,Viernes Promo 25% OFF
5413,2922,30.0,2014-01-01,2015-12-30,Tuesday,Martes Promo 30% OFF
5414,2922,25.0,2014-01-01,2015-12-30,Friday,Viernes Promo 25% OFF
5415,1631,30.0,2014-01-01,2015-12-30,Tuesday,Martes Promo 30% OFF
5416,1631,25.0,2014-01-01,2015-12-30,Friday,Viernes Promo 25% OFF
5417,2400,30.0,2014-01-01,2015-12-30,Tuesday,Martes Promo 30% OFF
5418,2400,25.0,2014-01-01,2015-12-30,Friday,Viernes Promo 25% OFF
5419,1625,30.0,2014-01-01,2015-12-30,Tuesday,Martes Promo 30% OFF
5420,1625,25.0,2014-01-01,2015-12-30,Friday,Viernes Promo 25% OFF
5421,3170,30.0,2014-01-01,2015-12-30,Tuesday,Martes Promo 30% OFF
5422,3170,25.0,2014-01-01,2015-12-30,Friday,Viernes Promo 25% OFF
5423,3610,30.0,2014-01-01,2015-12-30,Tuesday,Martes Promo 30% OFF
5424,3610,25.0,2014-01-01,2015-12-30,Friday,Viernes Promo 25% OFF
5425,3613,30.0,2014-01-01,2015-12-30,Tuesday,Martes Promo 30% OFF
5426,3613,25.0,2014-01-01,2015-12-30,Friday,Viernes Promo 25% OFF
5427,3616,30.0,2014-01-01,2015-12-30,Tuesday,Martes Promo 30% OFF
5428,3616,25.0,2014-01-01,2015-12-30,Friday,Viernes Promo 25% OFF
5429,3621,30.0,2014-01-01,2015-12-30,Tuesday,Martes Promo 30% OFF
5430,3621,25.0,2014-01-01,2015-12-30,Friday,Viernes Promo 25% OFF
5431,3618,30.0,2014-01-01,2015-12-30,Tuesday,Martes Promo 30% OFF
5432,3618,25.0,2014-01-01,2015-12-30,Friday,Viernes Promo 25% OFF
5433,3615,30.0,2014-01-01,2015-12-30,Tuesday,Martes Promo 30% OFF
5434,3615,25.0,2014-01-01,2015-12-30,Friday,Viernes Promo 25% OFF
5435,3612,30.0,2014-01-01,2015-12-30,Tuesday,Martes Promo 30% OFF
5436,3612,25.0,2014-01-01,2015-12-30,Friday,Viernes Promo 25% OFF
5437,1449,30.0,2014-01-01,2015-12-30,Tuesday,Martes Promo 30% OFF
5438,1449,25.0,2014-01-01,2015-12-30,Friday,Viernes Promo 25% OFF
5439,2923,30.0,2014-01-01,2015-12-30,Tuesday,Martes Promo 30% OFF
5440,2923,25.0,2014-01-01,2015-12-30,Friday,Viernes Promo 25% OFF
5441,2719,30.0,2014-01-01,2015-12-30,Tuesday,Martes Promo 30% OFF
5442,2719,25.0,2014-01-01,2015-12-30,Friday,Viernes Promo 25% OFF
5443,2899,30.0,2014-01-01,2015-12-30,Tuesday,Martes Promo 30% OFF
5444,2899,25.0,2014-01-01,2015-12-30,Friday,Viernes Promo 25% OFF
5445,3614,30.0,2014-01-01,2015-12-30,Tuesday,Martes Promo 30% OFF
5446,3614,25.0,2014-01-01,2015-12-30,Friday,Viernes Promo 25% OFF
5447,3617,30.0,2014-01-01,2015-12-30,Tuesday,Martes Promo 30% OFF
5448,3617,25.0,2014-01-01,2015-12-30,Friday,Viernes Promo 25% OFF
5449,3622,30.0,2014-01-01,2015-12-30,Tuesday,Martes Promo 30% OFF
5450,3622,25.0,2014-01-01,2015-12-30,Friday,Viernes Promo 25% OFF
5451,2399,30.0,2014-01-01,2015-12-30,Tuesday,Martes Promo 30% OFF
5452,2399,25.0,2014-01-01,2015-12-30,Friday,Viernes Promo 25% OFF
5453,3619,30.0,2014-01-01,2015-12-30,Tuesday,Martes Promo 30% OFF
5454,3619,25.0,2014-01-01,2015-12-30,Friday,Viernes Promo 25% OFF
5455,3611,30.0,2014-01-01,2015-12-30,Tuesday,Martes Promo 30% OFF
5456,3611,25.0,2014-01-01,2015-12-30,Friday,Viernes Promo 25% OFF
5457,2906,30.0,2014-01-01,2015-12-30,Tuesday,Martes Promo 30% OFF
5458,2906,25.0,2014-01-01,2015-12-30,Friday,Viernes Promo 25% OFF
5459,1365,30.0,2014-01-01,2015-12-30,Tuesday,Martes Promo 30% OFF
5460,1365,25.0,2014-01-01,2015-12-30,Friday,Viernes Promo 25% OFF
5461,1410,30.0,2014-01-01,2015-12-30,Tuesday,Martes Promo 30% OFF
5462,1410,25.0,2014-01-01,2015-12-30,Friday,Viernes Promo 25% OFF
5463,1075,30.0,2014-01-01,2015-12-30,Tuesday,Martes Promo 30% OFF
5464,1075,25.0,2014-01-01,2015-12-30,Friday,Viernes Promo 25% OFF
5465,715,30.0,2014-01-01,2015-12-30,Tuesday,Martes Promo 30% OFF
5466,715,25.0,2014-01-01,2015-12-30,Friday,Viernes Promo 25% OFF
5467,717,30.0,2014-01-01,2015-12-30,Tuesday,Martes Promo 30% OFF
5468,717,25.0,2014-01-01,2015-12-30,Friday,Viernes Promo 25% OFF
5469,3011,30.0,2014-01-01,2015-12-30,Tuesday,Martes Promo 30% OFF
5470,3011,25.0,2014-01-01,2015-12-30,Friday,Viernes Promo 25% OFF
5471,2754,30.0,2014-01-01,2015-12-30,Tuesday,Martes Promo 30% OFF
5472,2754,25.0,2014-01-01,2015-12-30,Friday,Viernes Promo 25% OFF
5473,502,30.0,2014-01-01,2015-12-30,Tuesday,Martes Promo 30% OFF
5474,502,25.0,2014-01-01,2015-12-30,Friday,Viernes Promo 25% OFF
5475,1509,30.0,2014-01-01,2015-12-30,Tuesday,Martes Promo 30% OFF
5476,1509,25.0,2014-01-01,2015-12-30,Friday,Viernes Promo 25% OFF
5477,3879,30.0,2014-01-01,2015-12-30,Tuesday,Martes Promo 30% OFF
5478,3879,25.0,2014-01-01,2015-12-30,Friday,Viernes Promo 25% OFF
5479,3308,30.0,2014-01-01,2015-12-30,Tuesday,Martes Promo 30% OFF
5480,3308,25.0,2014-01-01,2015-12-30,Friday,Viernes Promo 25% OFF
5481,2226,30.0,2014-01-01,2015-12-30,Tuesday,Martes Promo 30% OFF
5482,2226,25.0,2014-01-01,2015-12-30,Friday,Viernes Promo 25% OFF
5483,1464,30.0,2014-01-01,2015-12-30,Tuesday,Martes Promo 30% OFF
5484,1464,25.0,2014-01-01,2015-12-30,Friday,Viernes Promo 25% OFF
5485,3294,30.0,2014-01-01,2015-12-30,Tuesday,Martes Promo 30% OFF
5486,3294,25.0,2014-01-01,2015-12-30,Friday,Viernes Promo 25% OFF
5487,2227,30.0,2014-01-01,2015-12-30,Tuesday,Martes Promo 30% OFF
5488,2227,25.0,2014-01-01,2015-12-30,Friday,Viernes Promo 25% OFF
5489,2099,30.0,2014-01-01,2015-12-30,Tuesday,Martes Promo 30% OFF
5490,2099,25.0,2014-01-01,2015-12-30,Friday,Viernes Promo 25% OFF
5491,862,30.0,2014-01-01,2015-12-30,Tuesday,Martes Promo 30% OFF
5492,862,25.0,2014-01-01,2015-12-30,Friday,Viernes Promo 25% OFF
5493,2767,30.0,2014-01-01,2015-12-30,Tuesday,Martes Promo 30% OFF
5494,2767,25.0,2014-01-01,2015-12-30,Friday,Viernes Promo 25% OFF
5495,1466,30.0,2014-01-01,2015-12-30,Tuesday,Martes Promo 30% OFF
5496,1466,25.0,2014-01-01,2015-12-30,Friday,Viernes Promo 25% OFF
5497,1467,30.0,2014-01-01,2015-12-30,Tuesday,Martes Promo 30% OFF
5498,1467,25.0,2014-01-01,2015-12-30,Friday,Viernes Promo 25% OFF
5499,2519,30.0,2014-01-01,2015-12-30,Tuesday,Martes Promo 30% OFF
5500,2519,25.0,2014-01-01,2015-12-30,Friday,Viernes Promo 25% OFF
5501,2311,30.0,2014-01-01,2015-12-30,Tuesday,Martes Promo 30% OFF
5502,2311,25.0,2014-01-01,2015-12-30,Friday,Viernes Promo 25% OFF
5503,3536,30.0,2014-01-01,2015-12-30,Tuesday,Martes Promo 30% OFF
5504,3536,25.0,2014-01-01,2015-12-30,Friday,Viernes Promo 25% OFF
5505,2023,30.0,2014-01-01,2015-12-30,Tuesday,Martes Promo 30% OFF
5506,2023,25.0,2014-01-01,2015-12-30,Friday,Viernes Promo 25% OFF
5507,718,30.0,2014-01-01,2015-12-30,Tuesday,Martes Promo 30% OFF
5508,718,25.0,2014-01-01,2015-12-30,Friday,Viernes Promo 25% OFF
5509,716,30.0,2014-01-01,2015-12-30,Tuesday,Martes Promo 30% OFF
5510,716,25.0,2014-01-01,2015-12-30,Friday,Viernes Promo 25% OFF
5511,1538,30.0,2014-01-01,2015-12-30,Tuesday,Martes Promo 30% OFF
5512,1538,25.0,2014-01-01,2015-12-30,Friday,Viernes Promo 25% OFF
5513,1548,30.0,2014-01-01,2015-12-30,Tuesday,Martes Promo 30% OFF
5514,1548,25.0,2014-01-01,2015-12-30,Friday,Viernes Promo 25% OFF
5515,3942,30.0,2014-01-01,2015-12-30,Tuesday,Martes Promo 30% OFF
5516,3942,25.0,2014-01-01,2015-12-30,Friday,Viernes Promo 25% OFF
5517,3547,30.0,2014-01-01,2015-12-30,Tuesday,Martes Promo 30% OFF
5518,3547,25.0,2014-01-01,2015-12-30,Friday,Viernes Promo 25% OFF
5519,3033,30.0,2014-01-01,2015-12-30,Tuesday,Martes Promo 30% OFF
5520,3033,25.0,2014-01-01,2015-12-30,Friday,Viernes Promo 25% OFF
5521,1653,30.0,2014-01-01,2015-12-30,Tuesday,Martes Promo 30% OFF
5522,1653,25.0,2014-01-01,2015-12-30,Friday,Viernes Promo 25% OFF
5523,2640,30.0,2014-01-01,2015-12-30,Tuesday,Martes Promo 30% OFF
5524,2640,25.0,2014-01-01,2015-12-30,Friday,Viernes Promo 25% OFF
5525,3593,30.0,2014-01-01,2015-12-30,Tuesday,Martes Promo 30% OFF
5526,3593,25.0,2014-01-01,2015-12-30,Friday,Viernes Promo 25% OFF
5527,1947,30.0,2014-01-01,2015-12-30,Tuesday,Martes Promo 30% OFF
5528,1947,25.0,2014-01-01,2015-12-30,Friday,Viernes Promo 25% OFF
5529,2225,30.0,2014-01-01,2015-12-30,Tuesday,Martes Promo 30% OFF
5530,2225,25.0,2014-01-01,2015-12-30,Friday,Viernes Promo 25% OFF
5531,2222,30.0,2014-01-01,2015-12-30,Tuesday,Martes Promo 30% OFF
5532,2222,25.0,2014-01-01,2015-12-30,Friday,Viernes Promo 25% OFF
5533,3268,30.0,2014-01-01,2015-12-30,Tuesday,Martes Promo 30% OFF
5534,3268,25.0,2014-01-01,2015-12-30,Friday,Viernes Promo 25% OFF
5535,1829,30.0,2014-01-01,2015-12-30,Tuesday,Martes Promo 30% OFF
5536,1829,25.0,2014-01-01,2015-12-30,Friday,Viernes Promo 25% OFF
5537,2540,30.0,2014-01-01,2015-12-30,Tuesday,Martes Promo 30% OFF
5538,2540,25.0,2014-01-01,2015-12-30,Friday,Viernes Promo 25% OFF
5539,3481,30.0,2014-01-01,2015-12-30,Tuesday,Martes Promo 30% OFF
5540,3481,25.0,2014-01-01,2015-12-30,Friday,Viernes Promo 25% OFF
5541,2626,30.0,2014-01-01,2015-12-30,Tuesday,Martes Promo 30% OFF
5542,2626,25.0,2014-01-01,2015-12-30,Friday,Viernes Promo 25% OFF
5543,308,30.0,2014-01-01,2015-12-30,Tuesday,Martes Promo 30% OFF
5544,308,25.0,2014-01-01,2015-12-30,Friday,Viernes Promo 25% OFF
5545,1580,30.0,2014-01-01,2015-12-30,Tuesday,Martes Promo 30% OFF
5546,1580,25.0,2014-01-01,2015-12-30,Friday,Viernes Promo 25% OFF
5547,1680,30.0,2014-01-01,2015-12-30,Tuesday,Martes Promo 30% OFF
5548,1680,25.0,2014-01-01,2015-12-30,Friday,Viernes Promo 25% OFF
5549,3402,30.0,2014-01-01,2015-12-30,Tuesday,Martes Promo 30% OFF
5550,3402,25.0,2014-01-01,2015-12-30,Friday,Viernes Promo 25% OFF
5551,2562,30.0,2014-01-01,2015-12-30,Tuesday,Martes Promo 30% OFF
5552,2562,25.0,2014-01-01,2015-12-30,Friday,Viernes Promo 25% OFF
5553,289,30.0,2014-01-01,2015-12-30,Tuesday,Martes Promo 30% OFF
5554,289,25.0,2014-01-01,2015-12-30,Friday,Viernes Promo 25% OFF
5555,1404,30.0,2014-01-01,2015-12-30,Tuesday,Martes Promo 30% OFF
5556,1404,25.0,2014-01-01,2015-12-30,Friday,Viernes Promo 25% OFF
5557,2735,30.0,2014-01-01,2015-12-30,Tuesday,Martes Promo 30% OFF
5558,2735,25.0,2014-01-01,2015-12-30,Friday,Viernes Promo 25% OFF
5559,3827,30.0,2014-01-01,2015-12-30,Tuesday,Martes Promo 30% OFF
5560,3827,25.0,2014-01-01,2015-12-30,Friday,Viernes Promo 25% OFF
5561,2572,30.0,2014-01-01,2015-12-30,Tuesday,Martes Promo 30% OFF
5562,2572,25.0,2014-01-01,2015-12-30,Friday,Viernes Promo 25% OFF
5563,2152,30.0,2014-01-01,2015-12-30,Tuesday,Martes Promo 30% OFF
5564,2152,25.0,2014-01-01,2015-12-30,Friday,Viernes Promo 25% OFF
5565,3589,30.0,2014-01-01,2015-12-30,Tuesday,Martes Promo 30% OFF
5566,3589,25.0,2014-01-01,2015-12-30,Friday,Viernes Promo 25% OFF
5567,3361,30.0,2014-01-01,2015-12-30,Tuesday,Martes Promo 30% OFF
5568,3361,25.0,2014-01-01,2015-12-30,Friday,Viernes Promo 25% OFF
5569,2401,30.0,2014-01-01,2015-12-30,Tuesday,Martes Promo 30% OFF
5570,2401,25.0,2014-01-01,2015-12-30,Friday,Viernes Promo 25% OFF
5571,3626,30.0,2014-01-01,2015-12-30,Tuesday,Martes Promo 30% OFF
5572,3626,25.0,2014-01-01,2015-12-30,Friday,Viernes Promo 25% OFF
5573,551,30.0,2014-01-01,2015-12-30,Tuesday,Martes Promo 30% OFF
5574,551,25.0,2014-01-01,2015-12-30,Friday,Viernes Promo 25% OFF
5575,1590,30.0,2014-01-01,2015-12-30,Tuesday,Martes Promo 30% OFF
5576,1590,25.0,2014-01-01,2015-12-30,Friday,Viernes Promo 25% OFF
5577,111,30.0,2014-01-01,2015-12-30,Tuesday,Martes Promo 30% OFF
5578,111,25.0,2014-01-01,2015-12-30,Friday,Viernes Promo 25% OFF
5579,2398,30.0,2014-01-01,2015-12-30,Tuesday,Martes Promo 30% OFF
5580,2398,25.0,2014-01-01,2015-12-30,Friday,Viernes Promo 25% OFF
5581,1020,30.0,2014-01-01,2015-12-30,Tuesday,Martes Promo 30% OFF
5582,1020,25.0,2014-01-01,2015-12-30,Friday,Viernes Promo 25% OFF
5583,1021,30.0,2014-01-01,2015-12-30,Tuesday,Martes Promo 30% OFF
5584,1021,25.0,2014-01-01,2015-12-30,Friday,Viernes Promo 25% OFF
5585,830,30.0,2014-01-01,2015-12-30,Tuesday,Martes Promo 30% OFF
5586,830,25.0,2014-01-01,2015-12-30,Friday,Viernes Promo 25% OFF
5587,1241,30.0,2014-01-01,2015-12-30,Tuesday,Martes Promo 30% OFF
5588,1241,25.0,2014-01-01,2015-12-30,Friday,Viernes Promo 25% OFF
5589,3945,30.0,2014-01-01,2015-12-30,Tuesday,Martes Promo 30% OFF
5590,3945,25.0,2014-01-01,2015-12-30,Friday,Viernes Promo 25% OFF
5591,1230,30.0,2014-01-01,2015-12-30,Tuesday,Martes Promo 30% OFF
5592,1230,25.0,2014-01-01,2015-12-30,Friday,Viernes Promo 25% OFF
5593,1240,30.0,2014-01-01,2015-12-30,Tuesday,Martes Promo 30% OFF
5594,1240,25.0,2014-01-01,2015-12-30,Friday,Viernes Promo 25% OFF
5595,1589,30.0,2014-01-01,2015-12-30,Tuesday,Martes Promo 30% OFF
5596,1589,25.0,2014-01-01,2015-12-30,Friday,Viernes Promo 25% OFF
5597,2191,30.0,2014-01-01,2015-12-30,Tuesday,Martes Promo 30% OFF
5598,2191,25.0,2014-01-01,2015-12-30,Friday,Viernes Promo 25% OFF
5599,832,30.0,2014-01-01,2015-12-30,Tuesday,Martes Promo 30% OFF
5600,832,25.0,2014-01-01,2015-12-30,Friday,Viernes Promo 25% OFF
5601,1790,30.0,2014-01-01,2015-12-30,Tuesday,Martes Promo 30% OFF
5602,1790,25.0,2014-01-01,2015-12-30,Friday,Viernes Promo 25% OFF
5603,2391,30.0,2014-01-01,2015-12-30,Tuesday,Martes Promo 30% OFF
5604,2391,25.0,2014-01-01,2015-12-30,Friday,Viernes Promo 25% OFF
5605,2516,30.0,2014-01-01,2015-12-30,Tuesday,Martes Promo 30% OFF
5606,2516,25.0,2014-01-01,2015-12-30,Friday,Viernes Promo 25% OFF
5607,3885,30.0,2014-01-01,2015-12-30,Tuesday,Martes Promo 30% OFF
5608,3885,25.0,2014-01-01,2015-12-30,Friday,Viernes Promo 25% OFF
5609,2207,30.0,2014-01-01,2015-12-30,Tuesday,Martes Promo 30% OFF
5610,2207,25.0,2014-01-01,2015-12-30,Friday,Viernes Promo 25% OFF
5611,225,30.0,2014-01-01,2015-12-30,Tuesday,Martes Promo 30% OFF
5612,225,25.0,2014-01-01,2015-12-30,Friday,Viernes Promo 25% OFF
5613,3648,30.0,2014-01-01,2015-12-30,Tuesday,Martes Promo 30% OFF
5614,3648,25.0,2014-01-01,2015-12-30,Friday,Viernes Promo 25% OFF
5615,1557,30.0,2014-01-01,2015-12-30,Tuesday,Martes Promo 30% OFF
5616,1557,25.0,2014-01-01,2015-12-30,Friday,Viernes Promo 25% OFF
5617,354,30.0,2014-01-01,2015-12-30,Tuesday,Martes Promo 30% OFF
5618,354,25.0,2014-01-01,2015-12-30,Friday,Viernes Promo 25% OFF
5619,447,30.0,2014-01-01,2015-12-30,Tuesday,Martes Promo 30% OFF
5620,447,25.0,2014-01-01,2015-12-30,Friday,Viernes Promo 25% OFF
5621,2781,30.0,2014-01-01,2015-12-30,Tuesday,Martes Promo 30% OFF
5622,2781,25.0,2014-01-01,2015-12-30,Friday,Viernes Promo 25% OFF
5623,2780,30.0,2014-01-01,2015-12-30,Tuesday,Martes Promo 30% OFF
5624,2780,25.0,2014-01-01,2015-12-30,Friday,Viernes Promo 25% OFF
5625,2779,30.0,2014-01-01,2015-12-30,Tuesday,Martes Promo 30% OFF
5626,2779,25.0,2014-01-01,2015-12-30,Friday,Viernes Promo 25% OFF
5627,2778,30.0,2014-01-01,2015-12-30,Tuesday,Martes Promo 30% OFF
5628,2778,25.0,2014-01-01,2015-12-30,Friday,Viernes Promo 25% OFF
5629,2782,30.0,2014-01-01,2015-12-30,Tuesday,Martes Promo 30% OFF
5630,2782,25.0,2014-01-01,2015-12-30,Friday,Viernes Promo 25% OFF
5631,2777,30.0,2014-01-01,2015-12-30,Tuesday,Martes Promo 30% OFF
5632,2777,25.0,2014-01-01,2015-12-30,Friday,Viernes Promo 25% OFF
5633,3016,30.0,2014-01-01,2015-12-30,Tuesday,Martes Promo 30% OFF
5634,3016,25.0,2014-01-01,2015-12-30,Friday,Viernes Promo 25% OFF
5635,1018,30.0,2014-01-01,2015-12-30,Tuesday,Martes Promo 30% OFF
5636,1018,25.0,2014-01-01,2015-12-30,Friday,Viernes Promo 25% OFF
5637,1375,30.0,2014-01-01,2015-12-30,Tuesday,Martes Promo 30% OFF
5638,1375,25.0,2014-01-01,2015-12-30,Friday,Viernes Promo 25% OFF
5639,553,30.0,2014-01-01,2015-12-30,Tuesday,Martes Promo 30% OFF
5640,553,25.0,2014-01-01,2015-12-30,Friday,Viernes Promo 25% OFF
5641,2543,30.0,2014-01-01,2015-12-30,Tuesday,Martes Promo 30% OFF
5642,2543,25.0,2014-01-01,2015-12-30,Friday,Viernes Promo 25% OFF
5643,358,30.0,2014-01-01,2015-12-30,Tuesday,Martes Promo 30% OFF
5644,358,25.0,2014-01-01,2015-12-30,Friday,Viernes Promo 25% OFF
5645,2744,30.0,2014-01-01,2015-12-30,Tuesday,Martes Promo 30% OFF
5646,2744,25.0,2014-01-01,2015-12-30,Friday,Viernes Promo 25% OFF
5647,2210,30.0,2014-01-01,2015-12-30,Tuesday,Martes Promo 30% OFF
5648,2210,25.0,2014-01-01,2015-12-30,Friday,Viernes Promo 25% OFF
5649,1457,30.0,2014-01-01,2015-12-30,Tuesday,Martes Promo 30% OFF
5650,1457,25.0,2014-01-01,2015-12-30,Friday,Viernes Promo 25% OFF
5651,1456,30.0,2014-01-01,2015-12-30,Tuesday,Martes Promo 30% OFF
5652,1456,25.0,2014-01-01,2015-12-30,Friday,Viernes Promo 25% OFF
5653,1962,30.0,2014-01-01,2015-12-30,Tuesday,Martes Promo 30% OFF
5654,1962,25.0,2014-01-01,2015-12-30,Friday,Viernes Promo 25% OFF
5655,2160,30.0,2014-01-01,2015-12-30,Tuesday,Martes Promo 30% OFF
5656,2160,25.0,2014-01-01,2015-12-30,Friday,Viernes Promo 25% OFF
5657,3994,30.0,2014-01-01,2015-12-30,Tuesday,Martes Promo 30% OFF
5658,3994,25.0,2014-01-01,2015-12-30,Friday,Viernes Promo 25% OFF
5659,2755,30.0,2014-01-01,2015-12-30,Tuesday,Martes Promo 30% OFF
5660,2755,25.0,2014-01-01,2015-12-30,Friday,Viernes Promo 25% OFF
5661,900,30.0,2014-01-01,2015-12-30,Tuesday,Martes Promo 30% OFF
5662,900,25.0,2014-01-01,2015-12-30,Friday,Viernes Promo 25% OFF
5663,440,30.0,2014-01-01,2015-12-30,Tuesday,Martes Promo 30% OFF
5664,440,25.0,2014-01-01,2015-12-30,Friday,Viernes Promo 25% OFF
5665,247,30.0,2014-01-01,2015-12-30,Tuesday,Martes Promo 30% OFF
5666,247,25.0,2014-01-01,2015-12-30,Friday,Viernes Promo 25% OFF
5667,554,30.0,2014-01-01,2015-12-30,Tuesday,Martes Promo 30% OFF
5668,554,25.0,2014-01-01,2015-12-30,Friday,Viernes Promo 25% OFF
5669,1373,30.0,2014-01-01,2015-12-30,Tuesday,Martes Promo 30% OFF
5670,1373,25.0,2014-01-01,2015-12-30,Friday,Viernes Promo 25% OFF
5671,1019,30.0,2014-01-01,2015-12-30,Tuesday,Martes Promo 30% OFF
5672,1019,25.0,2014-01-01,2015-12-30,Friday,Viernes Promo 25% OFF
5673,1374,30.0,2014-01-01,2015-12-30,Tuesday,Martes Promo 30% OFF
5674,1374,25.0,2014-01-01,2015-12-30,Friday,Viernes Promo 25% OFF
5675,3005,30.0,2014-01-01,2015-12-30,Tuesday,Martes Promo 30% OFF
5676,3005,25.0,2014-01-01,2015-12-30,Friday,Viernes Promo 25% OFF
5677,4001,30.0,2014-01-01,2015-12-30,Tuesday,Martes Promo 30% OFF
5678,4001,25.0,2014-01-01,2015-12-30,Friday,Viernes Promo 25% OFF
5679,2900,30.0,2014-01-01,2015-12-30,Tuesday,Martes Promo 30% OFF
5680,2900,25.0,2014-01-01,2015-12-30,Friday,Viernes Promo 25% OFF
5681,1736,30.0,2014-01-01,2015-12-30,Tuesday,Martes Promo 30% OFF
5682,1736,25.0,2014-01-01,2015-12-30,Friday,Viernes Promo 25% OFF
5683,3439,30.0,2014-01-01,2015-12-30,Tuesday,Martes Promo 30% OFF
5684,3439,25.0,2014-01-01,2015-12-30,Friday,Viernes Promo 25% OFF
5685,1024,30.0,2014-01-01,2015-12-30,Tuesday,Martes Promo 30% OFF
5686,1024,25.0,2014-01-01,2015-12-30,Friday,Viernes Promo 25% OFF
5687,609,30.0,2014-01-01,2015-12-30,Tuesday,Martes Promo 30% OFF
5688,609,25.0,2014-01-01,2015-12-30,Friday,Viernes Promo 25% OFF
5689,798,30.0,2014-01-01,2015-12-30,Tuesday,Martes Promo 30% OFF
5690,798,25.0,2014-01-01,2015-12-30,Friday,Viernes Promo 25% OFF
5691,695,30.0,2014-01-01,2015-12-30,Tuesday,Martes Promo 30% OFF
5692,695,25.0,2014-01-01,2015-12-30,Friday,Viernes Promo 25% OFF
5693,1184,30.0,2014-01-01,2015-12-30,Tuesday,Martes Promo 30% OFF
5694,1184,25.0,2014-01-01,2015-12-30,Friday,Viernes Promo 25% OFF
5695,2463,30.0,2014-01-01,2015-12-30,Tuesday,Martes Promo 30% OFF
5696,2463,25.0,2014-01-01,2015-12-30,Friday,Viernes Promo 25% OFF
5697,2786,30.0,2014-01-01,2015-12-30,Tuesday,Martes Promo 30% OFF
5698,2786,25.0,2014-01-01,2015-12-30,Friday,Viernes Promo 25% OFF
5699,1681,30.0,2014-01-01,2015-12-30,Tuesday,Martes Promo 30% OFF
5700,1681,25.0,2014-01-01,2015-12-30,Friday,Viernes Promo 25% OFF
5701,434,30.0,2014-01-01,2015-12-30,Tuesday,Martes Promo 30% OFF
5702,434,25.0,2014-01-01,2015-12-30,Friday,Viernes Promo 25% OFF
5703,1684,30.0,2014-01-01,2015-12-30,Tuesday,Martes Promo 30% OFF
5704,1684,25.0,2014-01-01,2015-12-30,Friday,Viernes Promo 25% OFF
5705,3955,30.0,2014-01-01,2015-12-30,Tuesday,Martes Promo 30% OFF
5706,3955,25.0,2014-01-01,2015-12-30,Friday,Viernes Promo 25% OFF
5707,356,30.0,2014-01-01,2015-12-30,Tuesday,Martes Promo 30% OFF
5708,356,25.0,2014-01-01,2015-12-30,Friday,Viernes Promo 25% OFF
5709,116,30.0,2014-01-01,2015-12-30,Tuesday,Martes Promo 30% OFF
5710,116,25.0,2014-01-01,2015-12-30,Friday,Viernes Promo 25% OFF
5711,2500,30.0,2014-01-01,2015-12-30,Tuesday,Martes Promo 30% OFF
5712,2500,25.0,2014-01-01,2015-12-30,Friday,Viernes Promo 25% OFF
5713,3896,30.0,2014-01-01,2015-12-30,Tuesday,Martes Promo 30% OFF
5714,3896,25.0,2014-01-01,2015-12-30,Friday,Viernes Promo 25% OFF
5715,3099,30.0,2014-01-01,2015-12-30,Tuesday,Martes Promo 30% OFF
5716,3099,25.0,2014-01-01,2015-12-30,Friday,Viernes Promo 25% OFF
5717,1921,30.0,2014-01-01,2015-12-30,Tuesday,Martes Promo 30% OFF
5718,1921,25.0,2014-01-01,2015-12-30,Friday,Viernes Promo 25% OFF
5719,3944,30.0,2014-01-01,2015-12-30,Tuesday,Martes Promo 30% OFF
5720,3944,25.0,2014-01-01,2015-12-30,Friday,Viernes Promo 25% OFF
5721,1843,30.0,2014-01-01,2015-12-30,Tuesday,Martes Promo 30% OFF
5722,1843,25.0,2014-01-01,2015-12-30,Friday,Viernes Promo 25% OFF
5723,2633,30.0,2014-01-01,2015-12-30,Tuesday,Martes Promo 30% OFF
5724,2633,25.0,2014-01-01,2015-12-30,Friday,Viernes Promo 25% OFF
5725,1274,30.0,2014-01-01,2015-12-30,Tuesday,Martes Promo 30% OFF
5726,1274,25.0,2014-01-01,2015-12-30,Friday,Viernes Promo 25% OFF
5727,463,30.0,2014-01-01,2015-12-30,Tuesday,Martes Promo 30% OFF
5728,463,25.0,2014-01-01,2015-12-30,Friday,Viernes Promo 25% OFF
5729,185,30.0,2014-01-01,2015-12-30,Tuesday,Martes Promo 30% OFF
5730,185,25.0,2014-01-01,2015-12-30,Friday,Viernes Promo 25% OFF
5731,2285,30.0,2014-01-01,2015-12-30,Tuesday,Martes Promo 30% OFF
5732,2285,25.0,2014-01-01,2015-12-30,Friday,Viernes Promo 25% OFF
5733,3998,30.0,2014-01-01,2015-12-30,Tuesday,Martes Promo 30% OFF
5734,3998,25.0,2014-01-01,2015-12-30,Friday,Viernes Promo 25% OFF
5735,1359,30.0,2014-01-01,2015-12-30,Tuesday,Martes Promo 30% OFF
5736,1359,25.0,2014-01-01,2015-12-30,Friday,Viernes Promo 25% OFF
5737,227,30.0,2014-01-01,2015-12-30,Tuesday,Martes Promo 30% OFF
5738,227,25.0,2014-01-01,2015-12-30,Friday,Viernes Promo 25% OFF
5739,428,30.0,2014-01-01,2015-12-30,Tuesday,Martes Promo 30% OFF
5740,428,25.0,2014-01-01,2015-12-30,Friday,Viernes Promo 25% OFF
5741,1144,30.0,2014-01-01,2015-12-30,Tuesday,Martes Promo 30% OFF
5742,1144,25.0,2014-01-01,2015-12-30,Friday,Viernes Promo 25% OFF
5743,314,30.0,2014-01-01,2015-12-30,Tuesday,Martes Promo 30% OFF
5744,314,25.0,2014-01-01,2015-12-30,Friday,Viernes Promo 25% OFF
5745,1296,30.0,2014-01-01,2015-12-30,Tuesday,Martes Promo 30% OFF
5746,1296,25.0,2014-01-01,2015-12-30,Friday,Viernes Promo 25% OFF
5747,2812,30.0,2014-01-01,2015-12-30,Tuesday,Martes Promo 30% OFF
5748,2812,25.0,2014-01-01,2015-12-30,Friday,Viernes Promo 25% OFF
5749,2649,30.0,2014-01-01,2015-12-30,Tuesday,Martes Promo 30% OFF
5750,2649,25.0,2014-01-01,2015-12-30,Friday,Viernes Promo 25% OFF
5751,213,30.0,2014-01-01,2015-12-30,Tuesday,Martes Promo 30% OFF
5752,213,25.0,2014-01-01,2015-12-30,Friday,Viernes Promo 25% OFF
5753,1077,30.0,2014-01-01,2015-12-30,Tuesday,Martes Promo 30% OFF
5754,1077,25.0,2014-01-01,2015-12-30,Friday,Viernes Promo 25% OFF
5755,1746,30.0,2014-01-01,2015-12-30,Tuesday,Martes Promo 30% OFF
5756,1746,25.0,2014-01-01,2015-12-30,Friday,Viernes Promo 25% OFF
5757,1745,30.0,2014-01-01,2015-12-30,Tuesday,Martes Promo 30% OFF
5758,1745,25.0,2014-01-01,2015-12-30,Friday,Viernes Promo 25% OFF
5759,2282,30.0,2014-01-01,2015-12-30,Tuesday,Martes Promo 30% OFF
5760,2282,25.0,2014-01-01,2015-12-30,Friday,Viernes Promo 25% OFF
5761,3895,30.0,2014-01-01,2015-12-30,Tuesday,Martes Promo 30% OFF
5762,3895,25.0,2014-01-01,2015-12-30,Friday,Viernes Promo 25% OFF
5763,897,30.0,2014-01-01,2015-12-30,Tuesday,Martes Promo 30% OFF
5764,897,25.0,2014-01-01,2015-12-30,Friday,Viernes Promo 25% OFF
5765,2582,30.0,2014-01-01,2015-12-30,Tuesday,Martes Promo 30% OFF
5766,2582,25.0,2014-01-01,2015-12-30,Friday,Viernes Promo 25% OFF
5767,1208,30.0,2014-01-01,2015-12-30,Tuesday,Martes Promo 30% OFF
5768,1208,25.0,2014-01-01,2015-12-30,Friday,Viernes Promo 25% OFF
5769,2718,30.0,2014-01-01,2015-12-30,Tuesday,Martes Promo 30% OFF
5770,2718,25.0,2014-01-01,2015-12-30,Friday,Viernes Promo 25% OFF
5771,3956,30.0,2014-01-01,2015-12-30,Tuesday,Martes Promo 30% OFF
5772,3956,25.0,2014-01-01,2015-12-30,Friday,Viernes Promo 25% OFF
5773,3178,30.0,2014-01-01,2015-12-30,Tuesday,Martes Promo 30% OFF
5774,3178,25.0,2014-01-01,2015-12-30,Friday,Viernes Promo 25% OFF
5775,3155,30.0,2014-01-01,2015-12-30,Tuesday,Martes Promo 30% OFF
5776,3155,25.0,2014-01-01,2015-12-30,Friday,Viernes Promo 25% OFF
5777,3177,30.0,2014-01-01,2015-12-30,Tuesday,Martes Promo 30% OFF
5778,3177,25.0,2014-01-01,2015-12-30,Friday,Viernes Promo 25% OFF
5779,1871,30.0,2014-01-01,2015-12-30,Tuesday,Martes Promo 30% OFF
5780,1871,25.0,2014-01-01,2015-12-30,Friday,Viernes Promo 25% OFF
5781,2319,30.0,2014-01-01,2015-12-30,Tuesday,Martes Promo 30% OFF
5782,2319,25.0,2014-01-01,2015-12-30,Friday,Viernes Promo 25% OFF
5783,3176,30.0,2014-01-01,2015-12-30,Tuesday,Martes Promo 30% OFF
5784,3176,25.0,2014-01-01,2015-12-30,Friday,Viernes Promo 25% OFF
5785,1799,30.0,2014-01-01,2015-12-30,Tuesday,Martes Promo 30% OFF
5786,1799,25.0,2014-01-01,2015-12-30,Friday,Viernes Promo 25% OFF
5787,2208,30.0,2014-01-01,2015-12-30,Tuesday,Martes Promo 30% OFF
5788,2208,25.0,2014-01-01,2015-12-30,Friday,Viernes Promo 25% OFF
5789,1360,30.0,2014-01-01,2015-12-30,Tuesday,Martes Promo 30% OFF
5790,1360,25.0,2014-01-01,2015-12-30,Friday,Viernes Promo 25% OFF
5791,1357,30.0,2014-01-01,2015-12-30,Tuesday,Martes Promo 30% OFF
5792,1357,25.0,2014-01-01,2015-12-30,Friday,Viernes Promo 25% OFF
5793,172,30.0,2014-01-01,2015-12-30,Tuesday,Martes Promo 30% OFF
5794,172,25.0,2014-01-01,2015-12-30,Friday,Viernes Promo 25% OFF
5795,1192,30.0,2014-01-01,2015-12-30,Tuesday,Martes Promo 30% OFF
5796,1192,25.0,2014-01-01,2015-12-30,Friday,Viernes Promo 25% OFF
5797,2630,30.0,2014-01-01,2015-12-30,Tuesday,Martes Promo 30% OFF
5798,2630,25.0,2014-01-01,2015-12-30,Friday,Viernes Promo 25% OFF
5799,2602,30.0,2014-01-01,2015-12-30,Tuesday,Martes Promo 30% OFF
5800,2602,25.0,2014-01-01,2015-12-30,Friday,Viernes Promo 25% OFF
5801,1555,30.0,2014-01-01,2015-12-30,Tuesday,Martes Promo 30% OFF
5802,1555,25.0,2014-01-01,2015-12-30,Friday,Viernes Promo 25% OFF
5803,1526,30.0,2014-01-01,2015-12-30,Tuesday,Martes Promo 30% OFF
5804,1526,25.0,2014-01-01,2015-12-30,Friday,Viernes Promo 25% OFF
5805,3959,30.0,2014-01-01,2015-12-30,Tuesday,Martes Promo 30% OFF
5806,3959,25.0,2014-01-01,2015-12-30,Friday,Viernes Promo 25% OFF
5807,2223,30.0,2014-01-01,2015-12-30,Tuesday,Martes Promo 30% OFF
5808,2223,25.0,2014-01-01,2015-12-30,Friday,Viernes Promo 25% OFF
5809,2284,30.0,2014-01-01,2015-12-30,Tuesday,Martes Promo 30% OFF
5810,2284,25.0,2014-01-01,2015-12-30,Friday,Viernes Promo 25% OFF
5811,3189,30.0,2014-01-01,2015-12-30,Tuesday,Martes Promo 30% OFF
5812,3189,25.0,2014-01-01,2015-12-30,Friday,Viernes Promo 25% OFF
5813,3328,30.0,2014-01-01,2015-12-30,Tuesday,Martes Promo 30% OFF
5814,3328,25.0,2014-01-01,2015-12-30,Friday,Viernes Promo 25% OFF
5815,3691,30.0,2014-01-01,2015-12-30,Tuesday,Martes Promo 30% OFF
5816,3691,25.0,2014-01-01,2015-12-30,Friday,Viernes Promo 25% OFF
5817,1165,30.0,2014-01-01,2015-12-30,Tuesday,Martes Promo 30% OFF
5818,1165,25.0,2014-01-01,2015-12-30,Friday,Viernes Promo 25% OFF
5819,288,30.0,2014-01-01,2015-12-30,Tuesday,Martes Promo 30% OFF
5820,288,25.0,2014-01-01,2015-12-30,Friday,Viernes Promo 25% OFF
5821,2145,30.0,2014-01-01,2015-12-30,Tuesday,Martes Promo 30% OFF
5822,2145,25.0,2014-01-01,2015-12-30,Friday,Viernes Promo 25% OFF
5823,1687,30.0,2014-01-01,2015-12-30,Tuesday,Martes Promo 30% OFF
5824,1687,25.0,2014-01-01,2015-12-30,Friday,Viernes Promo 25% OFF
5825,372,30.0,2014-01-01,2015-12-30,Tuesday,Martes Promo 30% OFF
5826,372,25.0,2014-01-01,2015-12-30,Friday,Viernes Promo 25% OFF
5827,3642,30.0,2014-01-01,2015-12-30,Tuesday,Martes Promo 30% OFF
5828,3642,25.0,2014-01-01,2015-12-30,Friday,Viernes Promo 25% OFF
5829,1522,30.0,2014-01-01,2015-12-30,Tuesday,Martes Promo 30% OFF
5830,1522,25.0,2014-01-01,2015-12-30,Friday,Viernes Promo 25% OFF
5831,2631,30.0,2014-01-01,2015-12-30,Tuesday,Martes Promo 30% OFF
5832,2631,25.0,2014-01-01,2015-12-30,Friday,Viernes Promo 25% OFF
5833,489,30.0,2014-01-01,2015-12-30,Tuesday,Martes Promo 30% OFF
5834,489,25.0,2014-01-01,2015-12-30,Friday,Viernes Promo 25% OFF
5835,2147,30.0,2014-01-01,2015-12-30,Tuesday,Martes Promo 30% OFF
5836,2147,25.0,2014-01-01,2015-12-30,Friday,Viernes Promo 25% OFF
5837,963,30.0,2014-01-01,2015-12-30,Tuesday,Martes Promo 30% OFF
5838,963,25.0,2014-01-01,2015-12-30,Friday,Viernes Promo 25% OFF
5839,964,30.0,2014-01-01,2015-12-30,Tuesday,Martes Promo 30% OFF
5840,964,25.0,2014-01-01,2015-12-30,Friday,Viernes Promo 25% OFF
5841,3568,30.0,2014-01-01,2015-12-30,Tuesday,Martes Promo 30% OFF
5842,3568,25.0,2014-01-01,2015-12-30,Friday,Viernes Promo 25% OFF
5843,714,30.0,2014-01-01,2015-12-30,Tuesday,Martes Promo 30% OFF
5844,714,25.0,2014-01-01,2015-12-30,Friday,Viernes Promo 25% OFF
5845,719,30.0,2014-01-01,2015-12-30,Tuesday,Martes Promo 30% OFF
5846,719,25.0,2014-01-01,2015-12-30,Friday,Viernes Promo 25% OFF
5847,2228,30.0,2014-01-01,2015-12-30,Tuesday,Martes Promo 30% OFF
5848,2228,25.0,2014-01-01,2015-12-30,Friday,Viernes Promo 25% OFF
5849,713,30.0,2014-01-01,2015-12-30,Tuesday,Martes Promo 30% OFF
5850,713,25.0,2014-01-01,2015-12-30,Friday,Viernes Promo 25% OFF
5851,3643,30.0,2014-01-01,2015-12-30,Tuesday,Martes Promo 30% OFF
5852,3643,25.0,2014-01-01,2015-12-30,Friday,Viernes Promo 25% OFF
5853,516,30.0,2014-01-01,2015-12-30,Tuesday,Martes Promo 30% OFF
5854,516,25.0,2014-01-01,2015-12-30,Friday,Viernes Promo 25% OFF
5855,182,30.0,2014-01-01,2015-12-30,Tuesday,Martes Promo 30% OFF
5856,182,25.0,2014-01-01,2015-12-30,Friday,Viernes Promo 25% OFF
5857,274,30.0,2014-01-01,2015-12-30,Tuesday,Martes Promo 30% OFF
5858,274,25.0,2014-01-01,2015-12-30,Friday,Viernes Promo 25% OFF
5859,2185,30.0,2014-01-01,2015-12-30,Tuesday,Martes Promo 30% OFF
5860,2185,25.0,2014-01-01,2015-12-30,Friday,Viernes Promo 25% OFF
5861,4002,30.0,2014-01-01,2015-12-30,Tuesday,Martes Promo 30% OFF
5862,4002,25.0,2014-01-01,2015-12-30,Friday,Viernes Promo 25% OFF
5863,691,30.0,2014-01-01,2015-12-30,Tuesday,Martes Promo 30% OFF
5864,691,25.0,2014-01-01,2015-12-30,Friday,Viernes Promo 25% OFF
5865,1818,30.0,2014-01-01,2015-12-30,Tuesday,Martes Promo 30% OFF
5866,1818,25.0,2014-01-01,2015-12-30,Friday,Viernes Promo 25% OFF
5867,2011,30.0,2014-01-01,2015-12-30,Tuesday,Martes Promo 30% OFF
5868,2011,25.0,2014-01-01,2015-12-30,Friday,Viernes Promo 25% OFF
5869,1819,30.0,2014-01-01,2015-12-30,Tuesday,Martes Promo 30% OFF
5870,1819,25.0,2014-01-01,2015-12-30,Friday,Viernes Promo 25% OFF
5871,2012,30.0,2014-01-01,2015-12-30,Tuesday,Martes Promo 30% OFF
5872,2012,25.0,2014-01-01,2015-12-30,Friday,Viernes Promo 25% OFF
5873,687,30.0,2014-01-01,2015-12-30,Tuesday,Martes Promo 30% OFF
5874,687,25.0,2014-01-01,2015-12-30,Friday,Viernes Promo 25% OFF
5875,686,30.0,2014-01-01,2015-12-30,Tuesday,Martes Promo 30% OFF
5876,686,25.0,2014-01-01,2015-12-30,Friday,Viernes Promo 25% OFF
5877,1857,30.0,2014-01-01,2015-12-30,Tuesday,Martes Promo 30% OFF
5878,1857,25.0,2014-01-01,2015-12-30,Friday,Viernes Promo 25% OFF
5879,1856,30.0,2014-01-01,2015-12-30,Tuesday,Martes Promo 30% OFF
5880,1856,25.0,2014-01-01,2015-12-30,Friday,Viernes Promo 25% OFF
5881,2026,30.0,2014-01-01,2015-12-30,Tuesday,Martes Promo 30% OFF
5882,2026,25.0,2014-01-01,2015-12-30,Friday,Viernes Promo 25% OFF
5883,1649,30.0,2014-01-01,2015-12-30,Tuesday,Martes Promo 30% OFF
5884,1649,25.0,2014-01-01,2015-12-30,Friday,Viernes Promo 25% OFF
5885,3009,30.0,2014-01-01,2015-12-30,Tuesday,Martes Promo 30% OFF
5886,3009,25.0,2014-01-01,2015-12-30,Friday,Viernes Promo 25% OFF
5887,453,30.0,2014-01-01,2015-12-30,Tuesday,Martes Promo 30% OFF
5888,453,25.0,2014-01-01,2015-12-30,Friday,Viernes Promo 25% OFF
5889,2559,30.0,2014-01-01,2015-12-30,Tuesday,Martes Promo 30% OFF
5890,2559,25.0,2014-01-01,2015-12-30,Friday,Viernes Promo 25% OFF
5891,3943,30.0,2014-01-01,2015-12-30,Tuesday,Martes Promo 30% OFF
5892,3943,25.0,2014-01-01,2015-12-30,Friday,Viernes Promo 25% OFF
5893,3946,30.0,2014-01-01,2015-12-30,Tuesday,Martes Promo 30% OFF
5894,3946,25.0,2014-01-01,2015-12-30,Friday,Viernes Promo 25% OFF
5895,3947,30.0,2014-01-01,2015-12-30,Tuesday,Martes Promo 30% OFF
5896,3947,25.0,2014-01-01,2015-12-30,Friday,Viernes Promo 25% OFF
5897,2370,30.0,2014-01-01,2015-12-30,Tuesday,Martes Promo 30% OFF
5898,2370,25.0,2014-01-01,2015-12-30,Friday,Viernes Promo 25% OFF
5899,3470,30.0,2014-01-01,2015-12-30,Tuesday,Martes Promo 30% OFF
5900,3470,25.0,2014-01-01,2015-12-30,Friday,Viernes Promo 25% OFF
5901,30,30.0,2014-01-01,2015-12-30,Tuesday,Martes Promo 30% OFF
5902,30,25.0,2014-01-01,2015-12-30,Friday,Viernes Promo 25% OFF
5903,1906,30.0,2014-01-01,2015-12-30,Tuesday,Martes Promo 30% OFF
5904,1906,25.0,2014-01-01,2015-12-30,Friday,Viernes Promo 25% OFF
5905,2461,30.0,2014-01-01,2015-12-30,Tuesday,Martes Promo 30% OFF
5906,2461,25.0,2014-01-01,2015-12-30,Friday,Viernes Promo 25% OFF
5907,1652,30.0,2014-01-01,2015-12-30,Tuesday,Martes Promo 30% OFF
5908,1652,25.0,2014-01-01,2015-12-30,Friday,Viernes Promo 25% OFF
5909,1428,30.0,2014-01-01,2015-12-30,Tuesday,Martes Promo 30% OFF
5910,1428,25.0,2014-01-01,2015-12-30,Friday,Viernes Promo 25% OFF
5911,290,30.0,2014-01-01,2015-12-30,Tuesday,Martes Promo 30% OFF
5912,290,25.0,2014-01-01,2015-12-30,Friday,Viernes Promo 25% OFF
5913,3368,30.0,2014-01-01,2015-12-30,Tuesday,Martes Promo 30% OFF
5914,3368,25.0,2014-01-01,2015-12-30,Friday,Viernes Promo 25% OFF
5915,143,30.0,2014-01-01,2015-12-30,Tuesday,Martes Promo 30% OFF
5916,143,25.0,2014-01-01,2015-12-30,Friday,Viernes Promo 25% OFF
5917,1076,30.0,2014-01-01,2015-12-30,Tuesday,Martes Promo 30% OFF
5918,1076,25.0,2014-01-01,2015-12-30,Friday,Viernes Promo 25% OFF
5919,4025,30.0,2014-01-01,2015-12-30,Tuesday,Martes Promo 30% OFF
5920,4025,25.0,2014-01-01,2015-12-30,Friday,Viernes Promo 25% OFF
5921,2438,30.0,2014-01-01,2015-12-30,Tuesday,Martes Promo 30% OFF
5922,2438,25.0,2014-01-01,2015-12-30,Friday,Viernes Promo 25% OFF
5923,1430,30.0,2014-01-01,2015-12-30,Tuesday,Martes Promo 30% OFF
5924,1430,25.0,2014-01-01,2015-12-30,Friday,Viernes Promo 25% OFF
5925,902,30.0,2014-01-01,2015-12-30,Tuesday,Martes Promo 30% OFF
5926,902,25.0,2014-01-01,2015-12-30,Friday,Viernes Promo 25% OFF
5927,3095,30.0,2014-01-01,2015-12-30,Tuesday,Martes Promo 30% OFF
5928,3095,25.0,2014-01-01,2015-12-30,Friday,Viernes Promo 25% OFF
5929,406,30.0,2014-01-01,2015-12-30,Tuesday,Martes Promo 30% OFF
5930,406,25.0,2014-01-01,2015-12-30,Friday,Viernes Promo 25% OFF
5931,3632,30.0,2014-01-01,2015-12-30,Tuesday,Martes Promo 30% OFF
5932,3632,25.0,2014-01-01,2015-12-30,Friday,Viernes Promo 25% OFF
5933,3723,30.0,2014-01-01,2015-12-30,Tuesday,Martes Promo 30% OFF
5934,3723,25.0,2014-01-01,2015-12-30,Friday,Viernes Promo 25% OFF
5935,1519,30.0,2014-01-01,2015-12-30,Tuesday,Martes Promo 30% OFF
5936,1519,25.0,2014-01-01,2015-12-30,Friday,Viernes Promo 25% OFF
5937,1500,30.0,2014-01-01,2015-12-30,Tuesday,Martes Promo 30% OFF
5938,1500,25.0,2014-01-01,2015-12-30,Friday,Viernes Promo 25% OFF
5939,1756,30.0,2014-01-01,2015-12-30,Tuesday,Martes Promo 30% OFF
5940,1756,25.0,2014-01-01,2015-12-30,Friday,Viernes Promo 25% OFF
5941,1303,30.0,2014-01-01,2015-12-30,Tuesday,Martes Promo 30% OFF
5942,1303,25.0,2014-01-01,2015-12-30,Friday,Viernes Promo 25% OFF
5943,3634,30.0,2014-01-01,2015-12-30,Tuesday,Martes Promo 30% OFF
5944,3634,25.0,2014-01-01,2015-12-30,Friday,Viernes Promo 25% OFF
5945,3635,30.0,2014-01-01,2015-12-30,Tuesday,Martes Promo 30% OFF
5946,3635,25.0,2014-01-01,2015-12-30,Friday,Viernes Promo 25% OFF
5947,3411,30.0,2014-01-01,2015-12-30,Tuesday,Martes Promo 30% OFF
5948,3411,25.0,2014-01-01,2015-12-30,Friday,Viernes Promo 25% OFF
5949,3379,30.0,2014-01-01,2015-12-30,Tuesday,Martes Promo 30% OFF
5950,3379,25.0,2014-01-01,2015-12-30,Friday,Viernes Promo 25% OFF
5951,2063,30.0,2014-01-01,2015-12-30,Tuesday,Martes Promo 30% OFF
5952,2063,25.0,2014-01-01,2015-12-30,Friday,Viernes Promo 25% OFF
5953,1780,30.0,2014-01-01,2015-12-30,Tuesday,Martes Promo 30% OFF
5954,1780,25.0,2014-01-01,2015-12-30,Friday,Viernes Promo 25% OFF
5955,1929,30.0,2014-01-01,2015-12-30,Tuesday,Martes Promo 30% OFF
5956,1929,25.0,2014-01-01,2015-12-30,Friday,Viernes Promo 25% OFF
5957,1909,30.0,2014-01-01,2015-12-30,Tuesday,Martes Promo 30% OFF
5958,1909,25.0,2014-01-01,2015-12-30,Friday,Viernes Promo 25% OFF
5959,99,30.0,2014-01-01,2015-12-30,Tuesday,Martes Promo 30% OFF
5960,99,25.0,2014-01-01,2015-12-30,Friday,Viernes Promo 25% OFF
5961,3334,30.0,2014-01-01,2015-12-30,Tuesday,Martes Promo 30% OFF
5962,3334,25.0,2014-01-01,2015-12-30,Friday,Viernes Promo 25% OFF
5963,2137,30.0,2014-01-01,2015-12-30,Tuesday,Martes Promo 30% OFF
5964,2137,25.0,2014-01-01,2015-12-30,Friday,Viernes Promo 25% OFF
5965,4028,30.0,2014-01-01,2015-12-30,Tuesday,Martes Promo 30% OFF
5966,4028,25.0,2014-01-01,2015-12-30,Friday,Viernes Promo 25% OFF
5967,1784,30.0,2014-01-01,2015-12-30,Tuesday,Martes Promo 30% OFF
5968,1784,25.0,2014-01-01,2015-12-30,Friday,Viernes Promo 25% OFF
5969,1785,30.0,2014-01-01,2015-12-30,Tuesday,Martes Promo 30% OFF
5970,1785,25.0,2014-01-01,2015-12-30,Friday,Viernes Promo 25% OFF
5971,3337,30.0,2014-01-01,2015-12-30,Tuesday,Martes Promo 30% OFF
5972,3337,25.0,2014-01-01,2015-12-30,Friday,Viernes Promo 25% OFF
5973,3336,30.0,2014-01-01,2015-12-30,Tuesday,Martes Promo 30% OFF
5974,3336,25.0,2014-01-01,2015-12-30,Friday,Viernes Promo 25% OFF
5975,1779,30.0,2014-01-01,2015-12-30,Tuesday,Martes Promo 30% OFF
5976,1779,25.0,2014-01-01,2015-12-30,Friday,Viernes Promo 25% OFF
5977,4026,30.0,2014-01-01,2015-12-30,Tuesday,Martes Promo 30% OFF
5978,4026,25.0,2014-01-01,2015-12-30,Friday,Viernes Promo 25% OFF
5979,21,30.0,2014-01-01,2015-12-30,Tuesday,Martes Promo 30% OFF
5980,21,25.0,2014-01-01,2015-12-30,Friday,Viernes Promo 25% OFF
5981,4032,30.0,2014-01-01,2015-12-30,Tuesday,Martes Promo 30% OFF
5982,4032,25.0,2014-01-01,2015-12-30,Friday,Viernes Promo 25% OFF
5983,2374,30.0,2014-01-01,2015-12-30,Tuesday,Martes Promo 30% OFF
5984,2374,25.0,2014-01-01,2015-12-30,Friday,Viernes Promo 25% OFF
5985,1981,30.0,2014-01-01,2015-12-30,Tuesday,Martes Promo 30% OFF
5986,1981,25.0,2014-01-01,2015-12-30,Friday,Viernes Promo 25% OFF
5987,3569,30.0,2014-01-01,2015-12-30,Tuesday,Martes Promo 30% OFF
5988,3569,25.0,2014-01-01,2015-12-30,Friday,Viernes Promo 25% OFF
5989,2290,30.0,2014-01-01,2015-12-30,Tuesday,Martes Promo 30% OFF
5990,2290,25.0,2014-01-01,2015-12-30,Friday,Viernes Promo 25% OFF
5991,3890,30.0,2014-01-01,2015-12-30,Tuesday,Martes Promo 30% OFF
5992,3890,25.0,2014-01-01,2015-12-30,Friday,Viernes Promo 25% OFF
5993,872,30.0,2014-01-01,2015-12-30,Tuesday,Martes Promo 30% OFF
5994,872,25.0,2014-01-01,2015-12-30,Friday,Viernes Promo 25% OFF
5995,3825,30.0,2014-01-01,2015-12-30,Tuesday,Martes Promo 30% OFF
5996,3825,25.0,2014-01-01,2015-12-30,Friday,Viernes Promo 25% OFF
5997,2629,30.0,2014-01-01,2015-12-30,Tuesday,Martes Promo 30% OFF
5998,2629,25.0,2014-01-01,2015-12-30,Friday,Viernes Promo 25% OFF
5999,3864,30.0,2014-01-01,2015-12-30,Tuesday,Martes Promo 30% OFF
6000,3864,25.0,2014-01-01,2015-12-30,Friday,Viernes Promo 25% OFF
6001,3472,30.0,2014-01-01,2015-12-30,Tuesday,Martes Promo 30% OFF
6002,3472,25.0,2014-01-01,2015-12-30,Friday,Viernes Promo 25% OFF
6003,2943,30.0,2014-01-01,2015-12-30,Tuesday,Martes Promo 30% OFF
6004,2943,25.0,2014-01-01,2015-12-30,Friday,Viernes Promo 25% OFF
6005,878,30.0,2014-01-01,2015-12-30,Tuesday,Martes Promo 30% OFF
6006,878,25.0,2014-01-01,2015-12-30,Friday,Viernes Promo 25% OFF
6007,1125,30.0,2014-01-01,2015-12-30,Tuesday,Martes Promo 30% OFF
6008,1125,25.0,2014-01-01,2015-12-30,Friday,Viernes Promo 25% OFF
6009,2066,30.0,2014-01-01,2015-12-30,Tuesday,Martes Promo 30% OFF
6010,2066,25.0,2014-01-01,2015-12-30,Friday,Viernes Promo 25% OFF
6011,2167,30.0,2014-01-01,2015-12-30,Tuesday,Martes Promo 30% OFF
6012,2167,25.0,2014-01-01,2015-12-30,Friday,Viernes Promo 25% OFF
6013,1618,30.0,2014-01-01,2015-12-30,Tuesday,Martes Promo 30% OFF
6014,1618,25.0,2014-01-01,2015-12-30,Friday,Viernes Promo 25% OFF
6015,494,30.0,2014-01-01,2015-12-30,Tuesday,Martes Promo 30% OFF
6016,494,25.0,2014-01-01,2015-12-30,Friday,Viernes Promo 25% OFF
6017,492,30.0,2014-01-01,2015-12-30,Tuesday,Martes Promo 30% OFF
6018,492,25.0,2014-01-01,2015-12-30,Friday,Viernes Promo 25% OFF
6019,408,30.0,2014-01-01,2015-12-30,Tuesday,Martes Promo 30% OFF
6020,408,25.0,2014-01-01,2015-12-30,Friday,Viernes Promo 25% OFF
6021,1930,30.0,2014-01-01,2015-12-30,Tuesday,Martes Promo 30% OFF
6022,1930,25.0,2014-01-01,2015-12-30,Friday,Viernes Promo 25% OFF
6023,2880,30.0,2014-01-01,2015-12-30,Tuesday,Martes Promo 30% OFF
6024,2880,25.0,2014-01-01,2015-12-30,Friday,Viernes Promo 25% OFF
6025,1054,30.0,2014-01-01,2015-12-30,Tuesday,Martes Promo 30% OFF
6026,1054,25.0,2014-01-01,2015-12-30,Friday,Viernes Promo 25% OFF
6027,1067,30.0,2014-01-01,2015-12-30,Tuesday,Martes Promo 30% OFF
6028,1067,25.0,2014-01-01,2015-12-30,Friday,Viernes Promo 25% OFF
6029,1537,30.0,2014-01-01,2015-12-30,Tuesday,Martes Promo 30% OFF
6030,1537,25.0,2014-01-01,2015-12-30,Friday,Viernes Promo 25% OFF
6031,2799,30.0,2014-01-01,2015-12-30,Tuesday,Martes Promo 30% OFF
6032,2799,25.0,2014-01-01,2015-12-30,Friday,Viernes Promo 25% OFF
6033,2742,30.0,2014-01-01,2015-12-30,Tuesday,Martes Promo 30% OFF
6034,2742,25.0,2014-01-01,2015-12-30,Friday,Viernes Promo 25% OFF
6035,652,30.0,2014-01-01,2015-12-30,Tuesday,Martes Promo 30% OFF
6036,652,25.0,2014-01-01,2015-12-30,Friday,Viernes Promo 25% OFF
6037,2885,30.0,2014-01-01,2015-12-30,Tuesday,Martes Promo 30% OFF
6038,2885,25.0,2014-01-01,2015-12-30,Friday,Viernes Promo 25% OFF
6039,3412,30.0,2014-01-01,2015-12-30,Tuesday,Martes Promo 30% OFF
6040,3412,25.0,2014-01-01,2015-12-30,Friday,Viernes Promo 25% OFF
6041,1506,30.0,2014-01-01,2015-12-30,Tuesday,Martes Promo 30% OFF
6042,1506,25.0,2014-01-01,2015-12-30,Friday,Viernes Promo 25% OFF
6043,3088,30.0,2014-01-01,2015-12-30,Tuesday,Martes Promo 30% OFF
6044,3088,25.0,2014-01-01,2015-12-30,Friday,Viernes Promo 25% OFF
6045,2420,30.0,2014-01-01,2015-12-30,Tuesday,Martes Promo 30% OFF
6046,2420,25.0,2014-01-01,2015-12-30,Friday,Viernes Promo 25% OFF
6047,2426,30.0,2014-01-01,2015-12-30,Tuesday,Martes Promo 30% OFF
6048,2426,25.0,2014-01-01,2015-12-30,Friday,Viernes Promo 25% OFF
6049,796,30.0,2014-01-01,2015-12-30,Tuesday,Martes Promo 30% OFF
6050,796,25.0,2014-01-01,2015-12-30,Friday,Viernes Promo 25% OFF
6051,391,30.0,2014-01-01,2015-12-30,Tuesday,Martes Promo 30% OFF
6052,391,25.0,2014-01-01,2015-12-30,Friday,Viernes Promo 25% OFF
6053,2168,30.0,2014-01-01,2015-12-30,Tuesday,Martes Promo 30% OFF
6054,2168,25.0,2014-01-01,2015-12-30,Friday,Viernes Promo 25% OFF
6055,3826,30.0,2014-01-01,2015-12-30,Tuesday,Martes Promo 30% OFF
6056,3826,25.0,2014-01-01,2015-12-30,Friday,Viernes Promo 25% OFF
6057,1368,30.0,2014-01-01,2015-12-30,Tuesday,Martes Promo 30% OFF
6058,1368,25.0,2014-01-01,2015-12-30,Friday,Viernes Promo 25% OFF
6059,3984,30.0,2014-01-01,2015-12-30,Tuesday,Martes Promo 30% OFF
6060,3984,25.0,2014-01-01,2015-12-30,Friday,Viernes Promo 25% OFF
6061,2884,30.0,2014-01-01,2015-12-30,Tuesday,Martes Promo 30% OFF
6062,2884,25.0,2014-01-01,2015-12-30,Friday,Viernes Promo 25% OFF
6063,2874,30.0,2014-01-01,2015-12-30,Tuesday,Martes Promo 30% OFF
6064,2874,25.0,2014-01-01,2015-12-30,Friday,Viernes Promo 25% OFF
6065,2875,30.0,2014-01-01,2015-12-30,Tuesday,Martes Promo 30% OFF
6066,2875,25.0,2014-01-01,2015-12-30,Friday,Viernes Promo 25% OFF
6067,179,30.0,2014-01-01,2015-12-30,Tuesday,Martes Promo 30% OFF
6068,179,25.0,2014-01-01,2015-12-30,Friday,Viernes Promo 25% OFF
6069,2138,30.0,2014-01-01,2015-12-30,Tuesday,Martes Promo 30% OFF
6070,2138,25.0,2014-01-01,2015-12-30,Friday,Viernes Promo 25% OFF
6071,2564,30.0,2014-01-01,2015-12-30,Tuesday,Martes Promo 30% OFF
6072,2564,25.0,2014-01-01,2015-12-30,Friday,Viernes Promo 25% OFF
6073,4031,30.0,2014-01-01,2015-12-30,Tuesday,Martes Promo 30% OFF
6074,4031,25.0,2014-01-01,2015-12-30,Friday,Viernes Promo 25% OFF
6075,1335,30.0,2014-01-01,2015-12-30,Tuesday,Martes Promo 30% OFF
6076,1335,25.0,2014-01-01,2015-12-30,Friday,Viernes Promo 25% OFF
6077,3461,30.0,2014-01-01,2015-12-30,Tuesday,Martes Promo 30% OFF
6078,3461,25.0,2014-01-01,2015-12-30,Friday,Viernes Promo 25% OFF
6079,1120,30.0,2014-01-01,2015-12-30,Tuesday,Martes Promo 30% OFF
6080,1120,25.0,2014-01-01,2015-12-30,Friday,Viernes Promo 25% OFF
6081,4024,30.0,2014-01-01,2015-12-30,Tuesday,Martes Promo 30% OFF
6082,4024,25.0,2014-01-01,2015-12-30,Friday,Viernes Promo 25% OFF
6083,913,30.0,2014-01-01,2015-12-30,Tuesday,Martes Promo 30% OFF
6084,913,25.0,2014-01-01,2015-12-30,Friday,Viernes Promo 25% OFF
6085,2423,30.0,2014-01-01,2015-12-30,Tuesday,Martes Promo 30% OFF
6086,2423,25.0,2014-01-01,2015-12-30,Friday,Viernes Promo 25% OFF
6087,2417,30.0,2014-01-01,2015-12-30,Tuesday,Martes Promo 30% OFF
6088,2417,25.0,2014-01-01,2015-12-30,Friday,Viernes Promo 25% OFF
6089,2419,30.0,2014-01-01,2015-12-30,Tuesday,Martes Promo 30% OFF
6090,2419,25.0,2014-01-01,2015-12-30,Friday,Viernes Promo 25% OFF
6091,2520,30.0,2014-01-01,2015-12-30,Tuesday,Martes Promo 30% OFF
6092,2520,25.0,2014-01-01,2015-12-30,Friday,Viernes Promo 25% OFF
6093,564,30.0,2014-01-01,2015-12-30,Tuesday,Martes Promo 30% OFF
6094,564,25.0,2014-01-01,2015-12-30,Friday,Viernes Promo 25% OFF
6095,2692,30.0,2014-01-01,2015-12-30,Tuesday,Martes Promo 30% OFF
6096,2692,25.0,2014-01-01,2015-12-30,Friday,Viernes Promo 25% OFF
6097,419,30.0,2014-01-01,2015-12-30,Tuesday,Martes Promo 30% OFF
6098,419,25.0,2014-01-01,2015-12-30,Friday,Viernes Promo 25% OFF
6099,2014,30.0,2014-01-01,2015-12-30,Tuesday,Martes Promo 30% OFF
6100,2014,25.0,2014-01-01,2015-12-30,Friday,Viernes Promo 25% OFF
6101,1825,30.0,2014-01-01,2015-12-30,Tuesday,Martes Promo 30% OFF
6102,1825,25.0,2014-01-01,2015-12-30,Friday,Viernes Promo 25% OFF
6103,1821,30.0,2014-01-01,2015-12-30,Tuesday,Martes Promo 30% OFF
6104,1821,25.0,2014-01-01,2015-12-30,Friday,Viernes Promo 25% OFF
6105,2182,30.0,2014-01-01,2015-12-30,Tuesday,Martes Promo 30% OFF
6106,2182,25.0,2014-01-01,2015-12-30,Friday,Viernes Promo 25% OFF
6107,2064,30.0,2014-01-01,2015-12-30,Tuesday,Martes Promo 30% OFF
6108,2064,25.0,2014-01-01,2015-12-30,Friday,Viernes Promo 25% OFF
6109,2065,30.0,2014-01-01,2015-12-30,Tuesday,Martes Promo 30% OFF
6110,2065,25.0,2014-01-01,2015-12-30,Friday,Viernes Promo 25% OFF
6111,1837,30.0,2014-01-01,2015-12-30,Tuesday,Martes Promo 30% OFF
6112,1837,25.0,2014-01-01,2015-12-30,Friday,Viernes Promo 25% OFF
6113,2424,30.0,2014-01-01,2015-12-30,Tuesday,Martes Promo 30% OFF
6114,2424,25.0,2014-01-01,2015-12-30,Friday,Viernes Promo 25% OFF
6115,2421,30.0,2014-01-01,2015-12-30,Tuesday,Martes Promo 30% OFF
6116,2421,25.0,2014-01-01,2015-12-30,Friday,Viernes Promo 25% OFF
6117,2415,30.0,2014-01-01,2015-12-30,Tuesday,Martes Promo 30% OFF
6118,2415,25.0,2014-01-01,2015-12-30,Friday,Viernes Promo 25% OFF
6119,2425,30.0,2014-01-01,2015-12-30,Tuesday,Martes Promo 30% OFF
6120,2425,25.0,2014-01-01,2015-12-30,Friday,Viernes Promo 25% OFF
6121,2422,30.0,2014-01-01,2015-12-30,Tuesday,Martes Promo 30% OFF
6122,2422,25.0,2014-01-01,2015-12-30,Friday,Viernes Promo 25% OFF
6123,2418,30.0,2014-01-01,2015-12-30,Tuesday,Martes Promo 30% OFF
6124,2418,25.0,2014-01-01,2015-12-30,Friday,Viernes Promo 25% OFF
6125,1334,30.0,2014-01-01,2015-12-30,Tuesday,Martes Promo 30% OFF
6126,1334,25.0,2014-01-01,2015-12-30,Friday,Viernes Promo 25% OFF
6127,2768,30.0,2014-01-01,2015-12-30,Tuesday,Martes Promo 30% OFF
6128,2768,25.0,2014-01-01,2015-12-30,Friday,Viernes Promo 25% OFF
6129,1291,30.0,2014-01-01,2015-12-30,Tuesday,Martes Promo 30% OFF
6130,1291,25.0,2014-01-01,2015-12-30,Friday,Viernes Promo 25% OFF
6131,1776,30.0,2014-01-01,2015-12-30,Tuesday,Martes Promo 30% OFF
6132,1776,25.0,2014-01-01,2015-12-30,Friday,Viernes Promo 25% OFF
6133,3649,30.0,2014-01-01,2015-12-30,Tuesday,Martes Promo 30% OFF
6134,3649,25.0,2014-01-01,2015-12-30,Friday,Viernes Promo 25% OFF
6135,1293,30.0,2014-01-01,2015-12-30,Tuesday,Martes Promo 30% OFF
6136,1293,25.0,2014-01-01,2015-12-30,Friday,Viernes Promo 25% OFF
6137,1310,30.0,2014-01-01,2015-12-30,Tuesday,Martes Promo 30% OFF
6138,1310,25.0,2014-01-01,2015-12-30,Friday,Viernes Promo 25% OFF
6139,1309,30.0,2014-01-01,2015-12-30,Tuesday,Martes Promo 30% OFF
6140,1309,25.0,2014-01-01,2015-12-30,Friday,Viernes Promo 25% OFF
6141,558,30.0,2014-01-01,2015-12-30,Tuesday,Martes Promo 30% OFF
6142,558,25.0,2014-01-01,2015-12-30,Friday,Viernes Promo 25% OFF
6143,557,30.0,2014-01-01,2015-12-30,Tuesday,Martes Promo 30% OFF
6144,557,25.0,2014-01-01,2015-12-30,Friday,Viernes Promo 25% OFF
6145,1547,30.0,2014-01-01,2015-12-30,Tuesday,Martes Promo 30% OFF
6146,1547,25.0,2014-01-01,2015-12-30,Friday,Viernes Promo 25% OFF
6147,2577,30.0,2014-01-01,2015-12-30,Tuesday,Martes Promo 30% OFF
6148,2577,25.0,2014-01-01,2015-12-30,Friday,Viernes Promo 25% OFF
6149,3848,30.0,2014-01-01,2015-12-30,Tuesday,Martes Promo 30% OFF
6150,3848,25.0,2014-01-01,2015-12-30,Friday,Viernes Promo 25% OFF
6151,556,30.0,2014-01-01,2015-12-30,Tuesday,Martes Promo 30% OFF
6152,556,25.0,2014-01-01,2015-12-30,Friday,Viernes Promo 25% OFF
6153,2877,30.0,2014-01-01,2015-12-30,Tuesday,Martes Promo 30% OFF
6154,2877,25.0,2014-01-01,2015-12-30,Friday,Viernes Promo 25% OFF
6155,2879,30.0,2014-01-01,2015-12-30,Tuesday,Martes Promo 30% OFF
6156,2879,25.0,2014-01-01,2015-12-30,Friday,Viernes Promo 25% OFF
6157,2886,30.0,2014-01-01,2015-12-30,Tuesday,Martes Promo 30% OFF
6158,2886,25.0,2014-01-01,2015-12-30,Friday,Viernes Promo 25% OFF
6159,2882,30.0,2014-01-01,2015-12-30,Tuesday,Martes Promo 30% OFF
6160,2882,25.0,2014-01-01,2015-12-30,Friday,Viernes Promo 25% OFF
6161,2881,30.0,2014-01-01,2015-12-30,Tuesday,Martes Promo 30% OFF
6162,2881,25.0,2014-01-01,2015-12-30,Friday,Viernes Promo 25% OFF
6163,2883,30.0,2014-01-01,2015-12-30,Tuesday,Martes Promo 30% OFF
6164,2883,25.0,2014-01-01,2015-12-30,Friday,Viernes Promo 25% OFF
6165,1551,30.0,2014-01-01,2015-12-30,Tuesday,Martes Promo 30% OFF
6166,1551,25.0,2014-01-01,2015-12-30,Friday,Viernes Promo 25% OFF
6167,2762,30.0,2014-01-01,2015-12-30,Tuesday,Martes Promo 30% OFF
6168,2762,25.0,2014-01-01,2015-12-30,Friday,Viernes Promo 25% OFF
6169,1311,30.0,2014-01-01,2015-12-30,Tuesday,Martes Promo 30% OFF
6170,1311,25.0,2014-01-01,2015-12-30,Friday,Viernes Promo 25% OFF
6171,2435,30.0,2014-01-01,2015-12-30,Tuesday,Martes Promo 30% OFF
6172,2435,25.0,2014-01-01,2015-12-30,Friday,Viernes Promo 25% OFF
6173,2484,30.0,2014-01-01,2015-12-30,Tuesday,Martes Promo 30% OFF
6174,2484,25.0,2014-01-01,2015-12-30,Friday,Viernes Promo 25% OFF
6175,4020,30.0,2014-01-01,2015-12-30,Tuesday,Martes Promo 30% OFF
6176,4020,25.0,2014-01-01,2015-12-30,Friday,Viernes Promo 25% OFF
6177,1942,30.0,2014-01-01,2015-12-30,Tuesday,Martes Promo 30% OFF
6178,1942,25.0,2014-01-01,2015-12-30,Friday,Viernes Promo 25% OFF
6179,3089,30.0,2014-01-01,2015-12-30,Tuesday,Martes Promo 30% OFF
6180,3089,25.0,2014-01-01,2015-12-30,Friday,Viernes Promo 25% OFF
6181,2815,30.0,2014-01-01,2015-12-30,Tuesday,Martes Promo 30% OFF
6182,2815,25.0,2014-01-01,2015-12-30,Friday,Viernes Promo 25% OFF
6183,1552,30.0,2014-01-01,2015-12-30,Tuesday,Martes Promo 30% OFF
6184,1552,25.0,2014-01-01,2015-12-30,Friday,Viernes Promo 25% OFF
6185,2436,30.0,2014-01-01,2015-12-30,Tuesday,Martes Promo 30% OFF
6186,2436,25.0,2014-01-01,2015-12-30,Friday,Viernes Promo 25% OFF
6187,555,30.0,2014-01-01,2015-12-30,Tuesday,Martes Promo 30% OFF
6188,555,25.0,2014-01-01,2015-12-30,Friday,Viernes Promo 25% OFF
6189,3290,30.0,2014-01-01,2015-12-30,Tuesday,Martes Promo 30% OFF
6190,3290,25.0,2014-01-01,2015-12-30,Friday,Viernes Promo 25% OFF
6191,3305,30.0,2014-01-01,2015-12-30,Tuesday,Martes Promo 30% OFF
6192,3305,25.0,2014-01-01,2015-12-30,Friday,Viernes Promo 25% OFF
6193,3726,30.0,2014-01-01,2015-12-30,Tuesday,Martes Promo 30% OFF
6194,3726,25.0,2014-01-01,2015-12-30,Friday,Viernes Promo 25% OFF
6195,3082,30.0,2014-01-01,2015-12-30,Tuesday,Martes Promo 30% OFF
6196,3082,25.0,2014-01-01,2015-12-30,Friday,Viernes Promo 25% OFF
6197,1304,30.0,2014-01-01,2015-12-30,Tuesday,Martes Promo 30% OFF
6198,1304,25.0,2014-01-01,2015-12-30,Friday,Viernes Promo 25% OFF
6199,3385,30.0,2014-01-01,2015-12-30,Tuesday,Martes Promo 30% OFF
6200,3385,25.0,2014-01-01,2015-12-30,Friday,Viernes Promo 25% OFF
6201,1313,30.0,2014-01-01,2015-12-30,Tuesday,Martes Promo 30% OFF
6202,1313,25.0,2014-01-01,2015-12-30,Friday,Viernes Promo 25% OFF
6203,1945,30.0,2014-01-01,2015-12-30,Tuesday,Martes Promo 30% OFF
6204,1945,25.0,2014-01-01,2015-12-30,Friday,Viernes Promo 25% OFF
6205,305,30.0,2014-01-01,2015-12-30,Tuesday,Martes Promo 30% OFF
6206,305,25.0,2014-01-01,2015-12-30,Friday,Viernes Promo 25% OFF
6207,142,30.0,2014-01-01,2015-12-30,Tuesday,Martes Promo 30% OFF
6208,142,25.0,2014-01-01,2015-12-30,Friday,Viernes Promo 25% OFF
6209,903,30.0,2014-01-01,2015-12-30,Tuesday,Martes Promo 30% OFF
6210,903,25.0,2014-01-01,2015-12-30,Friday,Viernes Promo 25% OFF
6211,2434,30.0,2014-01-01,2015-12-30,Tuesday,Martes Promo 30% OFF
6212,2434,25.0,2014-01-01,2015-12-30,Friday,Viernes Promo 25% OFF
6213,2437,30.0,2014-01-01,2015-12-30,Tuesday,Martes Promo 30% OFF
6214,2437,25.0,2014-01-01,2015-12-30,Friday,Viernes Promo 25% OFF
6215,3580,30.0,2014-01-01,2015-12-30,Tuesday,Martes Promo 30% OFF
6216,3580,25.0,2014-01-01,2015-12-30,Friday,Viernes Promo 25% OFF
6217,3364,30.0,2014-01-01,2015-12-30,Tuesday,Martes Promo 30% OFF
6218,3364,25.0,2014-01-01,2015-12-30,Friday,Viernes Promo 25% OFF
6219,1768,30.0,2014-01-01,2015-12-30,Tuesday,Martes Promo 30% OFF
6220,1768,25.0,2014-01-01,2015-12-30,Friday,Viernes Promo 25% OFF
6221,819,30.0,2014-01-01,2015-12-30,Tuesday,Martes Promo 30% OFF
6222,819,25.0,2014-01-01,2015-12-30,Friday,Viernes Promo 25% OFF
6223,1928,30.0,2014-01-01,2015-12-30,Tuesday,Martes Promo 30% OFF
6224,1928,25.0,2014-01-01,2015-12-30,Friday,Viernes Promo 25% OFF
6225,2166,30.0,2014-01-01,2015-12-30,Tuesday,Martes Promo 30% OFF
6226,2166,25.0,2014-01-01,2015-12-30,Friday,Viernes Promo 25% OFF
6227,2164,30.0,2014-01-01,2015-12-30,Tuesday,Martes Promo 30% OFF
6228,2164,25.0,2014-01-01,2015-12-30,Friday,Viernes Promo 25% OFF
6229,817,30.0,2014-01-01,2015-12-30,Tuesday,Martes Promo 30% OFF
6230,817,25.0,2014-01-01,2015-12-30,Friday,Viernes Promo 25% OFF
6231,1902,30.0,2014-01-01,2015-12-30,Tuesday,Martes Promo 30% OFF
6232,1902,25.0,2014-01-01,2015-12-30,Friday,Viernes Promo 25% OFF
6233,1910,30.0,2014-01-01,2015-12-30,Tuesday,Martes Promo 30% OFF
6234,1910,25.0,2014-01-01,2015-12-30,Friday,Viernes Promo 25% OFF
6235,3380,30.0,2014-01-01,2015-12-30,Tuesday,Martes Promo 30% OFF
6236,3380,25.0,2014-01-01,2015-12-30,Friday,Viernes Promo 25% OFF
6237,3323,30.0,2014-01-01,2015-12-30,Tuesday,Martes Promo 30% OFF
6238,3323,25.0,2014-01-01,2015-12-30,Friday,Viernes Promo 25% OFF
6239,1470,30.0,2014-01-01,2015-12-30,Tuesday,Martes Promo 30% OFF
6240,1470,25.0,2014-01-01,2015-12-30,Friday,Viernes Promo 25% OFF
6241,3884,30.0,2014-01-01,2015-12-30,Tuesday,Martes Promo 30% OFF
6242,3884,25.0,2014-01-01,2015-12-30,Friday,Viernes Promo 25% OFF
6243,816,30.0,2014-01-01,2015-12-30,Tuesday,Martes Promo 30% OFF
6244,816,25.0,2014-01-01,2015-12-30,Friday,Viernes Promo 25% OFF
6245,1260,30.0,2014-01-01,2015-12-30,Tuesday,Martes Promo 30% OFF
6246,1260,25.0,2014-01-01,2015-12-30,Friday,Viernes Promo 25% OFF
6247,1261,30.0,2014-01-01,2015-12-30,Tuesday,Martes Promo 30% OFF
6248,1261,25.0,2014-01-01,2015-12-30,Friday,Viernes Promo 25% OFF
6249,1262,30.0,2014-01-01,2015-12-30,Tuesday,Martes Promo 30% OFF
6250,1262,25.0,2014-01-01,2015-12-30,Friday,Viernes Promo 25% OFF
6251,808,30.0,2014-01-01,2015-12-30,Tuesday,Martes Promo 30% OFF
6252,808,25.0,2014-01-01,2015-12-30,Friday,Viernes Promo 25% OFF
6253,1812,30.0,2014-01-01,2015-12-30,Tuesday,Martes Promo 30% OFF
6254,1812,25.0,2014-01-01,2015-12-30,Friday,Viernes Promo 25% OFF
6255,4019,30.0,2014-01-01,2015-12-30,Tuesday,Martes Promo 30% OFF
6256,4019,25.0,2014-01-01,2015-12-30,Friday,Viernes Promo 25% OFF
6257,3854,30.0,2014-01-01,2015-12-30,Tuesday,Martes Promo 30% OFF
6258,3854,25.0,2014-01-01,2015-12-30,Friday,Viernes Promo 25% OFF
6259,4008,30.0,2014-01-01,2015-12-30,Tuesday,Martes Promo 30% OFF
6260,4008,25.0,2014-01-01,2015-12-30,Friday,Viernes Promo 25% OFF
6261,4013,30.0,2014-01-01,2015-12-30,Tuesday,Martes Promo 30% OFF
6262,4013,25.0,2014-01-01,2015-12-30,Friday,Viernes Promo 25% OFF
6263,2086,30.0,2014-01-01,2015-12-30,Tuesday,Martes Promo 30% OFF
6264,2086,25.0,2014-01-01,2015-12-30,Friday,Viernes Promo 25% OFF
6265,4022,30.0,2014-01-01,2015-12-30,Tuesday,Martes Promo 30% OFF
6266,4022,25.0,2014-01-01,2015-12-30,Friday,Viernes Promo 25% OFF
6267,1314,30.0,2014-01-01,2015-12-30,Tuesday,Martes Promo 30% OFF
6268,1314,25.0,2014-01-01,2015-12-30,Friday,Viernes Promo 25% OFF
6269,1315,30.0,2014-01-01,2015-12-30,Tuesday,Martes Promo 30% OFF
6270,1315,25.0,2014-01-01,2015-12-30,Friday,Viernes Promo 25% OFF
6271,2469,30.0,2014-01-01,2015-12-30,Tuesday,Martes Promo 30% OFF
6272,2469,25.0,2014-01-01,2015-12-30,Friday,Viernes Promo 25% OFF
6273,1420,30.0,2014-01-01,2015-12-30,Tuesday,Martes Promo 30% OFF
6274,1420,25.0,2014-01-01,2015-12-30,Friday,Viernes Promo 25% OFF
6275,1419,30.0,2014-01-01,2015-12-30,Tuesday,Martes Promo 30% OFF
6276,1419,25.0,2014-01-01,2015-12-30,Friday,Viernes Promo 25% OFF
6277,1870,30.0,2014-01-01,2015-12-30,Tuesday,Martes Promo 30% OFF
6278,1870,25.0,2014-01-01,2015-12-30,Friday,Viernes Promo 25% OFF
6279,1187,30.0,2014-01-01,2015-12-30,Tuesday,Martes Promo 30% OFF
6280,1187,25.0,2014-01-01,2015-12-30,Friday,Viernes Promo 25% OFF
6281,3728,30.0,2014-01-01,2015-12-30,Tuesday,Martes Promo 30% OFF
6282,3728,25.0,2014-01-01,2015-12-30,Friday,Viernes Promo 25% OFF
6283,3083,30.0,2014-01-01,2015-12-30,Tuesday,Martes Promo 30% OFF
6284,3083,25.0,2014-01-01,2015-12-30,Friday,Viernes Promo 25% OFF
6285,1891,30.0,2014-01-01,2015-12-30,Tuesday,Martes Promo 30% OFF
6286,1891,25.0,2014-01-01,2015-12-30,Friday,Viernes Promo 25% OFF
6287,184,30.0,2014-01-01,2015-12-30,Tuesday,Martes Promo 30% OFF
6288,184,25.0,2014-01-01,2015-12-30,Friday,Viernes Promo 25% OFF
6289,1356,30.0,2014-01-01,2015-12-30,Tuesday,Martes Promo 30% OFF
6290,1356,25.0,2014-01-01,2015-12-30,Friday,Viernes Promo 25% OFF
6291,4009,30.0,2014-01-01,2015-12-30,Tuesday,Martes Promo 30% OFF
6292,4009,25.0,2014-01-01,2015-12-30,Friday,Viernes Promo 25% OFF
6293,3870,30.0,2014-01-01,2015-12-30,Tuesday,Martes Promo 30% OFF
6294,3870,25.0,2014-01-01,2015-12-30,Friday,Viernes Promo 25% OFF
6295,1969,30.0,2014-01-01,2015-12-30,Tuesday,Martes Promo 30% OFF
6296,1969,25.0,2014-01-01,2015-12-30,Friday,Viernes Promo 25% OFF
6297,1403,30.0,2014-01-01,2015-12-30,Tuesday,Martes Promo 30% OFF
6298,1403,25.0,2014-01-01,2015-12-30,Friday,Viernes Promo 25% OFF
6299,954,30.0,2014-01-01,2015-12-30,Tuesday,Martes Promo 30% OFF
6300,954,25.0,2014-01-01,2015-12-30,Friday,Viernes Promo 25% OFF
6301,2204,30.0,2014-01-01,2015-12-30,Tuesday,Martes Promo 30% OFF
6302,2204,25.0,2014-01-01,2015-12-30,Friday,Viernes Promo 25% OFF
6303,3049,30.0,2014-01-01,2015-12-30,Tuesday,Martes Promo 30% OFF
6304,3049,25.0,2014-01-01,2015-12-30,Friday,Viernes Promo 25% OFF
6305,1668,30.0,2014-01-01,2015-12-30,Tuesday,Martes Promo 30% OFF
6306,1668,25.0,2014-01-01,2015-12-30,Friday,Viernes Promo 25% OFF
6307,417,30.0,2014-01-01,2015-12-30,Tuesday,Martes Promo 30% OFF
6308,417,25.0,2014-01-01,2015-12-30,Friday,Viernes Promo 25% OFF
6309,1755,30.0,2014-01-01,2015-12-30,Tuesday,Martes Promo 30% OFF
6310,1755,25.0,2014-01-01,2015-12-30,Friday,Viernes Promo 25% OFF
6311,2555,30.0,2014-01-01,2015-12-30,Tuesday,Martes Promo 30% OFF
6312,2555,25.0,2014-01-01,2015-12-30,Friday,Viernes Promo 25% OFF
6313,2817,30.0,2014-01-01,2015-12-30,Tuesday,Martes Promo 30% OFF
6314,2817,25.0,2014-01-01,2015-12-30,Friday,Viernes Promo 25% OFF
6315,1558,30.0,2014-01-01,2015-12-30,Tuesday,Martes Promo 30% OFF
6316,1558,25.0,2014-01-01,2015-12-30,Friday,Viernes Promo 25% OFF
6317,826,30.0,2014-01-01,2015-12-30,Tuesday,Martes Promo 30% OFF
6318,826,25.0,2014-01-01,2015-12-30,Friday,Viernes Promo 25% OFF
6319,911,30.0,2014-01-01,2015-12-30,Tuesday,Martes Promo 30% OFF
6320,911,25.0,2014-01-01,2015-12-30,Friday,Viernes Promo 25% OFF
6321,3301,30.0,2014-01-01,2015-12-30,Tuesday,Martes Promo 30% OFF
6322,3301,25.0,2014-01-01,2015-12-30,Friday,Viernes Promo 25% OFF
6323,3298,30.0,2014-01-01,2015-12-30,Tuesday,Martes Promo 30% OFF
6324,3298,25.0,2014-01-01,2015-12-30,Friday,Viernes Promo 25% OFF
6325,1567,30.0,2014-01-01,2015-12-30,Tuesday,Martes Promo 30% OFF
6326,1567,25.0,2014-01-01,2015-12-30,Friday,Viernes Promo 25% OFF
6327,877,30.0,2014-01-01,2015-12-30,Tuesday,Martes Promo 30% OFF
6328,877,25.0,2014-01-01,2015-12-30,Friday,Viernes Promo 25% OFF
6329,1770,30.0,2014-01-01,2015-12-30,Tuesday,Martes Promo 30% OFF
6330,1770,25.0,2014-01-01,2015-12-30,Friday,Viernes Promo 25% OFF
6331,4027,30.0,2014-01-01,2015-12-30,Tuesday,Martes Promo 30% OFF
6332,4027,25.0,2014-01-01,2015-12-30,Friday,Viernes Promo 25% OFF
6333,20,30.0,2014-01-01,2015-12-30,Tuesday,Martes Promo 30% OFF
6334,20,25.0,2014-01-01,2015-12-30,Friday,Viernes Promo 25% OFF
6335,618,30.0,2014-01-01,2015-12-30,Tuesday,Martes Promo 30% OFF
6336,618,25.0,2014-01-01,2015-12-30,Friday,Viernes Promo 25% OFF
6337,2470,30.0,2014-01-01,2015-12-30,Tuesday,Martes Promo 30% OFF
6338,2470,25.0,2014-01-01,2015-12-30,Friday,Viernes Promo 25% OFF
6339,1252,30.0,2014-01-01,2015-12-30,Tuesday,Martes Promo 30% OFF
6340,1252,25.0,2014-01-01,2015-12-30,Friday,Viernes Promo 25% OFF
6341,1253,30.0,2014-01-01,2015-12-30,Tuesday,Martes Promo 30% OFF
6342,1253,25.0,2014-01-01,2015-12-30,Friday,Viernes Promo 25% OFF
6343,4023,30.0,2014-01-01,2015-12-30,Tuesday,Martes Promo 30% OFF
6344,4023,25.0,2014-01-01,2015-12-30,Friday,Viernes Promo 25% OFF
6345,144,30.0,2014-01-01,2015-12-30,Tuesday,Martes Promo 30% OFF
6346,144,25.0,2014-01-01,2015-12-30,Friday,Viernes Promo 25% OFF
6347,2238,30.0,2014-01-01,2015-12-30,Tuesday,Martes Promo 30% OFF
6348,2238,25.0,2014-01-01,2015-12-30,Friday,Viernes Promo 25% OFF
6349,961,30.0,2014-01-01,2015-12-30,Tuesday,Martes Promo 30% OFF
6350,961,25.0,2014-01-01,2015-12-30,Friday,Viernes Promo 25% OFF
6351,697,30.0,2014-01-01,2015-12-30,Tuesday,Martes Promo 30% OFF
6352,697,25.0,2014-01-01,2015-12-30,Friday,Viernes Promo 25% OFF
6353,1254,30.0,2014-01-01,2015-12-30,Tuesday,Martes Promo 30% OFF
6354,1254,25.0,2014-01-01,2015-12-30,Friday,Viernes Promo 25% OFF
6355,2606,30.0,2014-01-01,2015-12-30,Tuesday,Martes Promo 30% OFF
6356,2606,25.0,2014-01-01,2015-12-30,Friday,Viernes Promo 25% OFF
6357,673,30.0,2014-01-01,2015-12-30,Tuesday,Martes Promo 30% OFF
6358,673,25.0,2014-01-01,2015-12-30,Friday,Viernes Promo 25% OFF
6359,1810,30.0,2014-01-01,2015-12-30,Tuesday,Martes Promo 30% OFF
6360,1810,25.0,2014-01-01,2015-12-30,Friday,Viernes Promo 25% OFF
6361,1811,30.0,2014-01-01,2015-12-30,Tuesday,Martes Promo 30% OFF
6362,1811,25.0,2014-01-01,2015-12-30,Friday,Viernes Promo 25% OFF
6363,986,30.0,2014-01-01,2015-12-30,Tuesday,Martes Promo 30% OFF
6364,986,25.0,2014-01-01,2015-12-30,Friday,Viernes Promo 25% OFF
6365,2384,30.0,2014-01-01,2015-12-30,Tuesday,Martes Promo 30% OFF
6366,2384,25.0,2014-01-01,2015-12-30,Friday,Viernes Promo 25% OFF
6367,3862,30.0,2014-01-01,2015-12-30,Tuesday,Martes Promo 30% OFF
6368,3862,25.0,2014-01-01,2015-12-30,Friday,Viernes Promo 25% OFF
6369,3480,30.0,2014-01-01,2015-12-30,Tuesday,Martes Promo 30% OFF
6370,3480,25.0,2014-01-01,2015-12-30,Friday,Viernes Promo 25% OFF
6371,1676,30.0,2014-01-01,2015-12-30,Tuesday,Martes Promo 30% OFF
6372,1676,25.0,2014-01-01,2015-12-30,Friday,Viernes Promo 25% OFF
6373,1935,30.0,2014-01-01,2015-12-30,Tuesday,Martes Promo 30% OFF
6374,1935,25.0,2014-01-01,2015-12-30,Friday,Viernes Promo 25% OFF
6375,700,30.0,2014-01-01,2015-12-30,Tuesday,Martes Promo 30% OFF
6376,700,25.0,2014-01-01,2015-12-30,Friday,Viernes Promo 25% OFF
6377,2888,30.0,2014-01-01,2015-12-30,Tuesday,Martes Promo 30% OFF
6378,2888,25.0,2014-01-01,2015-12-30,Friday,Viernes Promo 25% OFF
6379,2857,30.0,2014-01-01,2015-12-30,Tuesday,Martes Promo 30% OFF
6380,2857,25.0,2014-01-01,2015-12-30,Friday,Viernes Promo 25% OFF
6381,1932,30.0,2014-01-01,2015-12-30,Tuesday,Martes Promo 30% OFF
6382,1932,25.0,2014-01-01,2015-12-30,Friday,Viernes Promo 25% OFF
6383,1933,30.0,2014-01-01,2015-12-30,Tuesday,Martes Promo 30% OFF
6384,1933,25.0,2014-01-01,2015-12-30,Friday,Viernes Promo 25% OFF
6385,701,30.0,2014-01-01,2015-12-30,Tuesday,Martes Promo 30% OFF
6386,701,25.0,2014-01-01,2015-12-30,Friday,Viernes Promo 25% OFF
6387,3127,30.0,2014-01-01,2015-12-30,Tuesday,Martes Promo 30% OFF
6388,3127,25.0,2014-01-01,2015-12-30,Friday,Viernes Promo 25% OFF
6389,3134,30.0,2014-01-01,2015-12-30,Tuesday,Martes Promo 30% OFF
6390,3134,25.0,2014-01-01,2015-12-30,Friday,Viernes Promo 25% OFF
6391,2416,30.0,2014-01-01,2015-12-30,Tuesday,Martes Promo 30% OFF
6392,2416,25.0,2014-01-01,2015-12-30,Friday,Viernes Promo 25% OFF
6393,3206,30.0,2014-01-01,2015-12-30,Tuesday,Martes Promo 30% OFF
6394,3206,25.0,2014-01-01,2015-12-30,Friday,Viernes Promo 25% OFF
6395,3184,30.0,2014-01-01,2015-12-30,Tuesday,Martes Promo 30% OFF
6396,3184,25.0,2014-01-01,2015-12-30,Friday,Viernes Promo 25% OFF
6397,3106,30.0,2014-01-01,2015-12-30,Tuesday,Martes Promo 30% OFF
6398,3106,25.0,2014-01-01,2015-12-30,Friday,Viernes Promo 25% OFF
6399,906,30.0,2014-01-01,2015-12-30,Tuesday,Martes Promo 30% OFF
6400,906,25.0,2014-01-01,2015-12-30,Friday,Viernes Promo 25% OFF
6401,1502,30.0,2014-01-01,2015-12-30,Tuesday,Martes Promo 30% OFF
6402,1502,25.0,2014-01-01,2015-12-30,Friday,Viernes Promo 25% OFF
6403,2650,30.0,2014-01-01,2015-12-30,Tuesday,Martes Promo 30% OFF
6404,2650,25.0,2014-01-01,2015-12-30,Friday,Viernes Promo 25% OFF
6405,3207,30.0,2014-01-01,2015-12-30,Tuesday,Martes Promo 30% OFF
6406,3207,25.0,2014-01-01,2015-12-30,Friday,Viernes Promo 25% OFF
6407,3139,30.0,2014-01-01,2015-12-30,Tuesday,Martes Promo 30% OFF
6408,3139,25.0,2014-01-01,2015-12-30,Friday,Viernes Promo 25% OFF
6409,3208,30.0,2014-01-01,2015-12-30,Tuesday,Martes Promo 30% OFF
6410,3208,25.0,2014-01-01,2015-12-30,Friday,Viernes Promo 25% OFF
6411,1672,30.0,2014-01-01,2015-12-30,Tuesday,Martes Promo 30% OFF
6412,1672,25.0,2014-01-01,2015-12-30,Friday,Viernes Promo 25% OFF
6413,3478,30.0,2014-01-01,2015-12-30,Tuesday,Martes Promo 30% OFF
6414,3478,25.0,2014-01-01,2015-12-30,Friday,Viernes Promo 25% OFF
6415,3079,30.0,2014-01-01,2015-12-30,Tuesday,Martes Promo 30% OFF
6416,3079,25.0,2014-01-01,2015-12-30,Friday,Viernes Promo 25% OFF
6417,121,30.0,2014-01-01,2015-12-30,Tuesday,Martes Promo 30% OFF
6418,121,25.0,2014-01-01,2015-12-30,Friday,Viernes Promo 25% OFF
6419,3970,30.0,2014-01-01,2015-12-30,Tuesday,Martes Promo 30% OFF
6420,3970,25.0,2014-01-01,2015-12-30,Friday,Viernes Promo 25% OFF
6421,2159,30.0,2014-01-01,2015-12-30,Tuesday,Martes Promo 30% OFF
6422,2159,25.0,2014-01-01,2015-12-30,Friday,Viernes Promo 25% OFF
6423,2695,30.0,2014-01-01,2015-12-30,Tuesday,Martes Promo 30% OFF
6424,2695,25.0,2014-01-01,2015-12-30,Friday,Viernes Promo 25% OFF
6425,1951,30.0,2014-01-01,2015-12-30,Tuesday,Martes Promo 30% OFF
6426,1951,25.0,2014-01-01,2015-12-30,Friday,Viernes Promo 25% OFF
6427,3844,30.0,2014-01-01,2015-12-30,Tuesday,Martes Promo 30% OFF
6428,3844,25.0,2014-01-01,2015-12-30,Friday,Viernes Promo 25% OFF
6429,3157,30.0,2014-01-01,2015-12-30,Tuesday,Martes Promo 30% OFF
6430,3157,25.0,2014-01-01,2015-12-30,Friday,Viernes Promo 25% OFF
6431,3161,30.0,2014-01-01,2015-12-30,Tuesday,Martes Promo 30% OFF
6432,3161,25.0,2014-01-01,2015-12-30,Friday,Viernes Promo 25% OFF
6433,3218,30.0,2014-01-01,2015-12-30,Tuesday,Martes Promo 30% OFF
6434,3218,25.0,2014-01-01,2015-12-30,Friday,Viernes Promo 25% OFF
6435,378,30.0,2014-01-01,2015-12-30,Tuesday,Martes Promo 30% OFF
6436,378,25.0,2014-01-01,2015-12-30,Friday,Viernes Promo 25% OFF
6437,2565,30.0,2014-01-01,2015-12-30,Tuesday,Martes Promo 30% OFF
6438,2565,25.0,2014-01-01,2015-12-30,Friday,Viernes Promo 25% OFF
6439,3133,30.0,2014-01-01,2015-12-30,Tuesday,Martes Promo 30% OFF
6440,3133,25.0,2014-01-01,2015-12-30,Friday,Viernes Promo 25% OFF
6441,3162,30.0,2014-01-01,2015-12-30,Tuesday,Martes Promo 30% OFF
6442,3162,25.0,2014-01-01,2015-12-30,Friday,Viernes Promo 25% OFF
6443,1016,30.0,2014-01-01,2015-12-30,Tuesday,Martes Promo 30% OFF
6444,1016,25.0,2014-01-01,2015-12-30,Friday,Viernes Promo 25% OFF
6445,3489,30.0,2014-01-01,2015-12-30,Tuesday,Martes Promo 30% OFF
6446,3489,25.0,2014-01-01,2015-12-30,Friday,Viernes Promo 25% OFF
6447,3628,30.0,2014-01-01,2015-12-30,Tuesday,Martes Promo 30% OFF
6448,3628,25.0,2014-01-01,2015-12-30,Friday,Viernes Promo 25% OFF
6449,3627,30.0,2014-01-01,2015-12-30,Tuesday,Martes Promo 30% OFF
6450,3627,25.0,2014-01-01,2015-12-30,Friday,Viernes Promo 25% OFF
6451,330,30.0,2014-01-01,2015-12-30,Tuesday,Martes Promo 30% OFF
6452,330,25.0,2014-01-01,2015-12-30,Friday,Viernes Promo 25% OFF
6453,2991,30.0,2014-01-01,2015-12-30,Tuesday,Martes Promo 30% OFF
6454,2991,25.0,2014-01-01,2015-12-30,Friday,Viernes Promo 25% OFF
6455,3160,30.0,2014-01-01,2015-12-30,Tuesday,Martes Promo 30% OFF
6456,3160,25.0,2014-01-01,2015-12-30,Friday,Viernes Promo 25% OFF
6457,51,30.0,2014-01-01,2015-12-30,Tuesday,Martes Promo 30% OFF
6458,51,25.0,2014-01-01,2015-12-30,Friday,Viernes Promo 25% OFF
6459,1327,30.0,2014-01-01,2015-12-30,Tuesday,Martes Promo 30% OFF
6460,1327,25.0,2014-01-01,2015-12-30,Friday,Viernes Promo 25% OFF
6461,3407,30.0,2014-01-01,2015-12-30,Tuesday,Martes Promo 30% OFF
6462,3407,25.0,2014-01-01,2015-12-30,Friday,Viernes Promo 25% OFF
6463,1015,30.0,2014-01-01,2015-12-30,Tuesday,Martes Promo 30% OFF
6464,1015,25.0,2014-01-01,2015-12-30,Friday,Viernes Promo 25% OFF
6465,550,30.0,2014-01-01,2015-12-30,Tuesday,Martes Promo 30% OFF
6466,550,25.0,2014-01-01,2015-12-30,Friday,Viernes Promo 25% OFF
6467,1958,30.0,2014-01-01,2015-12-30,Tuesday,Martes Promo 30% OFF
6468,1958,25.0,2014-01-01,2015-12-30,Friday,Viernes Promo 25% OFF
6469,1960,30.0,2014-01-01,2015-12-30,Tuesday,Martes Promo 30% OFF
6470,1960,25.0,2014-01-01,2015-12-30,Friday,Viernes Promo 25% OFF
6471,1954,30.0,2014-01-01,2015-12-30,Tuesday,Martes Promo 30% OFF
6472,1954,25.0,2014-01-01,2015-12-30,Friday,Viernes Promo 25% OFF
6473,2887,30.0,2014-01-01,2015-12-30,Tuesday,Martes Promo 30% OFF
6474,2887,25.0,2014-01-01,2015-12-30,Friday,Viernes Promo 25% OFF
6475,1393,30.0,2014-01-01,2015-12-30,Tuesday,Martes Promo 30% OFF
6476,1393,25.0,2014-01-01,2015-12-30,Friday,Viernes Promo 25% OFF
6477,953,30.0,2014-01-01,2015-12-30,Tuesday,Martes Promo 30% OFF
6478,953,25.0,2014-01-01,2015-12-30,Friday,Viernes Promo 25% OFF
6479,3573,30.0,2014-01-01,2015-12-30,Tuesday,Martes Promo 30% OFF
6480,3573,25.0,2014-01-01,2015-12-30,Friday,Viernes Promo 25% OFF
6481,2494,30.0,2014-01-01,2015-12-30,Tuesday,Martes Promo 30% OFF
6482,2494,25.0,2014-01-01,2015-12-30,Friday,Viernes Promo 25% OFF
6483,4012,30.0,2014-01-01,2015-12-30,Tuesday,Martes Promo 30% OFF
6484,4012,25.0,2014-01-01,2015-12-30,Friday,Viernes Promo 25% OFF
6485,3136,30.0,2014-01-01,2015-12-30,Tuesday,Martes Promo 30% OFF
6486,3136,25.0,2014-01-01,2015-12-30,Friday,Viernes Promo 25% OFF
6487,3137,30.0,2014-01-01,2015-12-30,Tuesday,Martes Promo 30% OFF
6488,3137,25.0,2014-01-01,2015-12-30,Friday,Viernes Promo 25% OFF
6489,3135,30.0,2014-01-01,2015-12-30,Tuesday,Martes Promo 30% OFF
6490,3135,25.0,2014-01-01,2015-12-30,Friday,Viernes Promo 25% OFF
6491,3105,30.0,2014-01-01,2015-12-30,Tuesday,Martes Promo 30% OFF
6492,3105,25.0,2014-01-01,2015-12-30,Friday,Viernes Promo 25% OFF
6493,3104,30.0,2014-01-01,2015-12-30,Tuesday,Martes Promo 30% OFF
6494,3104,25.0,2014-01-01,2015-12-30,Friday,Viernes Promo 25% OFF
6495,3750,30.0,2014-01-01,2015-12-30,Tuesday,Martes Promo 30% OFF
6496,3750,25.0,2014-01-01,2015-12-30,Friday,Viernes Promo 25% OFF
6497,1924,30.0,2014-01-01,2015-12-30,Tuesday,Martes Promo 30% OFF
6498,1924,25.0,2014-01-01,2015-12-30,Friday,Viernes Promo 25% OFF
6499,2699,30.0,2014-01-01,2015-12-30,Tuesday,Martes Promo 30% OFF
6500,2699,25.0,2014-01-01,2015-12-30,Friday,Viernes Promo 25% OFF
6501,1035,30.0,2014-01-01,2015-12-30,Tuesday,Martes Promo 30% OFF
6502,1035,25.0,2014-01-01,2015-12-30,Friday,Viernes Promo 25% OFF
6503,501,30.0,2014-01-01,2015-12-30,Tuesday,Martes Promo 30% OFF
6504,501,25.0,2014-01-01,2015-12-30,Friday,Viernes Promo 25% OFF
6505,1136,30.0,2014-01-01,2015-12-30,Tuesday,Martes Promo 30% OFF
6506,1136,25.0,2014-01-01,2015-12-30,Friday,Viernes Promo 25% OFF
6507,2646,30.0,2014-01-01,2015-12-30,Tuesday,Martes Promo 30% OFF
6508,2646,25.0,2014-01-01,2015-12-30,Friday,Viernes Promo 25% OFF
6509,1568,30.0,2014-01-01,2015-12-30,Tuesday,Martes Promo 30% OFF
6510,1568,25.0,2014-01-01,2015-12-30,Friday,Viernes Promo 25% OFF
6511,3734,30.0,2014-01-01,2015-12-30,Tuesday,Martes Promo 30% OFF
6512,3734,25.0,2014-01-01,2015-12-30,Friday,Viernes Promo 25% OFF
6513,1834,30.0,2014-01-01,2015-12-30,Tuesday,Martes Promo 30% OFF
6514,1834,25.0,2014-01-01,2015-12-30,Friday,Viernes Promo 25% OFF
6515,3391,30.0,2014-01-01,2015-12-30,Tuesday,Martes Promo 30% OFF
6516,3391,25.0,2014-01-01,2015-12-30,Friday,Viernes Promo 25% OFF
6517,778,30.0,2014-01-01,2015-12-30,Tuesday,Martes Promo 30% OFF
6518,778,25.0,2014-01-01,2015-12-30,Friday,Viernes Promo 25% OFF
6519,1465,30.0,2014-01-01,2015-12-30,Tuesday,Martes Promo 30% OFF
6520,1465,25.0,2014-01-01,2015-12-30,Friday,Viernes Promo 25% OFF
6521,1294,30.0,2014-01-01,2015-12-30,Tuesday,Martes Promo 30% OFF
6522,1294,25.0,2014-01-01,2015-12-30,Friday,Viernes Promo 25% OFF
6523,3725,30.0,2014-01-01,2015-12-30,Tuesday,Martes Promo 30% OFF
6524,3725,25.0,2014-01-01,2015-12-30,Friday,Viernes Promo 25% OFF
6525,183,30.0,2014-01-01,2015-12-30,Tuesday,Martes Promo 30% OFF
6526,183,25.0,2014-01-01,2015-12-30,Friday,Viernes Promo 25% OFF
6527,181,30.0,2014-01-01,2015-12-30,Tuesday,Martes Promo 30% OFF
6528,181,25.0,2014-01-01,2015-12-30,Friday,Viernes Promo 25% OFF
6529,180,30.0,2014-01-01,2015-12-30,Tuesday,Martes Promo 30% OFF
6530,180,25.0,2014-01-01,2015-12-30,Friday,Viernes Promo 25% OFF
6531,1520,30.0,2014-01-01,2015-12-30,Tuesday,Martes Promo 30% OFF
6532,1520,25.0,2014-01-01,2015-12-30,Friday,Viernes Promo 25% OFF
6533,3329,30.0,2014-01-01,2015-12-30,Tuesday,Martes Promo 30% OFF
6534,3329,25.0,2014-01-01,2015-12-30,Friday,Viernes Promo 25% OFF
6535,1534,30.0,2014-01-01,2015-12-30,Tuesday,Martes Promo 30% OFF
6536,1534,25.0,2014-01-01,2015-12-30,Friday,Viernes Promo 25% OFF
6537,779,30.0,2014-01-01,2015-12-30,Tuesday,Martes Promo 30% OFF
6538,779,25.0,2014-01-01,2015-12-30,Friday,Viernes Promo 25% OFF
6539,1133,30.0,2014-01-01,2015-12-30,Tuesday,Martes Promo 30% OFF
6540,1133,25.0,2014-01-01,2015-12-30,Friday,Viernes Promo 25% OFF
6541,1132,30.0,2014-01-01,2015-12-30,Tuesday,Martes Promo 30% OFF
6542,1132,25.0,2014-01-01,2015-12-30,Friday,Viernes Promo 25% OFF
6543,1135,30.0,2014-01-01,2015-12-30,Tuesday,Martes Promo 30% OFF
6544,1135,25.0,2014-01-01,2015-12-30,Friday,Viernes Promo 25% OFF
6545,1134,30.0,2014-01-01,2015-12-30,Tuesday,Martes Promo 30% OFF
6546,1134,25.0,2014-01-01,2015-12-30,Friday,Viernes Promo 25% OFF
6547,3433,30.0,2014-01-01,2015-12-30,Tuesday,Martes Promo 30% OFF
6548,3433,25.0,2014-01-01,2015-12-30,Friday,Viernes Promo 25% OFF
6549,1027,30.0,2014-01-01,2015-12-30,Tuesday,Martes Promo 30% OFF
6550,1027,25.0,2014-01-01,2015-12-30,Friday,Viernes Promo 25% OFF
6551,1026,30.0,2014-01-01,2015-12-30,Tuesday,Martes Promo 30% OFF
6552,1026,25.0,2014-01-01,2015-12-30,Friday,Viernes Promo 25% OFF
6553,3442,30.0,2014-01-01,2015-12-30,Tuesday,Martes Promo 30% OFF
6554,3442,25.0,2014-01-01,2015-12-30,Friday,Viernes Promo 25% OFF
6555,2869,30.0,2014-01-01,2015-12-30,Tuesday,Martes Promo 30% OFF
6556,2869,25.0,2014-01-01,2015-12-30,Friday,Viernes Promo 25% OFF
6557,3689,30.0,2014-01-01,2015-12-30,Tuesday,Martes Promo 30% OFF
6558,3689,25.0,2014-01-01,2015-12-30,Friday,Viernes Promo 25% OFF
6559,333,30.0,2014-01-01,2015-12-30,Tuesday,Martes Promo 30% OFF
6560,333,25.0,2014-01-01,2015-12-30,Friday,Viernes Promo 25% OFF
6561,617,30.0,2014-01-01,2015-12-30,Tuesday,Martes Promo 30% OFF
6562,617,25.0,2014-01-01,2015-12-30,Friday,Viernes Promo 25% OFF
6563,3751,30.0,2014-01-01,2015-12-30,Tuesday,Martes Promo 30% OFF
6564,3751,25.0,2014-01-01,2015-12-30,Friday,Viernes Promo 25% OFF
6565,3752,30.0,2014-01-01,2015-12-30,Tuesday,Martes Promo 30% OFF
6566,3752,25.0,2014-01-01,2015-12-30,Friday,Viernes Promo 25% OFF
6567,3756,30.0,2014-01-01,2015-12-30,Tuesday,Martes Promo 30% OFF
6568,3756,25.0,2014-01-01,2015-12-30,Friday,Viernes Promo 25% OFF
6569,3722,30.0,2014-01-01,2015-12-30,Tuesday,Martes Promo 30% OFF
6570,3722,25.0,2014-01-01,2015-12-30,Friday,Viernes Promo 25% OFF
6571,331,30.0,2014-01-01,2015-12-30,Tuesday,Martes Promo 30% OFF
6572,331,25.0,2014-01-01,2015-12-30,Friday,Viernes Promo 25% OFF
6573,1460,30.0,2014-01-01,2015-12-30,Tuesday,Martes Promo 30% OFF
6574,1460,25.0,2014-01-01,2015-12-30,Friday,Viernes Promo 25% OFF
6575,1459,30.0,2014-01-01,2015-12-30,Tuesday,Martes Promo 30% OFF
6576,1459,25.0,2014-01-01,2015-12-30,Friday,Viernes Promo 25% OFF
6577,1081,30.0,2014-01-01,2015-12-30,Tuesday,Martes Promo 30% OFF
6578,1081,25.0,2014-01-01,2015-12-30,Friday,Viernes Promo 25% OFF
6579,898,30.0,2014-01-01,2015-12-30,Tuesday,Martes Promo 30% OFF
6580,898,25.0,2014-01-01,2015-12-30,Friday,Viernes Promo 25% OFF
6581,1455,30.0,2014-01-01,2015-12-30,Tuesday,Martes Promo 30% OFF
6582,1455,25.0,2014-01-01,2015-12-30,Friday,Viernes Promo 25% OFF
6583,1085,30.0,2014-01-01,2015-12-30,Tuesday,Martes Promo 30% OFF
6584,1085,25.0,2014-01-01,2015-12-30,Friday,Viernes Promo 25% OFF
6585,1083,30.0,2014-01-01,2015-12-30,Tuesday,Martes Promo 30% OFF
6586,1083,25.0,2014-01-01,2015-12-30,Friday,Viernes Promo 25% OFF
6587,1086,30.0,2014-01-01,2015-12-30,Tuesday,Martes Promo 30% OFF
6588,1086,25.0,2014-01-01,2015-12-30,Friday,Viernes Promo 25% OFF
6589,1084,30.0,2014-01-01,2015-12-30,Tuesday,Martes Promo 30% OFF
6590,1084,25.0,2014-01-01,2015-12-30,Friday,Viernes Promo 25% OFF
6591,1082,30.0,2014-01-01,2015-12-30,Tuesday,Martes Promo 30% OFF
6592,1082,25.0,2014-01-01,2015-12-30,Friday,Viernes Promo 25% OFF
6593,1080,30.0,2014-01-01,2015-12-30,Tuesday,Martes Promo 30% OFF
6594,1080,25.0,2014-01-01,2015-12-30,Friday,Viernes Promo 25% OFF
6595,1461,30.0,2014-01-01,2015-12-30,Tuesday,Martes Promo 30% OFF
6596,1461,25.0,2014-01-01,2015-12-30,Friday,Viernes Promo 25% OFF
6597,1037,30.0,2014-01-01,2015-12-30,Tuesday,Martes Promo 30% OFF
6598,1037,25.0,2014-01-01,2015-12-30,Friday,Viernes Promo 25% OFF
6599,3609,30.0,2014-01-01,2015-12-30,Tuesday,Martes Promo 30% OFF
6600,3609,25.0,2014-01-01,2015-12-30,Friday,Viernes Promo 25% OFF
6601,1817,30.0,2014-01-01,2015-12-30,Tuesday,Martes Promo 30% OFF
6602,1817,25.0,2014-01-01,2015-12-30,Friday,Viernes Promo 25% OFF
6603,1504,30.0,2014-01-01,2015-12-30,Tuesday,Martes Promo 30% OFF
6604,1504,25.0,2014-01-01,2015-12-30,Friday,Viernes Promo 25% OFF
6605,1042,30.0,2014-01-01,2015-12-30,Tuesday,Martes Promo 30% OFF
6606,1042,25.0,2014-01-01,2015-12-30,Friday,Viernes Promo 25% OFF
6607,1040,30.0,2014-01-01,2015-12-30,Tuesday,Martes Promo 30% OFF
6608,1040,25.0,2014-01-01,2015-12-30,Friday,Viernes Promo 25% OFF
6609,3362,30.0,2014-01-01,2015-12-30,Tuesday,Martes Promo 30% OFF
6610,3362,25.0,2014-01-01,2015-12-30,Friday,Viernes Promo 25% OFF
6611,1488,30.0,2014-01-01,2015-12-30,Tuesday,Martes Promo 30% OFF
6612,1488,25.0,2014-01-01,2015-12-30,Friday,Viernes Promo 25% OFF
6613,1089,30.0,2014-01-01,2015-12-30,Tuesday,Martes Promo 30% OFF
6614,1089,25.0,2014-01-01,2015-12-30,Friday,Viernes Promo 25% OFF
6615,2351,30.0,2014-01-01,2015-12-30,Tuesday,Martes Promo 30% OFF
6616,2351,25.0,2014-01-01,2015-12-30,Friday,Viernes Promo 25% OFF
6617,3443,30.0,2014-01-01,2015-12-30,Tuesday,Martes Promo 30% OFF
6618,3443,25.0,2014-01-01,2015-12-30,Friday,Viernes Promo 25% OFF
6619,835,30.0,2014-01-01,2015-12-30,Tuesday,Martes Promo 30% OFF
6620,835,25.0,2014-01-01,2015-12-30,Friday,Viernes Promo 25% OFF
6621,2440,30.0,2014-01-01,2015-12-30,Tuesday,Martes Promo 30% OFF
6622,2440,25.0,2014-01-01,2015-12-30,Friday,Viernes Promo 25% OFF
6623,2357,30.0,2014-01-01,2015-12-30,Tuesday,Martes Promo 30% OFF
6624,2357,25.0,2014-01-01,2015-12-30,Friday,Viernes Promo 25% OFF
6625,2349,30.0,2014-01-01,2015-12-30,Tuesday,Martes Promo 30% OFF
6626,2349,25.0,2014-01-01,2015-12-30,Friday,Viernes Promo 25% OFF
6627,22,30.0,2014-01-01,2015-12-30,Tuesday,Martes Promo 30% OFF
6628,22,25.0,2014-01-01,2015-12-30,Friday,Viernes Promo 25% OFF
6629,101,30.0,2014-01-01,2015-12-30,Tuesday,Martes Promo 30% OFF
6630,101,25.0,2014-01-01,2015-12-30,Friday,Viernes Promo 25% OFF
6631,3543,30.0,2014-01-01,2015-12-30,Tuesday,Martes Promo 30% OFF
6632,3543,25.0,2014-01-01,2015-12-30,Friday,Viernes Promo 25% OFF
6633,339,30.0,2014-01-01,2015-12-30,Tuesday,Martes Promo 30% OFF
6634,339,25.0,2014-01-01,2015-12-30,Friday,Viernes Promo 25% OFF
6635,2638,30.0,2014-01-01,2015-12-30,Tuesday,Martes Promo 30% OFF
6636,2638,25.0,2014-01-01,2015-12-30,Friday,Viernes Promo 25% OFF
6637,2937,30.0,2014-01-01,2015-12-30,Tuesday,Martes Promo 30% OFF
6638,2937,25.0,2014-01-01,2015-12-30,Friday,Viernes Promo 25% OFF
6639,823,30.0,2014-01-01,2015-12-30,Tuesday,Martes Promo 30% OFF
6640,823,25.0,2014-01-01,2015-12-30,Friday,Viernes Promo 25% OFF
6641,3360,30.0,2014-01-01,2015-12-30,Tuesday,Martes Promo 30% OFF
6642,3360,25.0,2014-01-01,2015-12-30,Friday,Viernes Promo 25% OFF
6643,2541,30.0,2014-01-01,2015-12-30,Tuesday,Martes Promo 30% OFF
6644,2541,25.0,2014-01-01,2015-12-30,Friday,Viernes Promo 25% OFF
6645,3629,30.0,2014-01-01,2015-12-30,Tuesday,Martes Promo 30% OFF
6646,3629,25.0,2014-01-01,2015-12-30,Friday,Viernes Promo 25% OFF
6647,3544,30.0,2014-01-01,2015-12-30,Tuesday,Martes Promo 30% OFF
6648,3544,25.0,2014-01-01,2015-12-30,Friday,Viernes Promo 25% OFF
6649,1471,30.0,2014-01-01,2015-12-30,Tuesday,Martes Promo 30% OFF
6650,1471,25.0,2014-01-01,2015-12-30,Friday,Viernes Promo 25% OFF
6651,3985,30.0,2014-01-01,2015-12-30,Tuesday,Martes Promo 30% OFF
6652,3985,25.0,2014-01-01,2015-12-30,Friday,Viernes Promo 25% OFF
6653,2397,30.0,2014-01-01,2015-12-30,Tuesday,Martes Promo 30% OFF
6654,2397,25.0,2014-01-01,2015-12-30,Friday,Viernes Promo 25% OFF
6655,1088,30.0,2014-01-01,2015-12-30,Tuesday,Martes Promo 30% OFF
6656,1088,25.0,2014-01-01,2015-12-30,Friday,Viernes Promo 25% OFF
6657,863,30.0,2014-01-01,2015-12-30,Tuesday,Martes Promo 30% OFF
6658,863,25.0,2014-01-01,2015-12-30,Friday,Viernes Promo 25% OFF
6659,1895,30.0,2014-01-01,2015-12-30,Tuesday,Martes Promo 30% OFF
6660,1895,25.0,2014-01-01,2015-12-30,Friday,Viernes Promo 25% OFF
6661,784,30.0,2014-01-01,2015-12-30,Tuesday,Martes Promo 30% OFF
6662,784,25.0,2014-01-01,2015-12-30,Friday,Viernes Promo 25% OFF
6663,783,30.0,2014-01-01,2015-12-30,Tuesday,Martes Promo 30% OFF
6664,783,25.0,2014-01-01,2015-12-30,Friday,Viernes Promo 25% OFF
6665,3339,30.0,2014-01-01,2015-12-30,Tuesday,Martes Promo 30% OFF
6666,3339,25.0,2014-01-01,2015-12-30,Friday,Viernes Promo 25% OFF
6667,2896,30.0,2014-01-01,2015-12-30,Tuesday,Martes Promo 30% OFF
6668,2896,25.0,2014-01-01,2015-12-30,Friday,Viernes Promo 25% OFF
6669,1047,30.0,2014-01-01,2015-12-30,Tuesday,Martes Promo 30% OFF
6670,1047,25.0,2014-01-01,2015-12-30,Friday,Viernes Promo 25% OFF
6671,3175,30.0,2014-01-01,2015-12-30,Tuesday,Martes Promo 30% OFF
6672,3175,25.0,2014-01-01,2015-12-30,Friday,Viernes Promo 25% OFF
6673,3881,30.0,2014-01-01,2015-12-30,Tuesday,Martes Promo 30% OFF
6674,3881,25.0,2014-01-01,2015-12-30,Friday,Viernes Promo 25% OFF
6675,1773,30.0,2014-01-01,2015-12-30,Tuesday,Martes Promo 30% OFF
6676,1773,25.0,2014-01-01,2015-12-30,Friday,Viernes Promo 25% OFF
6677,2824,30.0,2014-01-01,2015-12-30,Tuesday,Martes Promo 30% OFF
6678,2824,25.0,2014-01-01,2015-12-30,Friday,Viernes Promo 25% OFF
6679,2140,30.0,2014-01-01,2015-12-30,Tuesday,Martes Promo 30% OFF
6680,2140,25.0,2014-01-01,2015-12-30,Friday,Viernes Promo 25% OFF
6681,2548,30.0,2014-01-01,2015-12-30,Tuesday,Martes Promo 30% OFF
6682,2548,25.0,2014-01-01,2015-12-30,Friday,Viernes Promo 25% OFF
6683,2892,30.0,2014-01-01,2015-12-30,Tuesday,Martes Promo 30% OFF
6684,2892,25.0,2014-01-01,2015-12-30,Friday,Viernes Promo 25% OFF
6685,598,30.0,2014-01-01,2015-12-30,Tuesday,Martes Promo 30% OFF
6686,598,25.0,2014-01-01,2015-12-30,Friday,Viernes Promo 25% OFF
6687,3680,30.0,2014-01-01,2015-12-30,Tuesday,Martes Promo 30% OFF
6688,3680,25.0,2014-01-01,2015-12-30,Friday,Viernes Promo 25% OFF
6689,780,30.0,2014-01-01,2015-12-30,Tuesday,Martes Promo 30% OFF
6690,780,25.0,2014-01-01,2015-12-30,Friday,Viernes Promo 25% OFF
6691,994,30.0,2014-01-01,2015-12-30,Tuesday,Martes Promo 30% OFF
6692,994,25.0,2014-01-01,2015-12-30,Friday,Viernes Promo 25% OFF
6693,479,30.0,2014-01-01,2015-12-30,Tuesday,Martes Promo 30% OFF
6694,479,25.0,2014-01-01,2015-12-30,Friday,Viernes Promo 25% OFF
6695,189,30.0,2014-01-01,2015-12-30,Tuesday,Martes Promo 30% OFF
6696,189,25.0,2014-01-01,2015-12-30,Friday,Viernes Promo 25% OFF
6697,1892,30.0,2014-01-01,2015-12-30,Tuesday,Martes Promo 30% OFF
6698,1892,25.0,2014-01-01,2015-12-30,Friday,Viernes Promo 25% OFF
6699,1043,30.0,2014-01-01,2015-12-30,Tuesday,Martes Promo 30% OFF
6700,1043,25.0,2014-01-01,2015-12-30,Friday,Viernes Promo 25% OFF
6701,1041,30.0,2014-01-01,2015-12-30,Tuesday,Martes Promo 30% OFF
6702,1041,25.0,2014-01-01,2015-12-30,Friday,Viernes Promo 25% OFF
6703,1087,30.0,2014-01-01,2015-12-30,Tuesday,Martes Promo 30% OFF
6704,1087,25.0,2014-01-01,2015-12-30,Friday,Viernes Promo 25% OFF
6705,1485,30.0,2014-01-01,2015-12-30,Tuesday,Martes Promo 30% OFF
6706,1485,25.0,2014-01-01,2015-12-30,Friday,Viernes Promo 25% OFF
6707,3111,30.0,2014-01-01,2015-12-30,Tuesday,Martes Promo 30% OFF
6708,3111,25.0,2014-01-01,2015-12-30,Friday,Viernes Promo 25% OFF
6709,3293,30.0,2014-01-01,2015-12-30,Tuesday,Martes Promo 30% OFF
6710,3293,25.0,2014-01-01,2015-12-30,Friday,Viernes Promo 25% OFF
6711,304,30.0,2014-01-01,2015-12-30,Tuesday,Martes Promo 30% OFF
6712,304,25.0,2014-01-01,2015-12-30,Friday,Viernes Promo 25% OFF
6713,3620,30.0,2014-01-01,2015-12-30,Tuesday,Martes Promo 30% OFF
6714,3620,25.0,2014-01-01,2015-12-30,Friday,Viernes Promo 25% OFF
6715,2554,30.0,2014-01-01,2015-12-30,Tuesday,Martes Promo 30% OFF
6716,2554,25.0,2014-01-01,2015-12-30,Friday,Viernes Promo 25% OFF
6717,1944,30.0,2014-01-01,2015-12-30,Tuesday,Martes Promo 30% OFF
6718,1944,25.0,2014-01-01,2015-12-30,Friday,Viernes Promo 25% OFF
6719,3776,30.0,2014-01-01,2015-12-30,Tuesday,Martes Promo 30% OFF
6720,3776,25.0,2014-01-01,2015-12-30,Friday,Viernes Promo 25% OFF
6721,1413,30.0,2014-01-01,2015-12-30,Tuesday,Martes Promo 30% OFF
6722,1413,25.0,2014-01-01,2015-12-30,Friday,Viernes Promo 25% OFF
6723,2981,30.0,2014-01-01,2015-12-30,Tuesday,Martes Promo 30% OFF
6724,2981,25.0,2014-01-01,2015-12-30,Friday,Viernes Promo 25% OFF
6725,2987,30.0,2014-01-01,2015-12-30,Tuesday,Martes Promo 30% OFF
6726,2987,25.0,2014-01-01,2015-12-30,Friday,Viernes Promo 25% OFF
6727,1298,30.0,2014-01-01,2015-12-30,Tuesday,Martes Promo 30% OFF
6728,1298,25.0,2014-01-01,2015-12-30,Friday,Viernes Promo 25% OFF
6729,1285,30.0,2014-01-01,2015-12-30,Tuesday,Martes Promo 30% OFF
6730,1285,25.0,2014-01-01,2015-12-30,Friday,Viernes Promo 25% OFF
6731,3159,30.0,2014-01-01,2015-12-30,Tuesday,Martes Promo 30% OFF
6732,3159,25.0,2014-01-01,2015-12-30,Friday,Viernes Promo 25% OFF
6733,1431,30.0,2014-01-01,2015-12-30,Tuesday,Martes Promo 30% OFF
6734,1431,25.0,2014-01-01,2015-12-30,Friday,Viernes Promo 25% OFF
6735,2187,30.0,2014-01-01,2015-12-30,Tuesday,Martes Promo 30% OFF
6736,2187,25.0,2014-01-01,2015-12-30,Friday,Viernes Promo 25% OFF
6737,2369,30.0,2014-01-01,2015-12-30,Tuesday,Martes Promo 30% OFF
6738,2369,25.0,2014-01-01,2015-12-30,Friday,Viernes Promo 25% OFF
6739,3742,30.0,2014-01-01,2015-12-30,Tuesday,Martes Promo 30% OFF
6740,3742,25.0,2014-01-01,2015-12-30,Friday,Viernes Promo 25% OFF
6741,528,30.0,2014-01-01,2015-12-30,Tuesday,Martes Promo 30% OFF
6742,528,25.0,2014-01-01,2015-12-30,Friday,Viernes Promo 25% OFF
6743,527,30.0,2014-01-01,2015-12-30,Tuesday,Martes Promo 30% OFF
6744,527,25.0,2014-01-01,2015-12-30,Friday,Viernes Promo 25% OFF
6745,861,30.0,2014-01-01,2015-12-30,Tuesday,Martes Promo 30% OFF
6746,861,25.0,2014-01-01,2015-12-30,Friday,Viernes Promo 25% OFF
6747,1761,30.0,2014-01-01,2015-12-30,Tuesday,Martes Promo 30% OFF
6748,1761,25.0,2014-01-01,2015-12-30,Friday,Viernes Promo 25% OFF
6749,3886,30.0,2014-01-01,2015-12-30,Tuesday,Martes Promo 30% OFF
6750,3886,25.0,2014-01-01,2015-12-30,Friday,Viernes Promo 25% OFF
6751,1570,30.0,2014-01-01,2015-12-30,Tuesday,Martes Promo 30% OFF
6752,1570,25.0,2014-01-01,2015-12-30,Friday,Viernes Promo 25% OFF
6753,1905,30.0,2014-01-01,2015-12-30,Tuesday,Martes Promo 30% OFF
6754,1905,25.0,2014-01-01,2015-12-30,Friday,Viernes Promo 25% OFF
6755,1912,30.0,2014-01-01,2015-12-30,Tuesday,Martes Promo 30% OFF
6756,1912,25.0,2014-01-01,2015-12-30,Friday,Viernes Promo 25% OFF
6757,1066,30.0,2014-01-01,2015-12-30,Tuesday,Martes Promo 30% OFF
6758,1066,25.0,2014-01-01,2015-12-30,Friday,Viernes Promo 25% OFF
6759,2818,30.0,2014-01-01,2015-12-30,Tuesday,Martes Promo 30% OFF
6760,2818,25.0,2014-01-01,2015-12-30,Friday,Viernes Promo 25% OFF
6761,1872,30.0,2014-01-01,2015-12-30,Tuesday,Martes Promo 30% OFF
6762,1872,25.0,2014-01-01,2015-12-30,Friday,Viernes Promo 25% OFF
6763,1979,30.0,2014-01-01,2015-12-30,Tuesday,Martes Promo 30% OFF
6764,1979,25.0,2014-01-01,2015-12-30,Friday,Viernes Promo 25% OFF
6765,3694,30.0,2014-01-01,2015-12-30,Tuesday,Martes Promo 30% OFF
6766,3694,25.0,2014-01-01,2015-12-30,Friday,Viernes Promo 25% OFF
6767,3545,30.0,2014-01-01,2015-12-30,Tuesday,Martes Promo 30% OFF
6768,3545,25.0,2014-01-01,2015-12-30,Friday,Viernes Promo 25% OFF
6769,3708,30.0,2014-01-01,2015-12-30,Tuesday,Martes Promo 30% OFF
6770,3708,25.0,2014-01-01,2015-12-30,Friday,Viernes Promo 25% OFF
6771,3204,30.0,2014-01-01,2015-12-30,Tuesday,Martes Promo 30% OFF
6772,3204,25.0,2014-01-01,2015-12-30,Friday,Viernes Promo 25% OFF
6773,3194,30.0,2014-01-01,2015-12-30,Tuesday,Martes Promo 30% OFF
6774,3194,25.0,2014-01-01,2015-12-30,Friday,Viernes Promo 25% OFF
6775,3091,30.0,2014-01-01,2015-12-30,Tuesday,Martes Promo 30% OFF
6776,3091,25.0,2014-01-01,2015-12-30,Friday,Viernes Promo 25% OFF
6777,3094,30.0,2014-01-01,2015-12-30,Tuesday,Martes Promo 30% OFF
6778,3094,25.0,2014-01-01,2015-12-30,Friday,Viernes Promo 25% OFF
6779,3080,30.0,2014-01-01,2015-12-30,Tuesday,Martes Promo 30% OFF
6780,3080,25.0,2014-01-01,2015-12-30,Friday,Viernes Promo 25% OFF
6781,2728,30.0,2014-01-01,2015-12-30,Tuesday,Martes Promo 30% OFF
6782,2728,25.0,2014-01-01,2015-12-30,Friday,Viernes Promo 25% OFF
6783,2980,30.0,2014-01-01,2015-12-30,Tuesday,Martes Promo 30% OFF
6784,2980,25.0,2014-01-01,2015-12-30,Friday,Viernes Promo 25% OFF
6785,1955,30.0,2014-01-01,2015-12-30,Tuesday,Martes Promo 30% OFF
6786,1955,25.0,2014-01-01,2015-12-30,Friday,Viernes Promo 25% OFF
6787,1172,30.0,2014-01-01,2015-12-30,Tuesday,Martes Promo 30% OFF
6788,1172,25.0,2014-01-01,2015-12-30,Friday,Viernes Promo 25% OFF
6789,1166,30.0,2014-01-01,2015-12-30,Tuesday,Martes Promo 30% OFF
6790,1166,25.0,2014-01-01,2015-12-30,Friday,Viernes Promo 25% OFF
6791,1174,30.0,2014-01-01,2015-12-30,Tuesday,Martes Promo 30% OFF
6792,1174,25.0,2014-01-01,2015-12-30,Friday,Viernes Promo 25% OFF
6793,3713,30.0,2014-01-01,2015-12-30,Tuesday,Martes Promo 30% OFF
6794,3713,25.0,2014-01-01,2015-12-30,Friday,Viernes Promo 25% OFF
6795,3714,30.0,2014-01-01,2015-12-30,Tuesday,Martes Promo 30% OFF
6796,3714,25.0,2014-01-01,2015-12-30,Friday,Viernes Promo 25% OFF
6797,2365,30.0,2014-01-01,2015-12-30,Tuesday,Martes Promo 30% OFF
6798,2365,25.0,2014-01-01,2015-12-30,Friday,Viernes Promo 25% OFF
6799,3711,30.0,2014-01-01,2015-12-30,Tuesday,Martes Promo 30% OFF
6800,3711,25.0,2014-01-01,2015-12-30,Friday,Viernes Promo 25% OFF
6801,3961,30.0,2014-01-01,2015-12-30,Tuesday,Martes Promo 30% OFF
6802,3961,25.0,2014-01-01,2015-12-30,Friday,Viernes Promo 25% OFF
6803,549,30.0,2014-01-01,2015-12-30,Tuesday,Martes Promo 30% OFF
6804,549,25.0,2014-01-01,2015-12-30,Friday,Viernes Promo 25% OFF
6805,315,30.0,2014-01-01,2015-12-30,Tuesday,Martes Promo 30% OFF
6806,315,25.0,2014-01-01,2015-12-30,Friday,Viernes Promo 25% OFF
6807,3460,30.0,2014-01-01,2015-12-30,Tuesday,Martes Promo 30% OFF
6808,3460,25.0,2014-01-01,2015-12-30,Friday,Viernes Promo 25% OFF
6809,3845,30.0,2014-01-01,2015-12-30,Tuesday,Martes Promo 30% OFF
6810,3845,25.0,2014-01-01,2015-12-30,Friday,Viernes Promo 25% OFF
6811,2746,30.0,2014-01-01,2015-12-30,Tuesday,Martes Promo 30% OFF
6812,2746,25.0,2014-01-01,2015-12-30,Friday,Viernes Promo 25% OFF
6813,2974,30.0,2014-01-01,2015-12-30,Tuesday,Martes Promo 30% OFF
6814,2974,25.0,2014-01-01,2015-12-30,Friday,Viernes Promo 25% OFF
6815,2286,30.0,2014-01-01,2015-12-30,Tuesday,Martes Promo 30% OFF
6816,2286,25.0,2014-01-01,2015-12-30,Friday,Viernes Promo 25% OFF
6817,3954,30.0,2014-01-01,2015-12-30,Tuesday,Martes Promo 30% OFF
6818,3954,25.0,2014-01-01,2015-12-30,Friday,Viernes Promo 25% OFF
6819,1934,30.0,2014-01-01,2015-12-30,Tuesday,Martes Promo 30% OFF
6820,1934,25.0,2014-01-01,2015-12-30,Friday,Viernes Promo 25% OFF
6821,2753,30.0,2014-01-01,2015-12-30,Tuesday,Martes Promo 30% OFF
6822,2753,25.0,2014-01-01,2015-12-30,Friday,Viernes Promo 25% OFF
6823,507,30.0,2014-01-01,2015-12-30,Tuesday,Martes Promo 30% OFF
6824,507,25.0,2014-01-01,2015-12-30,Friday,Viernes Promo 25% OFF
6825,1571,30.0,2014-01-01,2015-12-30,Tuesday,Martes Promo 30% OFF
6826,1571,25.0,2014-01-01,2015-12-30,Friday,Viernes Promo 25% OFF
6827,2740,30.0,2014-01-01,2015-12-30,Tuesday,Martes Promo 30% OFF
6828,2740,25.0,2014-01-01,2015-12-30,Friday,Viernes Promo 25% OFF
6829,3957,30.0,2014-01-01,2015-12-30,Tuesday,Martes Promo 30% OFF
6830,3957,25.0,2014-01-01,2015-12-30,Friday,Viernes Promo 25% OFF
6831,3977,30.0,2014-01-01,2015-12-30,Tuesday,Martes Promo 30% OFF
6832,3977,25.0,2014-01-01,2015-12-30,Friday,Viernes Promo 25% OFF
6833,3574,30.0,2014-01-01,2015-12-30,Tuesday,Martes Promo 30% OFF
6834,3574,25.0,2014-01-01,2015-12-30,Friday,Viernes Promo 25% OFF
6835,932,30.0,2014-01-01,2015-12-30,Tuesday,Martes Promo 30% OFF
6836,932,25.0,2014-01-01,2015-12-30,Friday,Viernes Promo 25% OFF
6837,930,30.0,2014-01-01,2015-12-30,Tuesday,Martes Promo 30% OFF
6838,930,25.0,2014-01-01,2015-12-30,Friday,Viernes Promo 25% OFF
6839,3981,30.0,2014-01-01,2015-12-30,Tuesday,Martes Promo 30% OFF
6840,3981,25.0,2014-01-01,2015-12-30,Friday,Viernes Promo 25% OFF
6841,3968,30.0,2014-01-01,2015-12-30,Tuesday,Martes Promo 30% OFF
6842,3968,25.0,2014-01-01,2015-12-30,Friday,Viernes Promo 25% OFF
6843,3975,30.0,2014-01-01,2015-12-30,Tuesday,Martes Promo 30% OFF
6844,3975,25.0,2014-01-01,2015-12-30,Friday,Viernes Promo 25% OFF
6845,321,30.0,2014-01-01,2015-12-30,Tuesday,Martes Promo 30% OFF
6846,321,25.0,2014-01-01,2015-12-30,Friday,Viernes Promo 25% OFF
6847,3951,30.0,2014-01-01,2015-12-30,Tuesday,Martes Promo 30% OFF
6848,3951,25.0,2014-01-01,2015-12-30,Friday,Viernes Promo 25% OFF
6849,445,30.0,2014-01-01,2015-12-30,Tuesday,Martes Promo 30% OFF
6850,445,25.0,2014-01-01,2015-12-30,Friday,Viernes Promo 25% OFF
6851,2651,30.0,2014-01-01,2015-12-30,Tuesday,Martes Promo 30% OFF
6852,2651,25.0,2014-01-01,2015-12-30,Friday,Viernes Promo 25% OFF
6853,1737,30.0,2014-01-01,2015-12-30,Tuesday,Martes Promo 30% OFF
6854,1737,25.0,2014-01-01,2015-12-30,Friday,Viernes Promo 25% OFF
6855,1025,30.0,2014-01-01,2015-12-30,Tuesday,Martes Promo 30% OFF
6856,1025,25.0,2014-01-01,2015-12-30,Friday,Viernes Promo 25% OFF
6857,3440,30.0,2014-01-01,2015-12-30,Tuesday,Martes Promo 30% OFF
6858,3440,25.0,2014-01-01,2015-12-30,Friday,Viernes Promo 25% OFF
6859,1039,30.0,2014-01-01,2015-12-30,Tuesday,Martes Promo 30% OFF
6860,1039,25.0,2014-01-01,2015-12-30,Friday,Viernes Promo 25% OFF
6861,2294,30.0,2014-01-01,2015-12-30,Tuesday,Martes Promo 30% OFF
6862,2294,25.0,2014-01-01,2015-12-30,Friday,Viernes Promo 25% OFF
6863,2525,30.0,2014-01-01,2015-12-30,Tuesday,Martes Promo 30% OFF
6864,2525,25.0,2014-01-01,2015-12-30,Friday,Viernes Promo 25% OFF
6865,1976,30.0,2014-01-01,2015-12-30,Tuesday,Martes Promo 30% OFF
6866,1976,25.0,2014-01-01,2015-12-30,Friday,Viernes Promo 25% OFF
6867,2177,30.0,2014-01-01,2015-12-30,Tuesday,Martes Promo 30% OFF
6868,2177,25.0,2014-01-01,2015-12-30,Friday,Viernes Promo 25% OFF
6869,3709,30.0,2014-01-01,2015-12-30,Tuesday,Martes Promo 30% OFF
6870,3709,25.0,2014-01-01,2015-12-30,Friday,Viernes Promo 25% OFF
6871,2165,30.0,2014-01-01,2015-12-30,Tuesday,Martes Promo 30% OFF
6872,2165,25.0,2014-01-01,2015-12-30,Friday,Viernes Promo 25% OFF
6873,3695,30.0,2014-01-01,2015-12-30,Tuesday,Martes Promo 30% OFF
6874,3695,25.0,2014-01-01,2015-12-30,Friday,Viernes Promo 25% OFF
6875,1508,30.0,2014-01-01,2015-12-30,Tuesday,Martes Promo 30% OFF
6876,1508,25.0,2014-01-01,2015-12-30,Friday,Viernes Promo 25% OFF
6877,3086,30.0,2014-01-01,2015-12-30,Tuesday,Martes Promo 30% OFF
6878,3086,25.0,2014-01-01,2015-12-30,Friday,Viernes Promo 25% OFF
6879,3096,30.0,2014-01-01,2015-12-30,Tuesday,Martes Promo 30% OFF
6880,3096,25.0,2014-01-01,2015-12-30,Friday,Viernes Promo 25% OFF
6881,3712,30.0,2014-01-01,2015-12-30,Tuesday,Martes Promo 30% OFF
6882,3712,25.0,2014-01-01,2015-12-30,Friday,Viernes Promo 25% OFF
6883,1436,30.0,2014-01-01,2015-12-30,Tuesday,Martes Promo 30% OFF
6884,1436,25.0,2014-01-01,2015-12-30,Friday,Viernes Promo 25% OFF
6885,91,30.0,2014-01-01,2015-12-30,Tuesday,Martes Promo 30% OFF
6886,91,25.0,2014-01-01,2015-12-30,Friday,Viernes Promo 25% OFF
6887,90,30.0,2014-01-01,2015-12-30,Tuesday,Martes Promo 30% OFF
6888,90,25.0,2014-01-01,2015-12-30,Friday,Viernes Promo 25% OFF
6889,2862,30.0,2014-01-01,2015-12-30,Tuesday,Martes Promo 30% OFF
6890,2862,25.0,2014-01-01,2015-12-30,Friday,Viernes Promo 25% OFF
6891,2861,30.0,2014-01-01,2015-12-30,Tuesday,Martes Promo 30% OFF
6892,2861,25.0,2014-01-01,2015-12-30,Friday,Viernes Promo 25% OFF
6893,3092,30.0,2014-01-01,2015-12-30,Tuesday,Martes Promo 30% OFF
6894,3092,25.0,2014-01-01,2015-12-30,Friday,Viernes Promo 25% OFF
6895,454,30.0,2014-01-01,2015-12-30,Tuesday,Martes Promo 30% OFF
6896,454,25.0,2014-01-01,2015-12-30,Friday,Viernes Promo 25% OFF
6897,2954,30.0,2014-01-01,2015-12-30,Tuesday,Martes Promo 30% OFF
6898,2954,25.0,2014-01-01,2015-12-30,Friday,Viernes Promo 25% OFF
6899,2955,30.0,2014-01-01,2015-12-30,Tuesday,Martes Promo 30% OFF
6900,2955,25.0,2014-01-01,2015-12-30,Friday,Viernes Promo 25% OFF
6901,1435,30.0,2014-01-01,2015-12-30,Tuesday,Martes Promo 30% OFF
6902,1435,25.0,2014-01-01,2015-12-30,Friday,Viernes Promo 25% OFF
6903,2953,30.0,2014-01-01,2015-12-30,Tuesday,Martes Promo 30% OFF
6904,2953,25.0,2014-01-01,2015-12-30,Friday,Viernes Promo 25% OFF
6905,2952,30.0,2014-01-01,2015-12-30,Tuesday,Martes Promo 30% OFF
6906,2952,25.0,2014-01-01,2015-12-30,Friday,Viernes Promo 25% OFF
6907,1835,30.0,2014-01-01,2015-12-30,Tuesday,Martes Promo 30% OFF
6908,1835,25.0,2014-01-01,2015-12-30,Friday,Viernes Promo 25% OFF
6909,124,30.0,2014-01-01,2015-12-30,Tuesday,Martes Promo 30% OFF
6910,124,25.0,2014-01-01,2015-12-30,Friday,Viernes Promo 25% OFF
6911,3949,30.0,2014-01-01,2015-12-30,Tuesday,Martes Promo 30% OFF
6912,3949,25.0,2014-01-01,2015-12-30,Friday,Viernes Promo 25% OFF
6913,3158,30.0,2014-01-01,2015-12-30,Tuesday,Martes Promo 30% OFF
6914,3158,25.0,2014-01-01,2015-12-30,Friday,Viernes Promo 25% OFF
6915,3003,30.0,2014-01-01,2015-12-30,Tuesday,Martes Promo 30% OFF
6916,3003,25.0,2014-01-01,2015-12-30,Friday,Viernes Promo 25% OFF
6917,2743,30.0,2014-01-01,2015-12-30,Tuesday,Martes Promo 30% OFF
6918,2743,25.0,2014-01-01,2015-12-30,Friday,Viernes Promo 25% OFF
6919,1836,30.0,2014-01-01,2015-12-30,Tuesday,Martes Promo 30% OFF
6920,1836,25.0,2014-01-01,2015-12-30,Friday,Viernes Promo 25% OFF
6921,2025,30.0,2014-01-01,2015-12-30,Tuesday,Martes Promo 30% OFF
6922,2025,25.0,2014-01-01,2015-12-30,Friday,Viernes Promo 25% OFF
6923,3087,30.0,2014-01-01,2015-12-30,Tuesday,Martes Promo 30% OFF
6924,3087,25.0,2014-01-01,2015-12-30,Friday,Viernes Promo 25% OFF
6925,3488,30.0,2014-01-01,2015-12-30,Tuesday,Martes Promo 30% OFF
6926,3488,25.0,2014-01-01,2015-12-30,Friday,Viernes Promo 25% OFF
6927,1781,30.0,2014-01-01,2015-12-30,Tuesday,Martes Promo 30% OFF
6928,1781,25.0,2014-01-01,2015-12-30,Friday,Viernes Promo 25% OFF
6929,971,30.0,2014-01-01,2015-12-30,Tuesday,Martes Promo 30% OFF
6930,971,25.0,2014-01-01,2015-12-30,Friday,Viernes Promo 25% OFF
6931,216,30.0,2014-01-01,2015-12-30,Tuesday,Martes Promo 30% OFF
6932,216,25.0,2014-01-01,2015-12-30,Friday,Viernes Promo 25% OFF
6933,2104,30.0,2014-01-01,2015-12-30,Tuesday,Martes Promo 30% OFF
6934,2104,25.0,2014-01-01,2015-12-30,Friday,Viernes Promo 25% OFF
6935,972,30.0,2014-01-01,2015-12-30,Tuesday,Martes Promo 30% OFF
6936,972,25.0,2014-01-01,2015-12-30,Friday,Viernes Promo 25% OFF
6937,1783,30.0,2014-01-01,2015-12-30,Tuesday,Martes Promo 30% OFF
6938,1783,25.0,2014-01-01,2015-12-30,Friday,Viernes Promo 25% OFF
6939,1782,30.0,2014-01-01,2015-12-30,Tuesday,Martes Promo 30% OFF
6940,1782,25.0,2014-01-01,2015-12-30,Friday,Viernes Promo 25% OFF
6941,2024,30.0,2014-01-01,2015-12-30,Tuesday,Martes Promo 30% OFF
6942,2024,25.0,2014-01-01,2015-12-30,Friday,Viernes Promo 25% OFF
6943,3950,30.0,2014-01-01,2015-12-30,Tuesday,Martes Promo 30% OFF
6944,3950,25.0,2014-01-01,2015-12-30,Friday,Viernes Promo 25% OFF
6945,3487,30.0,2014-01-01,2015-12-30,Tuesday,Martes Promo 30% OFF
6946,3487,25.0,2014-01-01,2015-12-30,Friday,Viernes Promo 25% OFF
6947,3156,30.0,2014-01-01,2015-12-30,Tuesday,Martes Promo 30% OFF
6948,3156,25.0,2014-01-01,2015-12-30,Friday,Viernes Promo 25% OFF
6949,3084,30.0,2014-01-01,2015-12-30,Tuesday,Martes Promo 30% OFF
6950,3084,25.0,2014-01-01,2015-12-30,Friday,Viernes Promo 25% OFF
6951,973,30.0,2014-01-01,2015-12-30,Tuesday,Martes Promo 30% OFF
6952,973,25.0,2014-01-01,2015-12-30,Friday,Viernes Promo 25% OFF
6953,1617,30.0,2014-01-01,2015-12-30,Tuesday,Martes Promo 30% OFF
6954,1617,25.0,2014-01-01,2015-12-30,Friday,Viernes Promo 25% OFF
6955,3097,30.0,2014-01-01,2015-12-30,Tuesday,Martes Promo 30% OFF
6956,3097,25.0,2014-01-01,2015-12-30,Friday,Viernes Promo 25% OFF
6957,1635,30.0,2014-01-01,2015-12-30,Tuesday,Martes Promo 30% OFF
6958,1635,25.0,2014-01-01,2015-12-30,Friday,Viernes Promo 25% OFF
6959,3004,30.0,2014-01-01,2015-12-30,Tuesday,Martes Promo 30% OFF
6960,3004,25.0,2014-01-01,2015-12-30,Friday,Viernes Promo 25% OFF
6961,2518,30.0,2014-01-01,2015-12-30,Tuesday,Martes Promo 30% OFF
6962,2518,25.0,2014-01-01,2015-12-30,Friday,Viernes Promo 25% OFF
6963,119,30.0,2014-01-01,2015-12-30,Tuesday,Martes Promo 30% OFF
6964,119,25.0,2014-01-01,2015-12-30,Friday,Viernes Promo 25% OFF
6965,3982,30.0,2014-01-01,2015-12-30,Tuesday,Martes Promo 30% OFF
6966,3982,25.0,2014-01-01,2015-12-30,Friday,Viernes Promo 25% OFF
6967,3002,30.0,2014-01-01,2015-12-30,Tuesday,Martes Promo 30% OFF
6968,3002,25.0,2014-01-01,2015-12-30,Friday,Viernes Promo 25% OFF
6969,2657,30.0,2014-01-01,2015-12-30,Tuesday,Martes Promo 30% OFF
6970,2657,25.0,2014-01-01,2015-12-30,Friday,Viernes Promo 25% OFF
6971,120,30.0,2014-01-01,2015-12-30,Tuesday,Martes Promo 30% OFF
6972,120,25.0,2014-01-01,2015-12-30,Friday,Viernes Promo 25% OFF
6973,3001,30.0,2014-01-01,2015-12-30,Tuesday,Martes Promo 30% OFF
6974,3001,25.0,2014-01-01,2015-12-30,Friday,Viernes Promo 25% OFF
6975,3710,30.0,2014-01-01,2015-12-30,Tuesday,Martes Promo 30% OFF
6976,3710,25.0,2014-01-01,2015-12-30,Friday,Viernes Promo 25% OFF
6977,425,30.0,2014-01-01,2015-12-30,Tuesday,Martes Promo 30% OFF
6978,425,25.0,2014-01-01,2015-12-30,Friday,Viernes Promo 25% OFF
6979,1728,30.0,2014-01-01,2015-12-30,Tuesday,Martes Promo 30% OFF
6980,1728,25.0,2014-01-01,2015-12-30,Friday,Viernes Promo 25% OFF
6981,1723,30.0,2014-01-01,2015-12-30,Tuesday,Martes Promo 30% OFF
6982,1723,25.0,2014-01-01,2015-12-30,Friday,Viernes Promo 25% OFF
6983,86,30.0,2014-01-01,2015-12-30,Tuesday,Martes Promo 30% OFF
6984,86,25.0,2014-01-01,2015-12-30,Friday,Viernes Promo 25% OFF
6985,2004,30.0,2014-01-01,2015-12-30,Tuesday,Martes Promo 30% OFF
6986,2004,25.0,2014-01-01,2015-12-30,Friday,Viernes Promo 25% OFF
6987,31,30.0,2014-01-01,2015-12-30,Tuesday,Martes Promo 30% OFF
6988,31,25.0,2014-01-01,2015-12-30,Friday,Viernes Promo 25% OFF
6989,1644,30.0,2014-01-01,2015-12-30,Tuesday,Martes Promo 30% OFF
6990,1644,25.0,2014-01-01,2015-12-30,Friday,Viernes Promo 25% OFF
6991,1727,30.0,2014-01-01,2015-12-30,Tuesday,Martes Promo 30% OFF
6992,1727,25.0,2014-01-01,2015-12-30,Friday,Viernes Promo 25% OFF
6993,991,30.0,2014-01-01,2015-12-30,Tuesday,Martes Promo 30% OFF
6994,991,25.0,2014-01-01,2015-12-30,Friday,Viernes Promo 25% OFF
6995,993,30.0,2014-01-01,2015-12-30,Tuesday,Martes Promo 30% OFF
6996,993,25.0,2014-01-01,2015-12-30,Friday,Viernes Promo 25% OFF
6997,85,30.0,2014-01-01,2015-12-30,Tuesday,Martes Promo 30% OFF
6998,85,25.0,2014-01-01,2015-12-30,Friday,Viernes Promo 25% OFF
6999,1556,30.0,2014-01-01,2015-12-30,Tuesday,Martes Promo 30% OFF
7000,1556,25.0,2014-01-01,2015-12-30,Friday,Viernes Promo 25% OFF
7001,864,30.0,2014-01-01,2015-12-30,Tuesday,Martes Promo 30% OFF
7002,864,25.0,2014-01-01,2015-12-30,Friday,Viernes Promo 25% OFF
7003,1743,30.0,2014-01-01,2015-12-30,Tuesday,Martes Promo 30% OFF
7004,1743,25.0,2014-01-01,2015-12-30,Friday,Viernes Promo 25% OFF
7005,2244,30.0,2014-01-01,2015-12-30,Tuesday,Martes Promo 30% OFF
7006,2244,25.0,2014-01-01,2015-12-30,Friday,Viernes Promo 25% OFF
7007,1605,30.0,2014-01-01,2015-12-30,Tuesday,Martes Promo 30% OFF
7008,1605,25.0,2014-01-01,2015-12-30,Friday,Viernes Promo 25% OFF
7009,3292,30.0,2014-01-01,2015-12-30,Tuesday,Martes Promo 30% OFF
7010,3292,25.0,2014-01-01,2015-12-30,Friday,Viernes Promo 25% OFF
7011,2229,30.0,2014-01-01,2015-12-30,Tuesday,Martes Promo 30% OFF
7012,2229,25.0,2014-01-01,2015-12-30,Friday,Viernes Promo 25% OFF
7013,996,30.0,2014-01-01,2015-12-30,Tuesday,Martes Promo 30% OFF
7014,996,25.0,2014-01-01,2015-12-30,Friday,Viernes Promo 25% OFF
7015,2217,30.0,2014-01-01,2015-12-30,Tuesday,Martes Promo 30% OFF
7016,2217,25.0,2014-01-01,2015-12-30,Friday,Viernes Promo 25% OFF
7017,1637,30.0,2014-01-01,2015-12-30,Tuesday,Martes Promo 30% OFF
7018,1637,25.0,2014-01-01,2015-12-30,Friday,Viernes Promo 25% OFF
7019,724,30.0,2014-01-01,2015-12-30,Tuesday,Martes Promo 30% OFF
7020,724,25.0,2014-01-01,2015-12-30,Friday,Viernes Promo 25% OFF
7021,1645,30.0,2014-01-01,2015-12-30,Tuesday,Martes Promo 30% OFF
7022,1645,25.0,2014-01-01,2015-12-30,Friday,Viernes Promo 25% OFF
7023,32,30.0,2014-01-01,2015-12-30,Tuesday,Martes Promo 30% OFF
7024,32,25.0,2014-01-01,2015-12-30,Friday,Viernes Promo 25% OFF
7025,1287,30.0,2014-01-01,2015-12-30,Tuesday,Martes Promo 30% OFF
7026,1287,25.0,2014-01-01,2015-12-30,Friday,Viernes Promo 25% OFF
7027,1140,30.0,2014-01-01,2015-12-30,Tuesday,Martes Promo 30% OFF
7028,1140,25.0,2014-01-01,2015-12-30,Friday,Viernes Promo 25% OFF
7029,1074,30.0,2014-01-01,2015-12-30,Tuesday,Martes Promo 30% OFF
7030,1074,25.0,2014-01-01,2015-12-30,Friday,Viernes Promo 25% OFF
7031,117,30.0,2014-01-01,2015-12-30,Tuesday,Martes Promo 30% OFF
7032,117,25.0,2014-01-01,2015-12-30,Friday,Viernes Promo 25% OFF
7033,2725,30.0,2014-01-01,2015-12-30,Tuesday,Martes Promo 30% OFF
7034,2725,25.0,2014-01-01,2015-12-30,Friday,Viernes Promo 25% OFF
7035,1629,30.0,2014-01-01,2015-12-30,Tuesday,Martes Promo 30% OFF
7036,1629,25.0,2014-01-01,2015-12-30,Friday,Viernes Promo 25% OFF
7037,3522,30.0,2014-01-01,2015-12-30,Tuesday,Martes Promo 30% OFF
7038,3522,25.0,2014-01-01,2015-12-30,Friday,Viernes Promo 25% OFF
7039,2340,30.0,2014-01-01,2015-12-30,Tuesday,Martes Promo 30% OFF
7040,2340,25.0,2014-01-01,2015-12-30,Friday,Viernes Promo 25% OFF
7041,2321,30.0,2014-01-01,2015-12-30,Tuesday,Martes Promo 30% OFF
7042,2321,25.0,2014-01-01,2015-12-30,Friday,Viernes Promo 25% OFF
7043,148,30.0,2014-01-01,2015-12-30,Tuesday,Martes Promo 30% OFF
7044,148,25.0,2014-01-01,2015-12-30,Friday,Viernes Promo 25% OFF
7045,2330,30.0,2014-01-01,2015-12-30,Tuesday,Martes Promo 30% OFF
7046,2330,25.0,2014-01-01,2015-12-30,Friday,Viernes Promo 25% OFF
7047,2139,30.0,2014-01-01,2015-12-30,Tuesday,Martes Promo 30% OFF
7048,2139,25.0,2014-01-01,2015-12-30,Friday,Viernes Promo 25% OFF
7049,569,30.0,2014-01-01,2015-12-30,Tuesday,Martes Promo 30% OFF
7050,569,25.0,2014-01-01,2015-12-30,Friday,Viernes Promo 25% OFF
7051,306,30.0,2014-01-01,2015-12-30,Tuesday,Martes Promo 30% OFF
7052,306,25.0,2014-01-01,2015-12-30,Friday,Viernes Promo 25% OFF
7053,2712,30.0,2014-01-01,2015-12-30,Tuesday,Martes Promo 30% OFF
7054,2712,25.0,2014-01-01,2015-12-30,Friday,Viernes Promo 25% OFF
7055,3114,30.0,2014-01-01,2015-12-30,Tuesday,Martes Promo 30% OFF
7056,3114,25.0,2014-01-01,2015-12-30,Friday,Viernes Promo 25% OFF
7057,1711,30.0,2014-01-01,2015-12-30,Tuesday,Martes Promo 30% OFF
7058,1711,25.0,2014-01-01,2015-12-30,Friday,Viernes Promo 25% OFF
7059,3484,30.0,2014-01-01,2015-12-30,Tuesday,Martes Promo 30% OFF
7060,3484,25.0,2014-01-01,2015-12-30,Friday,Viernes Promo 25% OFF
7061,1337,30.0,2014-01-01,2015-12-30,Tuesday,Martes Promo 30% OFF
7062,1337,25.0,2014-01-01,2015-12-30,Friday,Viernes Promo 25% OFF
7063,2327,30.0,2014-01-01,2015-12-30,Tuesday,Martes Promo 30% OFF
7064,2327,25.0,2014-01-01,2015-12-30,Friday,Viernes Promo 25% OFF
7065,1712,30.0,2014-01-01,2015-12-30,Tuesday,Martes Promo 30% OFF
7066,1712,25.0,2014-01-01,2015-12-30,Friday,Viernes Promo 25% OFF
7067,3630,30.0,2014-01-01,2015-12-30,Tuesday,Martes Promo 30% OFF
7068,3630,25.0,2014-01-01,2015-12-30,Friday,Viernes Promo 25% OFF
7069,1622,30.0,2014-01-01,2015-12-30,Tuesday,Martes Promo 30% OFF
7070,1622,25.0,2014-01-01,2015-12-30,Friday,Viernes Promo 25% OFF
7071,1874,30.0,2014-01-01,2015-12-30,Tuesday,Martes Promo 30% OFF
7072,1874,25.0,2014-01-01,2015-12-30,Friday,Viernes Promo 25% OFF
7073,1709,30.0,2014-01-01,2015-12-30,Tuesday,Martes Promo 30% OFF
7074,1709,25.0,2014-01-01,2015-12-30,Friday,Viernes Promo 25% OFF
7075,1447,30.0,2014-01-01,2015-12-30,Tuesday,Martes Promo 30% OFF
7076,1447,25.0,2014-01-01,2015-12-30,Friday,Viernes Promo 25% OFF
7077,1714,30.0,2014-01-01,2015-12-30,Tuesday,Martes Promo 30% OFF
7078,1714,25.0,2014-01-01,2015-12-30,Friday,Viernes Promo 25% OFF
7079,4010,30.0,2014-01-01,2015-12-30,Tuesday,Martes Promo 30% OFF
7080,4010,25.0,2014-01-01,2015-12-30,Friday,Viernes Promo 25% OFF
7081,1707,30.0,2014-01-01,2015-12-30,Tuesday,Martes Promo 30% OFF
7082,1707,25.0,2014-01-01,2015-12-30,Friday,Viernes Promo 25% OFF
7083,2333,30.0,2014-01-01,2015-12-30,Tuesday,Martes Promo 30% OFF
7084,2333,25.0,2014-01-01,2015-12-30,Friday,Viernes Promo 25% OFF
7085,2342,30.0,2014-01-01,2015-12-30,Tuesday,Martes Promo 30% OFF
7086,2342,25.0,2014-01-01,2015-12-30,Friday,Viernes Promo 25% OFF
7087,2341,30.0,2014-01-01,2015-12-30,Tuesday,Martes Promo 30% OFF
7088,2341,25.0,2014-01-01,2015-12-30,Friday,Viernes Promo 25% OFF
7089,1706,30.0,2014-01-01,2015-12-30,Tuesday,Martes Promo 30% OFF
7090,1706,25.0,2014-01-01,2015-12-30,Friday,Viernes Promo 25% OFF
7091,1971,30.0,2014-01-01,2015-12-30,Tuesday,Martes Promo 30% OFF
7092,1971,25.0,2014-01-01,2015-12-30,Friday,Viernes Promo 25% OFF
7093,1434,30.0,2014-01-01,2015-12-30,Tuesday,Martes Promo 30% OFF
7094,1434,25.0,2014-01-01,2015-12-30,Friday,Viernes Promo 25% OFF
7095,2090,30.0,2014-01-01,2015-12-30,Tuesday,Martes Promo 30% OFF
7096,2090,25.0,2014-01-01,2015-12-30,Friday,Viernes Promo 25% OFF
7097,3486,30.0,2014-01-01,2015-12-30,Tuesday,Martes Promo 30% OFF
7098,3486,25.0,2014-01-01,2015-12-30,Friday,Viernes Promo 25% OFF
7099,1664,30.0,2014-01-01,2015-12-30,Tuesday,Martes Promo 30% OFF
7100,1664,25.0,2014-01-01,2015-12-30,Friday,Viernes Promo 25% OFF
7101,3449,30.0,2014-01-01,2015-12-30,Tuesday,Martes Promo 30% OFF
7102,3449,25.0,2014-01-01,2015-12-30,Friday,Viernes Promo 25% OFF
7103,3278,30.0,2014-01-01,2015-12-30,Tuesday,Martes Promo 30% OFF
7104,3278,25.0,2014-01-01,2015-12-30,Friday,Viernes Promo 25% OFF
7105,1169,30.0,2014-01-01,2015-12-30,Tuesday,Martes Promo 30% OFF
7106,1169,25.0,2014-01-01,2015-12-30,Friday,Viernes Promo 25% OFF
7107,3291,30.0,2014-01-01,2015-12-30,Tuesday,Martes Promo 30% OFF
7108,3291,25.0,2014-01-01,2015-12-30,Friday,Viernes Promo 25% OFF
7109,1458,30.0,2014-01-01,2015-12-30,Tuesday,Martes Promo 30% OFF
7110,1458,25.0,2014-01-01,2015-12-30,Friday,Viernes Promo 25% OFF
7111,1204,30.0,2014-01-01,2015-12-30,Tuesday,Martes Promo 30% OFF
7112,1204,25.0,2014-01-01,2015-12-30,Friday,Viernes Promo 25% OFF
7113,1713,30.0,2014-01-01,2015-12-30,Tuesday,Martes Promo 30% OFF
7114,1713,25.0,2014-01-01,2015-12-30,Friday,Viernes Promo 25% OFF
7115,280,30.0,2014-01-01,2015-12-30,Tuesday,Martes Promo 30% OFF
7116,280,25.0,2014-01-01,2015-12-30,Friday,Viernes Promo 25% OFF
7117,1708,30.0,2014-01-01,2015-12-30,Tuesday,Martes Promo 30% OFF
7118,1708,25.0,2014-01-01,2015-12-30,Friday,Viernes Promo 25% OFF
7119,3715,30.0,2014-01-01,2015-12-30,Tuesday,Martes Promo 30% OFF
7120,3715,25.0,2014-01-01,2015-12-30,Friday,Viernes Promo 25% OFF
7121,2490,30.0,2014-01-01,2015-12-30,Tuesday,Martes Promo 30% OFF
7122,2490,25.0,2014-01-01,2015-12-30,Friday,Viernes Promo 25% OFF
7123,2491,30.0,2014-01-01,2015-12-30,Tuesday,Martes Promo 30% OFF
7124,2491,25.0,2014-01-01,2015-12-30,Friday,Viernes Promo 25% OFF
7125,3000,30.0,2014-01-01,2015-12-30,Tuesday,Martes Promo 30% OFF
7126,3000,25.0,2014-01-01,2015-12-30,Friday,Viernes Promo 25% OFF
7127,923,30.0,2014-01-01,2015-12-30,Tuesday,Martes Promo 30% OFF
7128,923,25.0,2014-01-01,2015-12-30,Friday,Viernes Promo 25% OFF
7129,3927,30.0,2014-01-01,2015-12-30,Tuesday,Martes Promo 30% OFF
7130,3927,25.0,2014-01-01,2015-12-30,Friday,Viernes Promo 25% OFF
7131,2390,30.0,2014-01-01,2015-12-30,Tuesday,Martes Promo 30% OFF
7132,2390,25.0,2014-01-01,2015-12-30,Friday,Viernes Promo 25% OFF
7133,2394,30.0,2014-01-01,2015-12-30,Tuesday,Martes Promo 30% OFF
7134,2394,25.0,2014-01-01,2015-12-30,Friday,Viernes Promo 25% OFF
7135,2393,30.0,2014-01-01,2015-12-30,Tuesday,Martes Promo 30% OFF
7136,2393,25.0,2014-01-01,2015-12-30,Friday,Viernes Promo 25% OFF
7137,2098,30.0,2014-01-01,2015-12-30,Tuesday,Martes Promo 30% OFF
7138,2098,25.0,2014-01-01,2015-12-30,Friday,Viernes Promo 25% OFF
7139,1940,30.0,2014-01-01,2015-12-30,Tuesday,Martes Promo 30% OFF
7140,1940,25.0,2014-01-01,2015-12-30,Friday,Viernes Promo 25% OFF
7141,1710,30.0,2014-01-01,2015-12-30,Tuesday,Martes Promo 30% OFF
7142,1710,25.0,2014-01-01,2015-12-30,Friday,Viernes Promo 25% OFF
7143,40,30.0,2014-01-01,2015-12-30,Tuesday,Martes Promo 30% OFF
7144,40,25.0,2014-01-01,2015-12-30,Friday,Viernes Promo 25% OFF
7145,39,30.0,2014-01-01,2015-12-30,Tuesday,Martes Promo 30% OFF
7146,39,25.0,2014-01-01,2015-12-30,Friday,Viernes Promo 25% OFF
7147,1738,30.0,2014-01-01,2015-12-30,Tuesday,Martes Promo 30% OFF
7148,1738,25.0,2014-01-01,2015-12-30,Friday,Viernes Promo 25% OFF
7149,1030,30.0,2014-01-01,2015-12-30,Tuesday,Martes Promo 30% OFF
7150,1030,25.0,2014-01-01,2015-12-30,Friday,Viernes Promo 25% OFF
7151,3447,30.0,2014-01-01,2015-12-30,Tuesday,Martes Promo 30% OFF
7152,3447,25.0,2014-01-01,2015-12-30,Friday,Viernes Promo 25% OFF
7153,1146,30.0,2014-01-01,2015-12-30,Tuesday,Martes Promo 30% OFF
7154,1146,25.0,2014-01-01,2015-12-30,Friday,Viernes Promo 25% OFF
7155,3933,30.0,2014-01-01,2015-12-30,Tuesday,Martes Promo 30% OFF
7156,3933,25.0,2014-01-01,2015-12-30,Friday,Viernes Promo 25% OFF
7157,2373,30.0,2014-01-01,2015-12-30,Tuesday,Martes Promo 30% OFF
7158,2373,25.0,2014-01-01,2015-12-30,Friday,Viernes Promo 25% OFF
7159,672,30.0,2014-01-01,2015-12-30,Tuesday,Martes Promo 30% OFF
7160,672,25.0,2014-01-01,2015-12-30,Friday,Viernes Promo 25% OFF
7161,762,30.0,2014-01-01,2015-12-30,Tuesday,Martes Promo 30% OFF
7162,762,25.0,2014-01-01,2015-12-30,Friday,Viernes Promo 25% OFF
7163,1273,30.0,2014-01-01,2015-12-30,Tuesday,Martes Promo 30% OFF
7164,1273,25.0,2014-01-01,2015-12-30,Friday,Viernes Promo 25% OFF
7165,2395,30.0,2014-01-01,2015-12-30,Tuesday,Martes Promo 30% OFF
7166,2395,25.0,2014-01-01,2015-12-30,Friday,Viernes Promo 25% OFF
7167,2392,30.0,2014-01-01,2015-12-30,Tuesday,Martes Promo 30% OFF
7168,2392,25.0,2014-01-01,2015-12-30,Friday,Viernes Promo 25% OFF
7169,118,30.0,2014-01-01,2015-12-30,Tuesday,Martes Promo 30% OFF
7170,118,25.0,2014-01-01,2015-12-30,Friday,Viernes Promo 25% OFF
7171,412,30.0,2014-01-01,2015-12-30,Tuesday,Martes Promo 30% OFF
7172,412,25.0,2014-01-01,2015-12-30,Friday,Viernes Promo 25% OFF
7173,1943,30.0,2014-01-01,2015-12-30,Tuesday,Martes Promo 30% OFF
7174,1943,25.0,2014-01-01,2015-12-30,Friday,Viernes Promo 25% OFF
7175,1288,30.0,2014-01-01,2015-12-30,Tuesday,Martes Promo 30% OFF
7176,1288,25.0,2014-01-01,2015-12-30,Friday,Viernes Promo 25% OFF
7177,910,30.0,2014-01-01,2015-12-30,Tuesday,Martes Promo 30% OFF
7178,910,25.0,2014-01-01,2015-12-30,Friday,Viernes Promo 25% OFF
7179,3047,30.0,2014-01-01,2015-12-30,Tuesday,Martes Promo 30% OFF
7180,3047,25.0,2014-01-01,2015-12-30,Friday,Viernes Promo 25% OFF
7181,2675,30.0,2014-01-01,2015-12-30,Tuesday,Martes Promo 30% OFF
7182,2675,25.0,2014-01-01,2015-12-30,Friday,Viernes Promo 25% OFF
7183,3055,30.0,2014-01-01,2015-12-30,Tuesday,Martes Promo 30% OFF
7184,3055,25.0,2014-01-01,2015-12-30,Friday,Viernes Promo 25% OFF
7185,3053,30.0,2014-01-01,2015-12-30,Tuesday,Martes Promo 30% OFF
7186,3053,25.0,2014-01-01,2015-12-30,Friday,Viernes Promo 25% OFF
7187,2674,30.0,2014-01-01,2015-12-30,Tuesday,Martes Promo 30% OFF
7188,2674,25.0,2014-01-01,2015-12-30,Friday,Viernes Promo 25% OFF
7189,3072,30.0,2014-01-01,2015-12-30,Tuesday,Martes Promo 30% OFF
7190,3072,25.0,2014-01-01,2015-12-30,Friday,Viernes Promo 25% OFF
7191,2135,30.0,2014-01-01,2015-12-30,Tuesday,Martes Promo 30% OFF
7192,2135,25.0,2014-01-01,2015-12-30,Friday,Viernes Promo 25% OFF
7193,2676,30.0,2014-01-01,2015-12-30,Tuesday,Martes Promo 30% OFF
7194,2676,25.0,2014-01-01,2015-12-30,Friday,Viernes Promo 25% OFF
7195,3069,30.0,2014-01-01,2015-12-30,Tuesday,Martes Promo 30% OFF
7196,3069,25.0,2014-01-01,2015-12-30,Friday,Viernes Promo 25% OFF
7197,3050,30.0,2014-01-01,2015-12-30,Tuesday,Martes Promo 30% OFF
7198,3050,25.0,2014-01-01,2015-12-30,Friday,Viernes Promo 25% OFF
7199,2326,30.0,2014-01-01,2015-12-30,Tuesday,Martes Promo 30% OFF
7200,2326,25.0,2014-01-01,2015-12-30,Friday,Viernes Promo 25% OFF
7201,3721,30.0,2014-01-01,2015-12-30,Tuesday,Martes Promo 30% OFF
7202,3721,25.0,2014-01-01,2015-12-30,Friday,Viernes Promo 25% OFF
7203,3052,30.0,2014-01-01,2015-12-30,Tuesday,Martes Promo 30% OFF
7204,3052,25.0,2014-01-01,2015-12-30,Friday,Viernes Promo 25% OFF
7205,3071,30.0,2014-01-01,2015-12-30,Tuesday,Martes Promo 30% OFF
7206,3071,25.0,2014-01-01,2015-12-30,Friday,Viernes Promo 25% OFF
7207,1153,30.0,2014-01-01,2015-12-30,Tuesday,Martes Promo 30% OFF
7208,1153,25.0,2014-01-01,2015-12-30,Friday,Viernes Promo 25% OFF
7209,1149,30.0,2014-01-01,2015-12-30,Tuesday,Martes Promo 30% OFF
7210,1149,25.0,2014-01-01,2015-12-30,Friday,Viernes Promo 25% OFF
7211,1151,30.0,2014-01-01,2015-12-30,Tuesday,Martes Promo 30% OFF
7212,1151,25.0,2014-01-01,2015-12-30,Friday,Viernes Promo 25% OFF
7213,3074,30.0,2014-01-01,2015-12-30,Tuesday,Martes Promo 30% OFF
7214,3074,25.0,2014-01-01,2015-12-30,Friday,Viernes Promo 25% OFF
7215,3051,30.0,2014-01-01,2015-12-30,Tuesday,Martes Promo 30% OFF
7216,3051,25.0,2014-01-01,2015-12-30,Friday,Viernes Promo 25% OFF
7217,2673,30.0,2014-01-01,2015-12-30,Tuesday,Martes Promo 30% OFF
7218,2673,25.0,2014-01-01,2015-12-30,Friday,Viernes Promo 25% OFF
7219,3070,30.0,2014-01-01,2015-12-30,Tuesday,Martes Promo 30% OFF
7220,3070,25.0,2014-01-01,2015-12-30,Friday,Viernes Promo 25% OFF
7221,1152,30.0,2014-01-01,2015-12-30,Tuesday,Martes Promo 30% OFF
7222,1152,25.0,2014-01-01,2015-12-30,Friday,Viernes Promo 25% OFF
7223,1148,30.0,2014-01-01,2015-12-30,Tuesday,Martes Promo 30% OFF
7224,1148,25.0,2014-01-01,2015-12-30,Friday,Viernes Promo 25% OFF
7225,1154,30.0,2014-01-01,2015-12-30,Tuesday,Martes Promo 30% OFF
7226,1154,25.0,2014-01-01,2015-12-30,Friday,Viernes Promo 25% OFF
7227,1150,30.0,2014-01-01,2015-12-30,Tuesday,Martes Promo 30% OFF
7228,1150,25.0,2014-01-01,2015-12-30,Friday,Viernes Promo 25% OFF
7229,2134,30.0,2014-01-01,2015-12-30,Tuesday,Martes Promo 30% OFF
7230,2134,25.0,2014-01-01,2015-12-30,Friday,Viernes Promo 25% OFF
7231,2132,30.0,2014-01-01,2015-12-30,Tuesday,Martes Promo 30% OFF
7232,2132,25.0,2014-01-01,2015-12-30,Friday,Viernes Promo 25% OFF
7233,2133,30.0,2014-01-01,2015-12-30,Tuesday,Martes Promo 30% OFF
7234,2133,25.0,2014-01-01,2015-12-30,Friday,Viernes Promo 25% OFF
7235,2131,30.0,2014-01-01,2015-12-30,Tuesday,Martes Promo 30% OFF
7236,2131,25.0,2014-01-01,2015-12-30,Friday,Viernes Promo 25% OFF
7237,1156,30.0,2014-01-01,2015-12-30,Tuesday,Martes Promo 30% OFF
7238,1156,25.0,2014-01-01,2015-12-30,Friday,Viernes Promo 25% OFF
7239,1328,30.0,2014-01-01,2015-12-30,Tuesday,Martes Promo 30% OFF
7240,1328,25.0,2014-01-01,2015-12-30,Friday,Viernes Promo 25% OFF
7241,2982,30.0,2014-01-01,2015-12-30,Tuesday,Martes Promo 30% OFF
7242,2982,25.0,2014-01-01,2015-12-30,Friday,Viernes Promo 25% OFF
7243,1031,30.0,2014-01-01,2015-12-30,Tuesday,Martes Promo 30% OFF
7244,1031,25.0,2014-01-01,2015-12-30,Friday,Viernes Promo 25% OFF
7245,3448,30.0,2014-01-01,2015-12-30,Tuesday,Martes Promo 30% OFF
7246,3448,25.0,2014-01-01,2015-12-30,Friday,Viernes Promo 25% OFF
7247,2677,30.0,2014-01-01,2015-12-30,Tuesday,Martes Promo 30% OFF
7248,2677,25.0,2014-01-01,2015-12-30,Friday,Viernes Promo 25% OFF
7249,985,30.0,2014-01-01,2015-12-30,Tuesday,Martes Promo 30% OFF
7250,985,25.0,2014-01-01,2015-12-30,Friday,Viernes Promo 25% OFF
7251,1893,30.0,2014-01-01,2015-12-30,Tuesday,Martes Promo 30% OFF
7252,1893,25.0,2014-01-01,2015-12-30,Friday,Viernes Promo 25% OFF
7253,988,30.0,2014-01-01,2015-12-30,Tuesday,Martes Promo 30% OFF
7254,988,25.0,2014-01-01,2015-12-30,Friday,Viernes Promo 25% OFF
7255,23,30.0,2014-01-01,2015-12-30,Tuesday,Martes Promo 30% OFF
7256,23,25.0,2014-01-01,2015-12-30,Friday,Viernes Promo 25% OFF
7257,942,30.0,2014-01-01,2015-12-30,Tuesday,Martes Promo 30% OFF
7258,942,25.0,2014-01-01,2015-12-30,Friday,Viernes Promo 25% OFF
7259,2741,30.0,2014-01-01,2015-12-30,Tuesday,Martes Promo 30% OFF
7260,2741,25.0,2014-01-01,2015-12-30,Friday,Viernes Promo 25% OFF
7261,2546,30.0,2014-01-01,2015-12-30,Tuesday,Martes Promo 30% OFF
7262,2546,25.0,2014-01-01,2015-12-30,Friday,Viernes Promo 25% OFF
7263,811,30.0,2014-01-01,2015-12-30,Tuesday,Martes Promo 30% OFF
7264,811,25.0,2014-01-01,2015-12-30,Friday,Viernes Promo 25% OFF
7265,1092,30.0,2014-01-01,2015-12-30,Tuesday,Martes Promo 30% OFF
7266,1092,25.0,2014-01-01,2015-12-30,Friday,Viernes Promo 25% OFF
7267,336,30.0,2014-01-01,2015-12-30,Tuesday,Martes Promo 30% OFF
7268,336,25.0,2014-01-01,2015-12-30,Friday,Viernes Promo 25% OFF
7269,1155,30.0,2014-01-01,2015-12-30,Tuesday,Martes Promo 30% OFF
7270,1155,25.0,2014-01-01,2015-12-30,Friday,Viernes Promo 25% OFF
7271,1147,30.0,2014-01-01,2015-12-30,Tuesday,Martes Promo 30% OFF
7272,1147,25.0,2014-01-01,2015-12-30,Friday,Viernes Promo 25% OFF
7273,3719,30.0,2014-01-01,2015-12-30,Tuesday,Martes Promo 30% OFF
7274,3719,25.0,2014-01-01,2015-12-30,Friday,Viernes Promo 25% OFF
7275,2323,30.0,2014-01-01,2015-12-30,Tuesday,Martes Promo 30% OFF
7276,2323,25.0,2014-01-01,2015-12-30,Friday,Viernes Promo 25% OFF
7277,3415,30.0,2014-01-01,2015-12-30,Tuesday,Martes Promo 30% OFF
7278,3415,25.0,2014-01-01,2015-12-30,Friday,Viernes Promo 25% OFF
7279,2233,30.0,2014-01-01,2015-12-30,Tuesday,Martes Promo 30% OFF
7280,2233,25.0,2014-01-01,2015-12-30,Friday,Viernes Promo 25% OFF
7281,351,30.0,2014-01-01,2015-12-30,Tuesday,Martes Promo 30% OFF
7282,351,25.0,2014-01-01,2015-12-30,Friday,Viernes Promo 25% OFF
7283,3523,30.0,2014-01-01,2015-12-30,Tuesday,Martes Promo 30% OFF
7284,3523,25.0,2014-01-01,2015-12-30,Friday,Viernes Promo 25% OFF
7285,3658,30.0,2014-01-01,2015-12-30,Tuesday,Martes Promo 30% OFF
7286,3658,25.0,2014-01-01,2015-12-30,Friday,Viernes Promo 25% OFF
7287,630,30.0,2014-01-01,2015-12-30,Tuesday,Martes Promo 30% OFF
7288,630,25.0,2014-01-01,2015-12-30,Friday,Viernes Promo 25% OFF
7289,1674,30.0,2014-01-01,2015-12-30,Tuesday,Martes Promo 30% OFF
7290,1674,25.0,2014-01-01,2015-12-30,Friday,Viernes Promo 25% OFF
7291,3741,30.0,2014-01-01,2015-12-30,Tuesday,Martes Promo 30% OFF
7292,3741,25.0,2014-01-01,2015-12-30,Friday,Viernes Promo 25% OFF
7293,2700,30.0,2014-01-01,2015-12-30,Tuesday,Martes Promo 30% OFF
7294,2700,25.0,2014-01-01,2015-12-30,Friday,Viernes Promo 25% OFF
7295,2789,30.0,2014-01-01,2015-12-30,Tuesday,Martes Promo 30% OFF
7296,2789,25.0,2014-01-01,2015-12-30,Friday,Viernes Promo 25% OFF
7297,3338,30.0,2014-01-01,2015-12-30,Tuesday,Martes Promo 30% OFF
7298,3338,25.0,2014-01-01,2015-12-30,Friday,Viernes Promo 25% OFF
7299,3679,30.0,2014-01-01,2015-12-30,Tuesday,Martes Promo 30% OFF
7300,3679,25.0,2014-01-01,2015-12-30,Friday,Viernes Promo 25% OFF
7301,2239,30.0,2014-01-01,2015-12-30,Tuesday,Martes Promo 30% OFF
7302,2239,25.0,2014-01-01,2015-12-30,Friday,Viernes Promo 25% OFF
7303,629,30.0,2014-01-01,2015-12-30,Tuesday,Martes Promo 30% OFF
7304,629,25.0,2014-01-01,2015-12-30,Friday,Viernes Promo 25% OFF
7305,1720,30.0,2014-01-01,2015-12-30,Tuesday,Martes Promo 30% OFF
7306,1720,25.0,2014-01-01,2015-12-30,Friday,Viernes Promo 25% OFF
7307,312,30.0,2014-01-01,2015-12-30,Tuesday,Martes Promo 30% OFF
7308,312,25.0,2014-01-01,2015-12-30,Friday,Viernes Promo 25% OFF
7309,3485,30.0,2014-01-01,2015-12-30,Tuesday,Martes Promo 30% OFF
7310,3485,25.0,2014-01-01,2015-12-30,Friday,Viernes Promo 25% OFF
7311,3792,30.0,2014-01-01,2015-12-30,Tuesday,Martes Promo 30% OFF
7312,3792,25.0,2014-01-01,2015-12-30,Friday,Viernes Promo 25% OFF
7313,2443,30.0,2014-01-01,2015-12-30,Tuesday,Martes Promo 30% OFF
7314,2443,25.0,2014-01-01,2015-12-30,Friday,Viernes Promo 25% OFF
7315,3800,30.0,2014-01-01,2015-12-30,Tuesday,Martes Promo 30% OFF
7316,3800,25.0,2014-01-01,2015-12-30,Friday,Viernes Promo 25% OFF
7317,1008,30.0,2014-01-01,2015-12-30,Tuesday,Martes Promo 30% OFF
7318,1008,25.0,2014-01-01,2015-12-30,Friday,Viernes Promo 25% OFF
7319,1012,30.0,2014-01-01,2015-12-30,Tuesday,Martes Promo 30% OFF
7320,1012,25.0,2014-01-01,2015-12-30,Friday,Viernes Promo 25% OFF
7321,3796,30.0,2014-01-01,2015-12-30,Tuesday,Martes Promo 30% OFF
7322,3796,25.0,2014-01-01,2015-12-30,Friday,Viernes Promo 25% OFF
7323,102,30.0,2014-01-01,2015-12-30,Tuesday,Martes Promo 30% OFF
7324,102,25.0,2014-01-01,2015-12-30,Friday,Viernes Promo 25% OFF
7325,3451,30.0,2014-01-01,2015-12-30,Tuesday,Martes Promo 30% OFF
7326,3451,25.0,2014-01-01,2015-12-30,Friday,Viernes Promo 25% OFF
7327,1845,30.0,2014-01-01,2015-12-30,Tuesday,Martes Promo 30% OFF
7328,1845,25.0,2014-01-01,2015-12-30,Friday,Viernes Promo 25% OFF
7329,3802,30.0,2014-01-01,2015-12-30,Tuesday,Martes Promo 30% OFF
7330,3802,25.0,2014-01-01,2015-12-30,Friday,Viernes Promo 25% OFF
7331,3808,30.0,2014-01-01,2015-12-30,Tuesday,Martes Promo 30% OFF
7332,3808,25.0,2014-01-01,2015-12-30,Friday,Viernes Promo 25% OFF
7333,648,30.0,2014-01-01,2015-12-30,Tuesday,Martes Promo 30% OFF
7334,648,25.0,2014-01-01,2015-12-30,Friday,Viernes Promo 25% OFF
7335,3625,30.0,2014-01-01,2015-12-30,Tuesday,Martes Promo 30% OFF
7336,3625,25.0,2014-01-01,2015-12-30,Friday,Viernes Promo 25% OFF
7337,3789,30.0,2014-01-01,2015-12-30,Tuesday,Martes Promo 30% OFF
7338,3789,25.0,2014-01-01,2015-12-30,Friday,Viernes Promo 25% OFF
7339,161,30.0,2014-01-01,2015-12-30,Tuesday,Martes Promo 30% OFF
7340,161,25.0,2014-01-01,2015-12-30,Friday,Viernes Promo 25% OFF
7341,1610,30.0,2014-01-01,2015-12-30,Tuesday,Martes Promo 30% OFF
7342,1610,25.0,2014-01-01,2015-12-30,Friday,Viernes Promo 25% OFF
7343,1032,30.0,2014-01-01,2015-12-30,Tuesday,Martes Promo 30% OFF
7344,1032,25.0,2014-01-01,2015-12-30,Friday,Viernes Promo 25% OFF
7345,3687,30.0,2014-01-01,2015-12-30,Tuesday,Martes Promo 30% OFF
7346,3687,25.0,2014-01-01,2015-12-30,Friday,Viernes Promo 25% OFF
7347,3801,30.0,2014-01-01,2015-12-30,Tuesday,Martes Promo 30% OFF
7348,3801,25.0,2014-01-01,2015-12-30,Friday,Viernes Promo 25% OFF
7349,3809,30.0,2014-01-01,2015-12-30,Tuesday,Martes Promo 30% OFF
7350,3809,25.0,2014-01-01,2015-12-30,Friday,Viernes Promo 25% OFF
7351,552,30.0,2014-01-01,2015-12-30,Tuesday,Martes Promo 30% OFF
7352,552,25.0,2014-01-01,2015-12-30,Friday,Viernes Promo 25% OFF
7353,3805,30.0,2014-01-01,2015-12-30,Tuesday,Martes Promo 30% OFF
7354,3805,25.0,2014-01-01,2015-12-30,Friday,Viernes Promo 25% OFF
7355,1740,30.0,2014-01-01,2015-12-30,Tuesday,Martes Promo 30% OFF
7356,1740,25.0,2014-01-01,2015-12-30,Friday,Viernes Promo 25% OFF
7357,3799,30.0,2014-01-01,2015-12-30,Tuesday,Martes Promo 30% OFF
7358,3799,25.0,2014-01-01,2015-12-30,Friday,Viernes Promo 25% OFF
7359,3788,30.0,2014-01-01,2015-12-30,Tuesday,Martes Promo 30% OFF
7360,3788,25.0,2014-01-01,2015-12-30,Friday,Viernes Promo 25% OFF
7361,3790,30.0,2014-01-01,2015-12-30,Tuesday,Martes Promo 30% OFF
7362,3790,25.0,2014-01-01,2015-12-30,Friday,Viernes Promo 25% OFF
7363,3807,30.0,2014-01-01,2015-12-30,Tuesday,Martes Promo 30% OFF
7364,3807,25.0,2014-01-01,2015-12-30,Friday,Viernes Promo 25% OFF
7365,3804,30.0,2014-01-01,2015-12-30,Tuesday,Martes Promo 30% OFF
7366,3804,25.0,2014-01-01,2015-12-30,Friday,Viernes Promo 25% OFF
7367,3794,30.0,2014-01-01,2015-12-30,Tuesday,Martes Promo 30% OFF
7368,3794,25.0,2014-01-01,2015-12-30,Friday,Viernes Promo 25% OFF
7369,3798,30.0,2014-01-01,2015-12-30,Tuesday,Martes Promo 30% OFF
7370,3798,25.0,2014-01-01,2015-12-30,Friday,Viernes Promo 25% OFF
7371,3785,30.0,2014-01-01,2015-12-30,Tuesday,Martes Promo 30% OFF
7372,3785,25.0,2014-01-01,2015-12-30,Friday,Viernes Promo 25% OFF
7373,1854,30.0,2014-01-01,2015-12-30,Tuesday,Martes Promo 30% OFF
7374,1854,25.0,2014-01-01,2015-12-30,Friday,Viernes Promo 25% OFF
7375,3797,30.0,2014-01-01,2015-12-30,Tuesday,Martes Promo 30% OFF
7376,3797,25.0,2014-01-01,2015-12-30,Friday,Viernes Promo 25% OFF
7377,3786,30.0,2014-01-01,2015-12-30,Tuesday,Martes Promo 30% OFF
7378,3786,25.0,2014-01-01,2015-12-30,Friday,Viernes Promo 25% OFF
7379,2591,30.0,2014-01-01,2015-12-30,Tuesday,Martes Promo 30% OFF
7380,2591,25.0,2014-01-01,2015-12-30,Friday,Viernes Promo 25% OFF
7381,3660,30.0,2014-01-01,2015-12-30,Tuesday,Martes Promo 30% OFF
7382,3660,25.0,2014-01-01,2015-12-30,Friday,Viernes Promo 25% OFF
7383,1855,30.0,2014-01-01,2015-12-30,Tuesday,Martes Promo 30% OFF
7384,1855,25.0,2014-01-01,2015-12-30,Friday,Viernes Promo 25% OFF
7385,150,30.0,2014-01-01,2015-12-30,Tuesday,Martes Promo 30% OFF
7386,150,25.0,2014-01-01,2015-12-30,Friday,Viernes Promo 25% OFF
7387,2749,30.0,2014-01-01,2015-12-30,Tuesday,Martes Promo 30% OFF
7388,2749,25.0,2014-01-01,2015-12-30,Friday,Viernes Promo 25% OFF
7389,3787,30.0,2014-01-01,2015-12-30,Tuesday,Martes Promo 30% OFF
7390,3787,25.0,2014-01-01,2015-12-30,Friday,Viernes Promo 25% OFF
7391,3803,30.0,2014-01-01,2015-12-30,Tuesday,Martes Promo 30% OFF
7392,3803,25.0,2014-01-01,2015-12-30,Friday,Viernes Promo 25% OFF
7393,3795,30.0,2014-01-01,2015-12-30,Tuesday,Martes Promo 30% OFF
7394,3795,25.0,2014-01-01,2015-12-30,Friday,Viernes Promo 25% OFF
7395,1739,30.0,2014-01-01,2015-12-30,Tuesday,Martes Promo 30% OFF
7396,1739,25.0,2014-01-01,2015-12-30,Friday,Viernes Promo 25% OFF
7397,3073,30.0,2014-01-01,2015-12-30,Tuesday,Martes Promo 30% OFF
7398,3073,25.0,2014-01-01,2015-12-30,Friday,Viernes Promo 25% OFF
7399,3054,30.0,2014-01-01,2015-12-30,Tuesday,Martes Promo 30% OFF
7400,3054,25.0,2014-01-01,2015-12-30,Friday,Viernes Promo 25% OFF
7401,3934,30.0,2014-01-01,2015-12-30,Tuesday,Martes Promo 30% OFF
7402,3934,25.0,2014-01-01,2015-12-30,Friday,Viernes Promo 25% OFF
7403,1673,30.0,2014-01-01,2015-12-30,Tuesday,Martes Promo 30% OFF
7404,1673,25.0,2014-01-01,2015-12-30,Friday,Viernes Promo 25% OFF
7405,3793,30.0,2014-01-01,2015-12-30,Tuesday,Martes Promo 30% OFF
7406,3793,25.0,2014-01-01,2015-12-30,Friday,Viernes Promo 25% OFF
7407,3791,30.0,2014-01-01,2015-12-30,Tuesday,Martes Promo 30% OFF
7408,3791,25.0,2014-01-01,2015-12-30,Friday,Viernes Promo 25% OFF
7409,3782,30.0,2014-01-01,2015-12-30,Tuesday,Martes Promo 30% OFF
7410,3782,25.0,2014-01-01,2015-12-30,Friday,Viernes Promo 25% OFF
7411,3810,30.0,2014-01-01,2015-12-30,Tuesday,Martes Promo 30% OFF
7412,3810,25.0,2014-01-01,2015-12-30,Friday,Viernes Promo 25% OFF
7413,3784,30.0,2014-01-01,2015-12-30,Tuesday,Martes Promo 30% OFF
7414,3784,25.0,2014-01-01,2015-12-30,Friday,Viernes Promo 25% OFF
7415,2101,30.0,2014-01-01,2015-12-30,Tuesday,Martes Promo 30% OFF
7416,2101,25.0,2014-01-01,2015-12-30,Friday,Viernes Promo 25% OFF
7417,3657,30.0,2014-01-01,2015-12-30,Tuesday,Martes Promo 30% OFF
7418,3657,25.0,2014-01-01,2015-12-30,Friday,Viernes Promo 25% OFF
7419,3690,30.0,2014-01-01,2015-12-30,Tuesday,Martes Promo 30% OFF
7420,3690,25.0,2014-01-01,2015-12-30,Friday,Viernes Promo 25% OFF
7421,2214,30.0,2014-01-01,2015-12-30,Tuesday,Martes Promo 30% OFF
7422,2214,25.0,2014-01-01,2015-12-30,Friday,Viernes Promo 25% OFF
7423,3666,30.0,2014-01-01,2015-12-30,Tuesday,Martes Promo 30% OFF
7424,3666,25.0,2014-01-01,2015-12-30,Friday,Viernes Promo 25% OFF
7425,3287,30.0,2014-01-01,2015-12-30,Tuesday,Martes Promo 30% OFF
7426,3287,25.0,2014-01-01,2015-12-30,Friday,Viernes Promo 25% OFF
7427,876,30.0,2014-01-01,2015-12-30,Tuesday,Martes Promo 30% OFF
7428,876,25.0,2014-01-01,2015-12-30,Friday,Viernes Promo 25% OFF
7429,1094,30.0,2014-01-01,2015-12-30,Tuesday,Martes Promo 30% OFF
7430,1094,25.0,2014-01-01,2015-12-30,Friday,Viernes Promo 25% OFF
7431,3314,30.0,2014-01-01,2015-12-30,Tuesday,Martes Promo 30% OFF
7432,3314,25.0,2014-01-01,2015-12-30,Friday,Viernes Promo 25% OFF
7433,2996,30.0,2014-01-01,2015-12-30,Tuesday,Martes Promo 30% OFF
7434,2996,25.0,2014-01-01,2015-12-30,Friday,Viernes Promo 25% OFF
7435,1510,30.0,2014-01-01,2015-12-30,Tuesday,Martes Promo 30% OFF
7436,1510,25.0,2014-01-01,2015-12-30,Friday,Viernes Promo 25% OFF
7437,3659,30.0,2014-01-01,2015-12-30,Tuesday,Martes Promo 30% OFF
7438,3659,25.0,2014-01-01,2015-12-30,Friday,Viernes Promo 25% OFF
7439,3783,30.0,2014-01-01,2015-12-30,Tuesday,Martes Promo 30% OFF
7440,3783,25.0,2014-01-01,2015-12-30,Friday,Viernes Promo 25% OFF
7441,882,30.0,2014-01-01,2015-12-30,Tuesday,Martes Promo 30% OFF
7442,882,25.0,2014-01-01,2015-12-30,Friday,Viernes Promo 25% OFF
7443,2530,30.0,2014-01-01,2015-12-30,Tuesday,Martes Promo 30% OFF
7444,2530,25.0,2014-01-01,2015-12-30,Friday,Viernes Promo 25% OFF
7445,404,30.0,2014-01-01,2015-12-30,Tuesday,Martes Promo 30% OFF
7446,404,25.0,2014-01-01,2015-12-30,Friday,Viernes Promo 25% OFF
7447,353,30.0,2014-01-01,2015-12-30,Tuesday,Martes Promo 30% OFF
7448,353,25.0,2014-01-01,2015-12-30,Friday,Viernes Promo 25% OFF
7449,3806,30.0,2014-01-01,2015-12-30,Tuesday,Martes Promo 30% OFF
7450,3806,25.0,2014-01-01,2015-12-30,Friday,Viernes Promo 25% OFF
7451,526,30.0,2014-01-01,2015-12-30,Tuesday,Martes Promo 30% OFF
7452,526,25.0,2014-01-01,2015-12-30,Friday,Viernes Promo 25% OFF
7453,1689,30.0,2014-01-01,2015-12-30,Tuesday,Martes Promo 30% OFF
7454,1689,25.0,2014-01-01,2015-12-30,Friday,Viernes Promo 25% OFF
7455,2107,30.0,2014-01-01,2015-12-30,Tuesday,Martes Promo 30% OFF
7456,2107,25.0,2014-01-01,2015-12-30,Friday,Viernes Promo 25% OFF
7457,1130,30.0,2014-01-01,2015-12-30,Tuesday,Martes Promo 30% OFF
7458,1130,25.0,2014-01-01,2015-12-30,Friday,Viernes Promo 25% OFF
7459,2580,30.0,2014-01-01,2015-12-30,Tuesday,Martes Promo 30% OFF
7460,2580,25.0,2014-01-01,2015-12-30,Friday,Viernes Promo 25% OFF
7461,1127,30.0,2014-01-01,2015-12-30,Tuesday,Martes Promo 30% OFF
7462,1127,25.0,2014-01-01,2015-12-30,Friday,Viernes Promo 25% OFF
7463,3519,30.0,2014-01-01,2015-12-30,Tuesday,Martes Promo 30% OFF
7464,3519,25.0,2014-01-01,2015-12-30,Friday,Viernes Promo 25% OFF
7465,3542,30.0,2014-01-01,2015-12-30,Tuesday,Martes Promo 30% OFF
7466,3542,25.0,2014-01-01,2015-12-30,Friday,Viernes Promo 25% OFF
7467,2305,30.0,2014-01-01,2015-12-30,Tuesday,Martes Promo 30% OFF
7468,2305,25.0,2014-01-01,2015-12-30,Friday,Viernes Promo 25% OFF
7469,1663,30.0,2014-01-01,2015-12-30,Tuesday,Martes Promo 30% OFF
7470,1663,25.0,2014-01-01,2015-12-30,Friday,Viernes Promo 25% OFF
7471,3468,30.0,2014-01-01,2015-12-30,Tuesday,Martes Promo 30% OFF
7472,3468,25.0,2014-01-01,2015-12-30,Friday,Viernes Promo 25% OFF
7473,2472,30.0,2014-01-01,2015-12-30,Tuesday,Martes Promo 30% OFF
7474,2472,25.0,2014-01-01,2015-12-30,Friday,Viernes Promo 25% OFF
7475,1022,30.0,2014-01-01,2015-12-30,Tuesday,Martes Promo 30% OFF
7476,1022,25.0,2014-01-01,2015-12-30,Friday,Viernes Promo 25% OFF
7477,1129,30.0,2014-01-01,2015-12-30,Tuesday,Martes Promo 30% OFF
7478,1129,25.0,2014-01-01,2015-12-30,Friday,Viernes Promo 25% OFF
7479,2078,30.0,2014-01-01,2015-12-30,Tuesday,Martes Promo 30% OFF
7480,2078,25.0,2014-01-01,2015-12-30,Friday,Viernes Promo 25% OFF
7481,3772,30.0,2014-01-01,2015-12-30,Tuesday,Martes Promo 30% OFF
7482,3772,25.0,2014-01-01,2015-12-30,Friday,Viernes Promo 25% OFF
7483,3773,30.0,2014-01-01,2015-12-30,Tuesday,Martes Promo 30% OFF
7484,3773,25.0,2014-01-01,2015-12-30,Friday,Viernes Promo 25% OFF
7485,1914,30.0,2014-01-01,2015-12-30,Tuesday,Martes Promo 30% OFF
7486,1914,25.0,2014-01-01,2015-12-30,Friday,Viernes Promo 25% OFF
7487,3387,30.0,2014-01-01,2015-12-30,Tuesday,Martes Promo 30% OFF
7488,3387,25.0,2014-01-01,2015-12-30,Friday,Viernes Promo 25% OFF
7489,1126,30.0,2014-01-01,2015-12-30,Tuesday,Martes Promo 30% OFF
7490,1126,25.0,2014-01-01,2015-12-30,Friday,Viernes Promo 25% OFF
7491,1128,30.0,2014-01-01,2015-12-30,Tuesday,Martes Promo 30% OFF
7492,1128,25.0,2014-01-01,2015-12-30,Friday,Viernes Promo 25% OFF
7493,3771,30.0,2014-01-01,2015-12-30,Tuesday,Martes Promo 30% OFF
7494,3771,25.0,2014-01-01,2015-12-30,Friday,Viernes Promo 25% OFF
7495,3897,30.0,2014-01-01,2015-12-30,Tuesday,Martes Promo 30% OFF
7496,3897,25.0,2014-01-01,2015-12-30,Friday,Viernes Promo 25% OFF
7497,2473,30.0,2014-01-01,2015-12-30,Tuesday,Martes Promo 30% OFF
7498,2473,25.0,2014-01-01,2015-12-30,Friday,Viernes Promo 25% OFF
7499,1023,30.0,2014-01-01,2015-12-30,Tuesday,Martes Promo 30% OFF
7500,1023,25.0,2014-01-01,2015-12-30,Friday,Viernes Promo 25% OFF
7501,3418,30.0,2014-01-01,2015-12-30,Tuesday,Martes Promo 30% OFF
7502,3418,25.0,2014-01-01,2015-12-30,Friday,Viernes Promo 25% OFF
7503,1698,30.0,2014-01-01,2015-12-30,Tuesday,Martes Promo 30% OFF
7504,1698,25.0,2014-01-01,2015-12-30,Friday,Viernes Promo 25% OFF
7505,1886,30.0,2014-01-01,2015-12-30,Tuesday,Martes Promo 30% OFF
7506,1886,25.0,2014-01-01,2015-12-30,Friday,Viernes Promo 25% OFF
7507,1885,30.0,2014-01-01,2015-12-30,Tuesday,Martes Promo 30% OFF
7508,1885,25.0,2014-01-01,2015-12-30,Friday,Viernes Promo 25% OFF
7509,1888,30.0,2014-01-01,2015-12-30,Tuesday,Martes Promo 30% OFF
7510,1888,25.0,2014-01-01,2015-12-30,Friday,Viernes Promo 25% OFF
7511,1883,30.0,2014-01-01,2015-12-30,Tuesday,Martes Promo 30% OFF
7512,1883,25.0,2014-01-01,2015-12-30,Friday,Viernes Promo 25% OFF
7513,1887,30.0,2014-01-01,2015-12-30,Tuesday,Martes Promo 30% OFF
7514,1887,25.0,2014-01-01,2015-12-30,Friday,Viernes Promo 25% OFF
7515,1884,30.0,2014-01-01,2015-12-30,Tuesday,Martes Promo 30% OFF
7516,1884,25.0,2014-01-01,2015-12-30,Friday,Viernes Promo 25% OFF
7517,1427,30.0,2014-01-01,2015-12-30,Tuesday,Martes Promo 30% OFF
7518,1427,25.0,2014-01-01,2015-12-30,Friday,Viernes Promo 25% OFF
7519,3731,30.0,2014-01-01,2015-12-30,Tuesday,Martes Promo 30% OFF
7520,3731,25.0,2014-01-01,2015-12-30,Friday,Viernes Promo 25% OFF
7521,3732,30.0,2014-01-01,2015-12-30,Tuesday,Martes Promo 30% OFF
7522,3732,25.0,2014-01-01,2015-12-30,Friday,Viernes Promo 25% OFF
7523,3930,30.0,2014-01-01,2015-12-30,Tuesday,Martes Promo 30% OFF
7524,3930,25.0,2014-01-01,2015-12-30,Friday,Viernes Promo 25% OFF
7525,3931,30.0,2014-01-01,2015-12-30,Tuesday,Martes Promo 30% OFF
7526,3931,25.0,2014-01-01,2015-12-30,Friday,Viernes Promo 25% OFF
7527,3932,30.0,2014-01-01,2015-12-30,Tuesday,Martes Promo 30% OFF
7528,3932,25.0,2014-01-01,2015-12-30,Friday,Viernes Promo 25% OFF
7529,178,30.0,2014-01-01,2015-12-30,Tuesday,Martes Promo 30% OFF
7530,178,25.0,2014-01-01,2015-12-30,Friday,Viernes Promo 25% OFF
7531,2128,30.0,2014-01-01,2015-12-30,Tuesday,Martes Promo 30% OFF
7532,2128,25.0,2014-01-01,2015-12-30,Friday,Viernes Promo 25% OFF
7533,3938,30.0,2014-01-01,2015-12-30,Tuesday,Martes Promo 30% OFF
7534,3938,25.0,2014-01-01,2015-12-30,Friday,Viernes Promo 25% OFF
7535,3529,30.0,2014-01-01,2015-12-30,Tuesday,Martes Promo 30% OFF
7536,3529,25.0,2014-01-01,2015-12-30,Friday,Viernes Promo 25% OFF
7537,2950,30.0,2014-01-01,2015-12-30,Tuesday,Martes Promo 30% OFF
7538,2950,25.0,2014-01-01,2015-12-30,Friday,Viernes Promo 25% OFF
7539,3060,30.0,2014-01-01,2015-12-30,Tuesday,Martes Promo 30% OFF
7540,3060,25.0,2014-01-01,2015-12-30,Friday,Viernes Promo 25% OFF
7541,513,30.0,2014-01-01,2015-12-30,Tuesday,Martes Promo 30% OFF
7542,513,25.0,2014-01-01,2015-12-30,Friday,Viernes Promo 25% OFF
7543,3699,30.0,2014-01-01,2015-12-30,Tuesday,Martes Promo 30% OFF
7544,3699,25.0,2014-01-01,2015-12-30,Friday,Viernes Promo 25% OFF
7545,275,30.0,2014-01-01,2015-12-30,Tuesday,Martes Promo 30% OFF
7546,275,25.0,2014-01-01,2015-12-30,Friday,Viernes Promo 25% OFF
7547,2949,30.0,2014-01-01,2015-12-30,Tuesday,Martes Promo 30% OFF
7548,2949,25.0,2014-01-01,2015-12-30,Friday,Viernes Promo 25% OFF
7549,975,30.0,2014-01-01,2015-12-30,Tuesday,Martes Promo 30% OFF
7550,975,25.0,2014-01-01,2015-12-30,Friday,Viernes Promo 25% OFF
7551,3604,30.0,2014-01-01,2015-12-30,Tuesday,Martes Promo 30% OFF
7552,3604,25.0,2014-01-01,2015-12-30,Friday,Viernes Promo 25% OFF
7553,3129,30.0,2014-01-01,2015-12-30,Tuesday,Martes Promo 30% OFF
7554,3129,25.0,2014-01-01,2015-12-30,Friday,Viernes Promo 25% OFF
7555,3603,30.0,2014-01-01,2015-12-30,Tuesday,Martes Promo 30% OFF
7556,3603,25.0,2014-01-01,2015-12-30,Friday,Viernes Promo 25% OFF
7557,3607,30.0,2014-01-01,2015-12-30,Tuesday,Martes Promo 30% OFF
7558,3607,25.0,2014-01-01,2015-12-30,Friday,Viernes Promo 25% OFF
7559,3076,30.0,2014-01-01,2015-12-30,Tuesday,Martes Promo 30% OFF
7560,3076,25.0,2014-01-01,2015-12-30,Friday,Viernes Promo 25% OFF
7561,3576,30.0,2014-01-01,2015-12-30,Tuesday,Martes Promo 30% OFF
7562,3576,25.0,2014-01-01,2015-12-30,Friday,Viernes Promo 25% OFF
7563,3936,30.0,2014-01-01,2015-12-30,Tuesday,Martes Promo 30% OFF
7564,3936,25.0,2014-01-01,2015-12-30,Friday,Viernes Promo 25% OFF
7565,3720,30.0,2014-01-01,2015-12-30,Tuesday,Martes Promo 30% OFF
7566,3720,25.0,2014-01-01,2015-12-30,Friday,Viernes Promo 25% OFF
7567,2016,30.0,2014-01-01,2015-12-30,Tuesday,Martes Promo 30% OFF
7568,2016,25.0,2014-01-01,2015-12-30,Friday,Viernes Promo 25% OFF
7569,1824,30.0,2014-01-01,2015-12-30,Tuesday,Martes Promo 30% OFF
7570,1824,25.0,2014-01-01,2015-12-30,Friday,Viernes Promo 25% OFF
7571,3665,30.0,2014-01-01,2015-12-30,Tuesday,Martes Promo 30% OFF
7572,3665,25.0,2014-01-01,2015-12-30,Friday,Viernes Promo 25% OFF
7573,3147,30.0,2014-01-01,2015-12-30,Tuesday,Martes Promo 30% OFF
7574,3147,25.0,2014-01-01,2015-12-30,Friday,Viernes Promo 25% OFF
7575,3145,30.0,2014-01-01,2015-12-30,Tuesday,Martes Promo 30% OFF
7576,3145,25.0,2014-01-01,2015-12-30,Friday,Viernes Promo 25% OFF
7577,3141,30.0,2014-01-01,2015-12-30,Tuesday,Martes Promo 30% OFF
7578,3141,25.0,2014-01-01,2015-12-30,Friday,Viernes Promo 25% OFF
7579,3494,30.0,2014-01-01,2015-12-30,Tuesday,Martes Promo 30% OFF
7580,3494,25.0,2014-01-01,2015-12-30,Friday,Viernes Promo 25% OFF
7581,970,30.0,2014-01-01,2015-12-30,Tuesday,Martes Promo 30% OFF
7582,970,25.0,2014-01-01,2015-12-30,Friday,Viernes Promo 25% OFF
7583,3144,30.0,2014-01-01,2015-12-30,Tuesday,Martes Promo 30% OFF
7584,3144,25.0,2014-01-01,2015-12-30,Friday,Viernes Promo 25% OFF
7585,3078,30.0,2014-01-01,2015-12-30,Tuesday,Martes Promo 30% OFF
7586,3078,25.0,2014-01-01,2015-12-30,Friday,Viernes Promo 25% OFF
7587,3937,30.0,2014-01-01,2015-12-30,Tuesday,Martes Promo 30% OFF
7588,3937,25.0,2014-01-01,2015-12-30,Friday,Viernes Promo 25% OFF
7589,3319,30.0,2014-01-01,2015-12-30,Tuesday,Martes Promo 30% OFF
7590,3319,25.0,2014-01-01,2015-12-30,Friday,Viernes Promo 25% OFF
7591,809,30.0,2014-01-01,2015-12-30,Tuesday,Martes Promo 30% OFF
7592,809,25.0,2014-01-01,2015-12-30,Friday,Viernes Promo 25% OFF
7593,3077,30.0,2014-01-01,2015-12-30,Tuesday,Martes Promo 30% OFF
7594,3077,25.0,2014-01-01,2015-12-30,Friday,Viernes Promo 25% OFF
7595,3131,30.0,2014-01-01,2015-12-30,Tuesday,Martes Promo 30% OFF
7596,3131,25.0,2014-01-01,2015-12-30,Friday,Viernes Promo 25% OFF
7597,2396,30.0,2014-01-01,2015-12-30,Tuesday,Martes Promo 30% OFF
7598,2396,25.0,2014-01-01,2015-12-30,Friday,Viernes Promo 25% OFF
7599,1974,30.0,2014-01-01,2015-12-30,Tuesday,Martes Promo 30% OFF
7600,1974,25.0,2014-01-01,2015-12-30,Friday,Viernes Promo 25% OFF
7601,1844,30.0,2014-01-01,2015-12-30,Tuesday,Martes Promo 30% OFF
7602,1844,25.0,2014-01-01,2015-12-30,Friday,Viernes Promo 25% OFF
7603,151,30.0,2014-01-01,2015-12-30,Tuesday,Martes Promo 30% OFF
7604,151,25.0,2014-01-01,2015-12-30,Friday,Viernes Promo 25% OFF
7605,82,30.0,2014-01-01,2015-12-30,Tuesday,Martes Promo 30% OFF
7606,82,25.0,2014-01-01,2015-12-30,Friday,Viernes Promo 25% OFF
7607,2997,30.0,2014-01-01,2015-12-30,Tuesday,Martes Promo 30% OFF
7608,2997,25.0,2014-01-01,2015-12-30,Friday,Viernes Promo 25% OFF
7609,812,30.0,2014-01-01,2015-12-30,Tuesday,Martes Promo 30% OFF
7610,812,25.0,2014-01-01,2015-12-30,Friday,Viernes Promo 25% OFF
7611,992,30.0,2014-01-01,2015-12-30,Tuesday,Martes Promo 30% OFF
7612,992,25.0,2014-01-01,2015-12-30,Friday,Viernes Promo 25% OFF
7613,3974,30.0,2014-01-01,2015-12-30,Tuesday,Martes Promo 30% OFF
7614,3974,25.0,2014-01-01,2015-12-30,Friday,Viernes Promo 25% OFF
7615,2020,30.0,2014-01-01,2015-12-30,Tuesday,Martes Promo 30% OFF
7616,2020,25.0,2014-01-01,2015-12-30,Friday,Viernes Promo 25% OFF
7617,375,30.0,2014-01-01,2015-12-30,Tuesday,Martes Promo 30% OFF
7618,375,25.0,2014-01-01,2015-12-30,Friday,Viernes Promo 25% OFF
7619,169,30.0,2014-01-01,2015-12-30,Tuesday,Martes Promo 30% OFF
7620,169,25.0,2014-01-01,2015-12-30,Friday,Viernes Promo 25% OFF
7621,2621,30.0,2014-01-01,2015-12-30,Tuesday,Martes Promo 30% OFF
7622,2621,25.0,2014-01-01,2015-12-30,Friday,Viernes Promo 25% OFF
7623,3471,30.0,2014-01-01,2015-12-30,Tuesday,Martes Promo 30% OFF
7624,3471,25.0,2014-01-01,2015-12-30,Friday,Viernes Promo 25% OFF
7625,3952,30.0,2014-01-01,2015-12-30,Tuesday,Martes Promo 30% OFF
7626,3952,25.0,2014-01-01,2015-12-30,Friday,Viernes Promo 25% OFF
7627,810,30.0,2014-01-01,2015-12-30,Tuesday,Martes Promo 30% OFF
7628,810,25.0,2014-01-01,2015-12-30,Friday,Viernes Promo 25% OFF
7629,1017,30.0,2014-01-01,2015-12-30,Tuesday,Martes Promo 30% OFF
7630,1017,25.0,2014-01-01,2015-12-30,Friday,Viernes Promo 25% OFF
7631,108,30.0,2014-01-01,2015-12-30,Tuesday,Martes Promo 30% OFF
7632,108,25.0,2014-01-01,2015-12-30,Friday,Viernes Promo 25% OFF
7633,383,30.0,2014-01-01,2015-12-30,Tuesday,Martes Promo 30% OFF
7634,383,25.0,2014-01-01,2015-12-30,Friday,Viernes Promo 25% OFF
7635,3656,30.0,2014-01-01,2015-12-30,Tuesday,Martes Promo 30% OFF
7636,3656,25.0,2014-01-01,2015-12-30,Friday,Viernes Promo 25% OFF
7637,2406,30.0,2014-01-01,2015-12-30,Tuesday,Martes Promo 30% OFF
7638,2406,25.0,2014-01-01,2015-12-30,Friday,Viernes Promo 25% OFF
7639,2403,30.0,2014-01-01,2015-12-30,Tuesday,Martes Promo 30% OFF
7640,2403,25.0,2014-01-01,2015-12-30,Friday,Viernes Promo 25% OFF
7641,1913,30.0,2014-01-01,2015-12-30,Tuesday,Martes Promo 30% OFF
7642,1913,25.0,2014-01-01,2015-12-30,Friday,Viernes Promo 25% OFF
7643,2077,30.0,2014-01-01,2015-12-30,Tuesday,Martes Promo 30% OFF
7644,2077,25.0,2014-01-01,2015-12-30,Friday,Viernes Promo 25% OFF
7645,3386,30.0,2014-01-01,2015-12-30,Tuesday,Martes Promo 30% OFF
7646,3386,25.0,2014-01-01,2015-12-30,Friday,Viernes Promo 25% OFF
7647,1299,30.0,2014-01-01,2015-12-30,Tuesday,Martes Promo 30% OFF
7648,1299,25.0,2014-01-01,2015-12-30,Friday,Viernes Promo 25% OFF
7649,2972,30.0,2014-01-01,2015-12-30,Tuesday,Martes Promo 30% OFF
7650,2972,25.0,2014-01-01,2015-12-30,Friday,Viernes Promo 25% OFF
7651,3841,30.0,2014-01-01,2015-12-30,Tuesday,Martes Promo 30% OFF
7652,3841,25.0,2014-01-01,2015-12-30,Friday,Viernes Promo 25% OFF
7653,2386,30.0,2014-01-01,2015-12-30,Tuesday,Martes Promo 30% OFF
7654,2386,25.0,2014-01-01,2015-12-30,Friday,Viernes Promo 25% OFF
7655,2315,30.0,2014-01-01,2015-12-30,Tuesday,Martes Promo 30% OFF
7656,2315,25.0,2014-01-01,2015-12-30,Friday,Viernes Promo 25% OFF
7657,2313,30.0,2014-01-01,2015-12-30,Tuesday,Martes Promo 30% OFF
7658,2313,25.0,2014-01-01,2015-12-30,Friday,Viernes Promo 25% OFF
7659,847,30.0,2014-01-01,2015-12-30,Tuesday,Martes Promo 30% OFF
7660,847,25.0,2014-01-01,2015-12-30,Friday,Viernes Promo 25% OFF
7661,904,30.0,2014-01-01,2015-12-30,Tuesday,Martes Promo 30% OFF
7662,904,25.0,2014-01-01,2015-12-30,Friday,Viernes Promo 25% OFF
7663,5,30.0,2014-01-01,2015-12-30,Tuesday,Martes Promo 30% OFF
7664,5,25.0,2014-01-01,2015-12-30,Friday,Viernes Promo 25% OFF
7665,3181,30.0,2014-01-01,2015-12-30,Tuesday,Martes Promo 30% OFF
7666,3181,25.0,2014-01-01,2015-12-30,Friday,Viernes Promo 25% OFF
7667,1096,30.0,2014-01-01,2015-12-30,Tuesday,Martes Promo 30% OFF
7668,1096,25.0,2014-01-01,2015-12-30,Friday,Viernes Promo 25% OFF
7669,1774,30.0,2014-01-01,2015-12-30,Tuesday,Martes Promo 30% OFF
7670,1774,25.0,2014-01-01,2015-12-30,Friday,Viernes Promo 25% OFF
7671,2352,30.0,2014-01-01,2015-12-30,Tuesday,Martes Promo 30% OFF
7672,2352,25.0,2014-01-01,2015-12-30,Friday,Viernes Promo 25% OFF
7673,651,30.0,2014-01-01,2015-12-30,Tuesday,Martes Promo 30% OFF
7674,651,25.0,2014-01-01,2015-12-30,Friday,Viernes Promo 25% OFF
7675,480,30.0,2014-01-01,2015-12-30,Tuesday,Martes Promo 30% OFF
7676,480,25.0,2014-01-01,2015-12-30,Friday,Viernes Promo 25% OFF
7677,2825,30.0,2014-01-01,2015-12-30,Tuesday,Martes Promo 30% OFF
7678,2825,25.0,2014-01-01,2015-12-30,Friday,Viernes Promo 25% OFF
7679,3860,30.0,2014-01-01,2015-12-30,Tuesday,Martes Promo 30% OFF
7680,3860,25.0,2014-01-01,2015-12-30,Friday,Viernes Promo 25% OFF
7681,1599,30.0,2014-01-01,2015-12-30,Tuesday,Martes Promo 30% OFF
7682,1599,25.0,2014-01-01,2015-12-30,Friday,Viernes Promo 25% OFF
7683,3671,30.0,2014-01-01,2015-12-30,Tuesday,Martes Promo 30% OFF
7684,3671,25.0,2014-01-01,2015-12-30,Friday,Viernes Promo 25% OFF
7685,3873,30.0,2014-01-01,2015-12-30,Tuesday,Martes Promo 30% OFF
7686,3873,25.0,2014-01-01,2015-12-30,Friday,Viernes Promo 25% OFF
7687,2100,30.0,2014-01-01,2015-12-30,Tuesday,Martes Promo 30% OFF
7688,2100,25.0,2014-01-01,2015-12-30,Friday,Viernes Promo 25% OFF
7689,2372,30.0,2014-01-01,2015-12-30,Tuesday,Martes Promo 30% OFF
7690,2372,25.0,2014-01-01,2015-12-30,Friday,Viernes Promo 25% OFF
7691,311,30.0,2014-01-01,2015-12-30,Tuesday,Martes Promo 30% OFF
7692,311,25.0,2014-01-01,2015-12-30,Friday,Viernes Promo 25% OFF
7693,807,30.0,2014-01-01,2015-12-30,Tuesday,Martes Promo 30% OFF
7694,807,25.0,2014-01-01,2015-12-30,Friday,Viernes Promo 25% OFF
7695,899,30.0,2014-01-01,2015-12-30,Tuesday,Martes Promo 30% OFF
7696,899,25.0,2014-01-01,2015-12-30,Friday,Viernes Promo 25% OFF
7697,3420,30.0,2014-01-01,2015-12-30,Tuesday,Martes Promo 30% OFF
7698,3420,25.0,2014-01-01,2015-12-30,Friday,Viernes Promo 25% OFF
7699,3417,30.0,2014-01-01,2015-12-30,Tuesday,Martes Promo 30% OFF
7700,3417,25.0,2014-01-01,2015-12-30,Friday,Viernes Promo 25% OFF
7701,3419,30.0,2014-01-01,2015-12-30,Tuesday,Martes Promo 30% OFF
7702,3419,25.0,2014-01-01,2015-12-30,Friday,Viernes Promo 25% OFF
7703,3190,30.0,2014-01-01,2015-12-30,Tuesday,Martes Promo 30% OFF
7704,3190,25.0,2014-01-01,2015-12-30,Friday,Viernes Promo 25% OFF
7705,3421,30.0,2014-01-01,2015-12-30,Tuesday,Martes Promo 30% OFF
7706,3421,25.0,2014-01-01,2015-12-30,Friday,Viernes Promo 25% OFF
7707,3192,30.0,2014-01-01,2015-12-30,Tuesday,Martes Promo 30% OFF
7708,3192,25.0,2014-01-01,2015-12-30,Friday,Viernes Promo 25% OFF
7709,1440,30.0,2014-01-01,2015-12-30,Tuesday,Martes Promo 30% OFF
7710,1440,25.0,2014-01-01,2015-12-30,Friday,Viernes Promo 25% OFF
7711,3191,30.0,2014-01-01,2015-12-30,Tuesday,Martes Promo 30% OFF
7712,3191,25.0,2014-01-01,2015-12-30,Friday,Viernes Promo 25% OFF
7713,3288,30.0,2014-01-01,2015-12-30,Tuesday,Martes Promo 30% OFF
7714,3288,25.0,2014-01-01,2015-12-30,Friday,Viernes Promo 25% OFF
7715,1952,30.0,2014-01-01,2015-12-30,Tuesday,Martes Promo 30% OFF
7716,1952,25.0,2014-01-01,2015-12-30,Friday,Viernes Promo 25% OFF
7717,1961,30.0,2014-01-01,2015-12-30,Tuesday,Martes Promo 30% OFF
7718,1961,25.0,2014-01-01,2015-12-30,Friday,Viernes Promo 25% OFF
7719,1965,30.0,2014-01-01,2015-12-30,Tuesday,Martes Promo 30% OFF
7720,1965,25.0,2014-01-01,2015-12-30,Friday,Viernes Promo 25% OFF
7721,1966,30.0,2014-01-01,2015-12-30,Tuesday,Martes Promo 30% OFF
7722,1966,25.0,2014-01-01,2015-12-30,Friday,Viernes Promo 25% OFF
7723,1968,30.0,2014-01-01,2015-12-30,Tuesday,Martes Promo 30% OFF
7724,1968,25.0,2014-01-01,2015-12-30,Friday,Viernes Promo 25% OFF
7725,1970,30.0,2014-01-01,2015-12-30,Tuesday,Martes Promo 30% OFF
7726,1970,25.0,2014-01-01,2015-12-30,Friday,Viernes Promo 25% OFF
7727,2544,30.0,2014-01-01,2015-12-30,Tuesday,Martes Promo 30% OFF
7728,2544,25.0,2014-01-01,2015-12-30,Friday,Viernes Promo 25% OFF
7729,888,30.0,2014-01-01,2015-12-30,Tuesday,Martes Promo 30% OFF
7730,888,25.0,2014-01-01,2015-12-30,Friday,Viernes Promo 25% OFF
7731,2414,30.0,2014-01-01,2015-12-30,Tuesday,Martes Promo 30% OFF
7732,2414,25.0,2014-01-01,2015-12-30,Friday,Viernes Promo 25% OFF
7733,522,30.0,2014-01-01,2015-12-30,Tuesday,Martes Promo 30% OFF
7734,522,25.0,2014-01-01,2015-12-30,Friday,Viernes Promo 25% OFF
7735,601,30.0,2014-01-01,2015-12-30,Tuesday,Martes Promo 30% OFF
7736,601,25.0,2014-01-01,2015-12-30,Friday,Viernes Promo 25% OFF
7737,1036,30.0,2014-01-01,2015-12-30,Tuesday,Martes Promo 30% OFF
7738,1036,25.0,2014-01-01,2015-12-30,Friday,Viernes Promo 25% OFF
7739,1005,30.0,2014-01-01,2015-12-30,Tuesday,Martes Promo 30% OFF
7740,1005,25.0,2014-01-01,2015-12-30,Friday,Viernes Promo 25% OFF
7741,1754,30.0,2014-01-01,2015-12-30,Tuesday,Martes Promo 30% OFF
7742,1754,25.0,2014-01-01,2015-12-30,Friday,Viernes Promo 25% OFF
7743,3637,30.0,2014-01-01,2015-12-30,Tuesday,Martes Promo 30% OFF
7744,3637,25.0,2014-01-01,2015-12-30,Friday,Viernes Promo 25% OFF
7745,3280,30.0,2014-01-01,2015-12-30,Tuesday,Martes Promo 30% OFF
7746,3280,25.0,2014-01-01,2015-12-30,Friday,Viernes Promo 25% OFF
7747,565,30.0,2014-01-01,2015-12-30,Tuesday,Martes Promo 30% OFF
7748,565,25.0,2014-01-01,2015-12-30,Friday,Viernes Promo 25% OFF
7749,2304,30.0,2014-01-01,2015-12-30,Tuesday,Martes Promo 30% OFF
7750,2304,25.0,2014-01-01,2015-12-30,Friday,Viernes Promo 25% OFF
7751,3891,30.0,2014-01-01,2015-12-30,Tuesday,Martes Promo 30% OFF
7752,3891,25.0,2014-01-01,2015-12-30,Friday,Viernes Promo 25% OFF
7753,4004,30.0,2014-01-01,2015-12-30,Tuesday,Martes Promo 30% OFF
7754,4004,25.0,2014-01-01,2015-12-30,Friday,Viernes Promo 25% OFF
7755,837,30.0,2014-01-01,2015-12-30,Tuesday,Martes Promo 30% OFF
7756,837,25.0,2014-01-01,2015-12-30,Friday,Viernes Promo 25% OFF
7757,1391,30.0,2014-01-01,2015-12-30,Tuesday,Martes Promo 30% OFF
7758,1391,25.0,2014-01-01,2015-12-30,Friday,Viernes Promo 25% OFF
7759,1392,30.0,2014-01-01,2015-12-30,Tuesday,Martes Promo 30% OFF
7760,1392,25.0,2014-01-01,2015-12-30,Friday,Viernes Promo 25% OFF
7761,521,30.0,2014-01-01,2015-12-30,Tuesday,Martes Promo 30% OFF
7762,521,25.0,2014-01-01,2015-12-30,Friday,Viernes Promo 25% OFF
7763,803,30.0,2014-01-01,2015-12-30,Tuesday,Martes Promo 30% OFF
7764,803,25.0,2014-01-01,2015-12-30,Friday,Viernes Promo 25% OFF
7765,3359,30.0,2014-01-01,2015-12-30,Tuesday,Martes Promo 30% OFF
7766,3359,25.0,2014-01-01,2015-12-30,Friday,Viernes Promo 25% OFF
7767,3778,30.0,2014-01-01,2015-12-30,Tuesday,Martes Promo 30% OFF
7768,3778,25.0,2014-01-01,2015-12-30,Friday,Viernes Promo 25% OFF
7769,741,30.0,2014-01-01,2015-12-30,Tuesday,Martes Promo 30% OFF
7770,741,25.0,2014-01-01,2015-12-30,Friday,Viernes Promo 25% OFF
7771,1595,30.0,2014-01-01,2015-12-30,Tuesday,Martes Promo 30% OFF
7772,1595,25.0,2014-01-01,2015-12-30,Friday,Viernes Promo 25% OFF
7773,921,30.0,2014-01-01,2015-12-30,Tuesday,Martes Promo 30% OFF
7774,921,25.0,2014-01-01,2015-12-30,Friday,Viernes Promo 25% OFF
7775,1284,30.0,2014-01-01,2015-12-30,Tuesday,Martes Promo 30% OFF
7776,1284,25.0,2014-01-01,2015-12-30,Friday,Viernes Promo 25% OFF
7777,2281,30.0,2014-01-01,2015-12-30,Tuesday,Martes Promo 30% OFF
7778,2281,25.0,2014-01-01,2015-12-30,Friday,Viernes Promo 25% OFF
7779,547,30.0,2014-01-01,2015-12-30,Tuesday,Martes Promo 30% OFF
7780,547,25.0,2014-01-01,2015-12-30,Friday,Viernes Promo 25% OFF
7781,3823,30.0,2014-01-01,2015-12-30,Tuesday,Martes Promo 30% OFF
7782,3823,25.0,2014-01-01,2015-12-30,Friday,Viernes Promo 25% OFF
7783,3426,30.0,2014-01-01,2015-12-30,Tuesday,Martes Promo 30% OFF
7784,3426,25.0,2014-01-01,2015-12-30,Friday,Viernes Promo 25% OFF
7785,824,30.0,2014-01-01,2015-12-30,Tuesday,Martes Promo 30% OFF
7786,824,25.0,2014-01-01,2015-12-30,Friday,Viernes Promo 25% OFF
7787,3029,30.0,2014-01-01,2015-12-30,Tuesday,Martes Promo 30% OFF
7788,3029,25.0,2014-01-01,2015-12-30,Friday,Viernes Promo 25% OFF
7789,307,30.0,2014-01-01,2015-12-30,Tuesday,Martes Promo 30% OFF
7790,307,25.0,2014-01-01,2015-12-30,Friday,Viernes Promo 25% OFF
7791,3455,30.0,2014-01-01,2015-12-30,Tuesday,Martes Promo 30% OFF
7792,3455,25.0,2014-01-01,2015-12-30,Friday,Viernes Promo 25% OFF
7793,2956,30.0,2014-01-01,2015-12-30,Tuesday,Martes Promo 30% OFF
7794,2956,25.0,2014-01-01,2015-12-30,Friday,Viernes Promo 25% OFF
7795,1395,30.0,2014-01-01,2015-12-30,Tuesday,Martes Promo 30% OFF
7796,1395,25.0,2014-01-01,2015-12-30,Friday,Viernes Promo 25% OFF
7797,2062,30.0,2014-01-01,2015-12-30,Tuesday,Martes Promo 30% OFF
7798,2062,25.0,2014-01-01,2015-12-30,Friday,Viernes Promo 25% OFF
7799,2951,30.0,2014-01-01,2015-12-30,Tuesday,Martes Promo 30% OFF
7800,2951,25.0,2014-01-01,2015-12-30,Friday,Viernes Promo 25% OFF
7801,3667,30.0,2014-01-01,2015-12-30,Tuesday,Martes Promo 30% OFF
7802,3667,25.0,2014-01-01,2015-12-30,Friday,Viernes Promo 25% OFF
7803,3028,30.0,2014-01-01,2015-12-30,Tuesday,Martes Promo 30% OFF
7804,3028,25.0,2014-01-01,2015-12-30,Friday,Viernes Promo 25% OFF
7805,2237,30.0,2014-01-01,2015-12-30,Tuesday,Martes Promo 30% OFF
7806,2237,25.0,2014-01-01,2015-12-30,Friday,Viernes Promo 25% OFF
7807,1996,30.0,2014-01-01,2015-12-30,Tuesday,Martes Promo 30% OFF
7808,1996,25.0,2014-01-01,2015-12-30,Friday,Viernes Promo 25% OFF
7809,602,30.0,2014-01-01,2015-12-30,Tuesday,Martes Promo 30% OFF
7810,602,25.0,2014-01-01,2015-12-30,Friday,Viernes Promo 25% OFF
7811,1341,30.0,2014-01-01,2015-12-30,Tuesday,Martes Promo 30% OFF
7812,1341,25.0,2014-01-01,2015-12-30,Friday,Viernes Promo 25% OFF
7813,303,30.0,2014-01-01,2015-12-30,Tuesday,Martes Promo 30% OFF
7814,303,25.0,2014-01-01,2015-12-30,Friday,Viernes Promo 25% OFF
7815,3424,30.0,2014-01-01,2015-12-30,Tuesday,Martes Promo 30% OFF
7816,3424,25.0,2014-01-01,2015-12-30,Friday,Viernes Promo 25% OFF
7817,2714,30.0,2014-01-01,2015-12-30,Tuesday,Martes Promo 30% OFF
7818,2714,25.0,2014-01-01,2015-12-30,Friday,Viernes Promo 25% OFF
7819,2961,30.0,2014-01-01,2015-12-30,Tuesday,Martes Promo 30% OFF
7820,2961,25.0,2014-01-01,2015-12-30,Friday,Viernes Promo 25% OFF
7821,979,30.0,2014-01-01,2015-12-30,Tuesday,Martes Promo 30% OFF
7822,979,25.0,2014-01-01,2015-12-30,Friday,Viernes Promo 25% OFF
7823,1524,30.0,2014-01-01,2015-12-30,Tuesday,Martes Promo 30% OFF
7824,1524,25.0,2014-01-01,2015-12-30,Friday,Viernes Promo 25% OFF
7825,3046,30.0,2014-01-01,2015-12-30,Tuesday,Martes Promo 30% OFF
7826,3046,25.0,2014-01-01,2015-12-30,Friday,Viernes Promo 25% OFF
7827,705,30.0,2014-01-01,2015-12-30,Tuesday,Martes Promo 30% OFF
7828,705,25.0,2014-01-01,2015-12-30,Friday,Viernes Promo 25% OFF
7829,3835,30.0,2014-01-01,2015-12-30,Tuesday,Martes Promo 30% OFF
7830,3835,25.0,2014-01-01,2015-12-30,Friday,Viernes Promo 25% OFF
7831,3025,30.0,2014-01-01,2015-12-30,Tuesday,Martes Promo 30% OFF
7832,3025,25.0,2014-01-01,2015-12-30,Friday,Viernes Promo 25% OFF
7833,1648,30.0,2014-01-01,2015-12-30,Tuesday,Martes Promo 30% OFF
7834,1648,25.0,2014-01-01,2015-12-30,Friday,Viernes Promo 25% OFF
7835,613,30.0,2014-01-01,2015-12-30,Tuesday,Martes Promo 30% OFF
7836,613,25.0,2014-01-01,2015-12-30,Friday,Viernes Promo 25% OFF
7837,2279,30.0,2014-01-01,2015-12-30,Tuesday,Martes Promo 30% OFF
7838,2279,25.0,2014-01-01,2015-12-30,Friday,Viernes Promo 25% OFF
7839,2464,30.0,2014-01-01,2015-12-30,Tuesday,Martes Promo 30% OFF
7840,2464,25.0,2014-01-01,2015-12-30,Friday,Viernes Promo 25% OFF
7841,1742,30.0,2014-01-01,2015-12-30,Tuesday,Martes Promo 30% OFF
7842,1742,25.0,2014-01-01,2015-12-30,Friday,Viernes Promo 25% OFF
7843,1283,30.0,2014-01-01,2015-12-30,Tuesday,Martes Promo 30% OFF
7844,1283,25.0,2014-01-01,2015-12-30,Friday,Viernes Promo 25% OFF
7845,1753,30.0,2014-01-01,2015-12-30,Tuesday,Martes Promo 30% OFF
7846,1753,25.0,2014-01-01,2015-12-30,Friday,Viernes Promo 25% OFF
7847,1718,30.0,2014-01-01,2015-12-30,Tuesday,Martes Promo 30% OFF
7848,1718,25.0,2014-01-01,2015-12-30,Friday,Viernes Promo 25% OFF
7849,2726,30.0,2014-01-01,2015-12-30,Tuesday,Martes Promo 30% OFF
7850,2726,25.0,2014-01-01,2015-12-30,Friday,Viernes Promo 25% OFF
7851,2213,30.0,2014-01-01,2015-12-30,Tuesday,Martes Promo 30% OFF
7852,2213,25.0,2014-01-01,2015-12-30,Friday,Viernes Promo 25% OFF
7853,2072,30.0,2014-01-01,2015-12-30,Tuesday,Martes Promo 30% OFF
7854,2072,25.0,2014-01-01,2015-12-30,Friday,Viernes Promo 25% OFF
7855,650,30.0,2014-01-01,2015-12-30,Tuesday,Martes Promo 30% OFF
7856,650,25.0,2014-01-01,2015-12-30,Friday,Viernes Promo 25% OFF
7857,831,30.0,2014-01-01,2015-12-30,Tuesday,Martes Promo 30% OFF
7858,831,25.0,2014-01-01,2015-12-30,Friday,Viernes Promo 25% OFF
7859,1594,30.0,2014-01-01,2015-12-30,Tuesday,Martes Promo 30% OFF
7860,1594,25.0,2014-01-01,2015-12-30,Friday,Viernes Promo 25% OFF
7861,1973,30.0,2014-01-01,2015-12-30,Tuesday,Martes Promo 30% OFF
7862,1973,25.0,2014-01-01,2015-12-30,Friday,Viernes Promo 25% OFF
7863,2872,30.0,2014-01-01,2015-12-30,Tuesday,Martes Promo 30% OFF
7864,2872,25.0,2014-01-01,2015-12-30,Friday,Viernes Promo 25% OFF
7865,3432,30.0,2014-01-01,2015-12-30,Tuesday,Martes Promo 30% OFF
7866,3432,25.0,2014-01-01,2015-12-30,Friday,Viernes Promo 25% OFF
7867,747,30.0,2014-01-01,2015-12-30,Tuesday,Martes Promo 30% OFF
7868,747,25.0,2014-01-01,2015-12-30,Friday,Viernes Promo 25% OFF
7869,1988,30.0,2014-01-01,2015-12-30,Tuesday,Martes Promo 30% OFF
7870,1988,25.0,2014-01-01,2015-12-30,Friday,Viernes Promo 25% OFF
7871,2216,30.0,2014-01-01,2015-12-30,Tuesday,Martes Promo 30% OFF
7872,2216,25.0,2014-01-01,2015-12-30,Friday,Viernes Promo 25% OFF
7873,264,30.0,2014-01-01,2015-12-30,Tuesday,Martes Promo 30% OFF
7874,264,25.0,2014-01-01,2015-12-30,Friday,Viernes Promo 25% OFF
7875,3688,30.0,2014-01-01,2015-12-30,Tuesday,Martes Promo 30% OFF
7876,3688,25.0,2014-01-01,2015-12-30,Friday,Viernes Promo 25% OFF
7877,1390,30.0,2014-01-01,2015-12-30,Tuesday,Martes Promo 30% OFF
7878,1390,25.0,2014-01-01,2015-12-30,Friday,Viernes Promo 25% OFF
7879,3521,30.0,2014-01-01,2015-12-30,Tuesday,Martes Promo 30% OFF
7880,3521,25.0,2014-01-01,2015-12-30,Friday,Viernes Promo 25% OFF
7881,3509,30.0,2014-01-01,2015-12-30,Tuesday,Martes Promo 30% OFF
7882,3509,25.0,2014-01-01,2015-12-30,Friday,Viernes Promo 25% OFF
7883,1734,30.0,2014-01-01,2015-12-30,Tuesday,Martes Promo 30% OFF
7884,1734,25.0,2014-01-01,2015-12-30,Friday,Viernes Promo 25% OFF
7885,1992,30.0,2014-01-01,2015-12-30,Tuesday,Martes Promo 30% OFF
7886,1992,25.0,2014-01-01,2015-12-30,Friday,Viernes Promo 25% OFF
7887,2662,30.0,2014-01-01,2015-12-30,Tuesday,Martes Promo 30% OFF
7888,2662,25.0,2014-01-01,2015-12-30,Friday,Viernes Promo 25% OFF
7889,2071,30.0,2014-01-01,2015-12-30,Tuesday,Martes Promo 30% OFF
7890,2071,25.0,2014-01-01,2015-12-30,Friday,Viernes Promo 25% OFF
7891,883,30.0,2014-01-01,2015-12-30,Tuesday,Martes Promo 30% OFF
7892,883,25.0,2014-01-01,2015-12-30,Friday,Viernes Promo 25% OFF
7893,1789,30.0,2014-01-01,2015-12-30,Tuesday,Martes Promo 30% OFF
7894,1789,25.0,2014-01-01,2015-12-30,Friday,Viernes Promo 25% OFF
7895,1696,30.0,2014-01-01,2015-12-30,Tuesday,Martes Promo 30% OFF
7896,1696,25.0,2014-01-01,2015-12-30,Friday,Viernes Promo 25% OFF
7897,2998,30.0,2014-01-01,2015-12-30,Tuesday,Martes Promo 30% OFF
7898,2998,25.0,2014-01-01,2015-12-30,Friday,Viernes Promo 25% OFF
7899,3463,30.0,2014-01-01,2015-12-30,Tuesday,Martes Promo 30% OFF
7900,3463,25.0,2014-01-01,2015-12-30,Friday,Viernes Promo 25% OFF
7901,309,30.0,2014-01-01,2015-12-30,Tuesday,Martes Promo 30% OFF
7902,309,25.0,2014-01-01,2015-12-30,Friday,Viernes Promo 25% OFF
7903,3427,30.0,2014-01-01,2015-12-30,Tuesday,Martes Promo 30% OFF
7904,3427,25.0,2014-01-01,2015-12-30,Friday,Viernes Promo 25% OFF
7905,2492,30.0,2014-01-01,2015-12-30,Tuesday,Martes Promo 30% OFF
7906,2492,25.0,2014-01-01,2015-12-30,Friday,Viernes Promo 25% OFF
7907,2163,30.0,2014-01-01,2015-12-30,Tuesday,Martes Promo 30% OFF
7908,2163,25.0,2014-01-01,2015-12-30,Friday,Viernes Promo 25% OFF
7909,2067,30.0,2014-01-01,2015-12-30,Tuesday,Martes Promo 30% OFF
7910,2067,25.0,2014-01-01,2015-12-30,Friday,Viernes Promo 25% OFF
7911,1387,30.0,2014-01-01,2015-12-30,Tuesday,Martes Promo 30% OFF
7912,1387,25.0,2014-01-01,2015-12-30,Friday,Viernes Promo 25% OFF
7913,2493,30.0,2014-01-01,2015-12-30,Tuesday,Martes Promo 30% OFF
7914,2493,25.0,2014-01-01,2015-12-30,Friday,Viernes Promo 25% OFF
7915,4033,30.0,2014-01-01,2015-12-30,Tuesday,Martes Promo 30% OFF
7916,4033,25.0,2014-01-01,2015-12-30,Friday,Viernes Promo 25% OFF
7917,3539,30.0,2014-01-01,2015-12-30,Tuesday,Martes Promo 30% OFF
7918,3539,25.0,2014-01-01,2015-12-30,Friday,Viernes Promo 25% OFF
7919,566,30.0,2014-01-01,2015-12-30,Tuesday,Martes Promo 30% OFF
7920,566,25.0,2014-01-01,2015-12-30,Friday,Viernes Promo 25% OFF
7921,3453,30.0,2014-01-01,2015-12-30,Tuesday,Martes Promo 30% OFF
7922,3453,25.0,2014-01-01,2015-12-30,Friday,Viernes Promo 25% OFF
7923,2936,30.0,2014-01-01,2015-12-30,Tuesday,Martes Promo 30% OFF
7924,2936,25.0,2014-01-01,2015-12-30,Friday,Viernes Promo 25% OFF
7925,980,30.0,2014-01-01,2015-12-30,Tuesday,Martes Promo 30% OFF
7926,980,25.0,2014-01-01,2015-12-30,Friday,Viernes Promo 25% OFF
7927,707,30.0,2014-01-01,2015-12-30,Tuesday,Martes Promo 30% OFF
7928,707,25.0,2014-01-01,2015-12-30,Friday,Viernes Promo 25% OFF
7929,3024,30.0,2014-01-01,2015-12-30,Tuesday,Martes Promo 30% OFF
7930,3024,25.0,2014-01-01,2015-12-30,Friday,Viernes Promo 25% OFF
7931,3045,30.0,2014-01-01,2015-12-30,Tuesday,Martes Promo 30% OFF
7932,3045,25.0,2014-01-01,2015-12-30,Friday,Viernes Promo 25% OFF
7933,3882,30.0,2014-01-01,2015-12-30,Tuesday,Martes Promo 30% OFF
7934,3882,25.0,2014-01-01,2015-12-30,Friday,Viernes Promo 25% OFF
7935,3646,30.0,2014-01-01,2015-12-30,Tuesday,Martes Promo 30% OFF
7936,3646,25.0,2014-01-01,2015-12-30,Friday,Viernes Promo 25% OFF
7937,1989,30.0,2014-01-01,2015-12-30,Tuesday,Martes Promo 30% OFF
7938,1989,25.0,2014-01-01,2015-12-30,Friday,Viernes Promo 25% OFF
7939,246,30.0,2014-01-01,2015-12-30,Tuesday,Martes Promo 30% OFF
7940,246,25.0,2014-01-01,2015-12-30,Friday,Viernes Promo 25% OFF
7941,1004,30.0,2014-01-01,2015-12-30,Tuesday,Martes Promo 30% OFF
7942,1004,25.0,2014-01-01,2015-12-30,Friday,Viernes Promo 25% OFF
7943,3452,30.0,2014-01-01,2015-12-30,Tuesday,Martes Promo 30% OFF
7944,3452,25.0,2014-01-01,2015-12-30,Friday,Viernes Promo 25% OFF
7945,2482,30.0,2014-01-01,2015-12-30,Tuesday,Martes Promo 30% OFF
7946,2482,25.0,2014-01-01,2015-12-30,Friday,Viernes Promo 25% OFF
7947,3454,30.0,2014-01-01,2015-12-30,Tuesday,Martes Promo 30% OFF
7948,3454,25.0,2014-01-01,2015-12-30,Friday,Viernes Promo 25% OFF
7949,2698,30.0,2014-01-01,2015-12-30,Tuesday,Martes Promo 30% OFF
7950,2698,25.0,2014-01-01,2015-12-30,Friday,Viernes Promo 25% OFF
7951,3429,30.0,2014-01-01,2015-12-30,Tuesday,Martes Promo 30% OFF
7952,3429,25.0,2014-01-01,2015-12-30,Friday,Viernes Promo 25% OFF
7953,1011,30.0,2014-01-01,2015-12-30,Tuesday,Martes Promo 30% OFF
7954,1011,25.0,2014-01-01,2015-12-30,Friday,Viernes Promo 25% OFF
7955,854,30.0,2014-01-01,2015-12-30,Tuesday,Martes Promo 30% OFF
7956,854,25.0,2014-01-01,2015-12-30,Friday,Viernes Promo 25% OFF
7957,2710,30.0,2014-01-01,2015-12-30,Tuesday,Martes Promo 30% OFF
7958,2710,25.0,2014-01-01,2015-12-30,Friday,Viernes Promo 25% OFF
7959,2271,30.0,2014-01-01,2015-12-30,Tuesday,Martes Promo 30% OFF
7960,2271,25.0,2014-01-01,2015-12-30,Friday,Viernes Promo 25% OFF
7961,2055,30.0,2014-01-01,2015-12-30,Tuesday,Martes Promo 30% OFF
7962,2055,25.0,2014-01-01,2015-12-30,Friday,Viernes Promo 25% OFF
7963,1730,30.0,2014-01-01,2015-12-30,Tuesday,Martes Promo 30% OFF
7964,1730,25.0,2014-01-01,2015-12-30,Friday,Viernes Promo 25% OFF
7965,922,30.0,2014-01-01,2015-12-30,Tuesday,Martes Promo 30% OFF
7966,922,25.0,2014-01-01,2015-12-30,Friday,Viernes Promo 25% OFF
7967,615,30.0,2014-01-01,2015-12-30,Tuesday,Martes Promo 30% OFF
7968,615,25.0,2014-01-01,2015-12-30,Friday,Viernes Promo 25% OFF
7969,1848,30.0,2014-01-01,2015-12-30,Tuesday,Martes Promo 30% OFF
7970,1848,25.0,2014-01-01,2015-12-30,Friday,Viernes Promo 25% OFF
7971,1388,30.0,2014-01-01,2015-12-30,Tuesday,Martes Promo 30% OFF
7972,1388,25.0,2014-01-01,2015-12-30,Friday,Viernes Promo 25% OFF
7973,2292,30.0,2014-01-01,2015-12-30,Tuesday,Martes Promo 30% OFF
7974,2292,25.0,2014-01-01,2015-12-30,Friday,Viernes Promo 25% OFF
7975,670,30.0,2014-01-01,2015-12-30,Tuesday,Martes Promo 30% OFF
7976,670,25.0,2014-01-01,2015-12-30,Friday,Viernes Promo 25% OFF
7977,2368,30.0,2014-01-01,2015-12-30,Tuesday,Martes Promo 30% OFF
7978,2368,25.0,2014-01-01,2015-12-30,Friday,Viernes Promo 25% OFF
7979,576,30.0,2014-01-01,2015-12-30,Tuesday,Martes Promo 30% OFF
7980,576,25.0,2014-01-01,2015-12-30,Friday,Viernes Promo 25% OFF
7981,1258,30.0,2014-01-01,2015-12-30,Tuesday,Martes Promo 30% OFF
7982,1258,25.0,2014-01-01,2015-12-30,Friday,Viernes Promo 25% OFF
7983,614,30.0,2014-01-01,2015-12-30,Tuesday,Martes Promo 30% OFF
7984,614,25.0,2014-01-01,2015-12-30,Friday,Viernes Promo 25% OFF
7985,2272,30.0,2014-01-01,2015-12-30,Tuesday,Martes Promo 30% OFF
7986,2272,25.0,2014-01-01,2015-12-30,Friday,Viernes Promo 25% OFF
7987,3577,30.0,2014-01-01,2015-12-30,Tuesday,Martes Promo 30% OFF
7988,3577,25.0,2014-01-01,2015-12-30,Friday,Viernes Promo 25% OFF
7989,978,30.0,2014-01-01,2015-12-30,Tuesday,Martes Promo 30% OFF
7990,978,25.0,2014-01-01,2015-12-30,Friday,Viernes Promo 25% OFF
7991,2727,30.0,2014-01-01,2015-12-30,Tuesday,Martes Promo 30% OFF
7992,2727,25.0,2014-01-01,2015-12-30,Friday,Viernes Promo 25% OFF
7993,1866,30.0,2014-01-01,2015-12-30,Tuesday,Martes Promo 30% OFF
7994,1866,25.0,2014-01-01,2015-12-30,Friday,Viernes Promo 25% OFF
7995,2460,30.0,2014-01-01,2015-12-30,Tuesday,Martes Promo 30% OFF
7996,2460,25.0,2014-01-01,2015-12-30,Friday,Viernes Promo 25% OFF
7997,112,30.0,2014-01-01,2015-12-30,Tuesday,Martes Promo 30% OFF
7998,112,25.0,2014-01-01,2015-12-30,Friday,Viernes Promo 25% OFF
7999,1269,30.0,2014-01-01,2015-12-30,Tuesday,Martes Promo 30% OFF
8000,1269,25.0,2014-01-01,2015-12-30,Friday,Viernes Promo 25% OFF
8001,616,30.0,2014-01-01,2015-12-30,Tuesday,Martes Promo 30% OFF
8002,616,25.0,2014-01-01,2015-12-30,Friday,Viernes Promo 25% OFF
8003,2715,30.0,2014-01-01,2015-12-30,Tuesday,Martes Promo 30% OFF
8004,2715,25.0,2014-01-01,2015-12-30,Friday,Viernes Promo 25% OFF
8005,836,30.0,2014-01-01,2015-12-30,Tuesday,Martes Promo 30% OFF
8006,836,25.0,2014-01-01,2015-12-30,Friday,Viernes Promo 25% OFF
8007,3416,30.0,2014-01-01,2015-12-30,Tuesday,Martes Promo 30% OFF
8008,3416,25.0,2014-01-01,2015-12-30,Friday,Viernes Promo 25% OFF
8009,955,30.0,2014-01-01,2015-12-30,Tuesday,Martes Promo 30% OFF
8010,955,25.0,2014-01-01,2015-12-30,Friday,Viernes Promo 25% OFF
8011,3551,30.0,2014-01-01,2015-12-30,Tuesday,Martes Promo 30% OFF
8012,3551,25.0,2014-01-01,2015-12-30,Friday,Viernes Promo 25% OFF
8013,197,30.0,2014-01-01,2015-12-30,Tuesday,Martes Promo 30% OFF
8014,197,25.0,2014-01-01,2015-12-30,Friday,Viernes Promo 25% OFF
8015,535,30.0,2014-01-01,2015-12-30,Tuesday,Martes Promo 30% OFF
8016,535,25.0,2014-01-01,2015-12-30,Friday,Viernes Promo 25% OFF
8017,3456,30.0,2014-01-01,2015-12-30,Tuesday,Martes Promo 30% OFF
8018,3456,25.0,2014-01-01,2015-12-30,Friday,Viernes Promo 25% OFF
8019,3457,30.0,2014-01-01,2015-12-30,Tuesday,Martes Promo 30% OFF
8020,3457,25.0,2014-01-01,2015-12-30,Friday,Viernes Promo 25% OFF
8021,1987,30.0,2014-01-01,2015-12-30,Tuesday,Martes Promo 30% OFF
8022,1987,25.0,2014-01-01,2015-12-30,Friday,Viernes Promo 25% OFF
8023,1249,30.0,2014-01-01,2015-12-30,Tuesday,Martes Promo 30% OFF
8024,1249,25.0,2014-01-01,2015-12-30,Friday,Viernes Promo 25% OFF
8025,860,30.0,2014-01-01,2015-12-30,Tuesday,Martes Promo 30% OFF
8026,860,25.0,2014-01-01,2015-12-30,Friday,Viernes Promo 25% OFF
8027,3458,30.0,2014-01-01,2015-12-30,Tuesday,Martes Promo 30% OFF
8028,3458,25.0,2014-01-01,2015-12-30,Friday,Viernes Promo 25% OFF
8029,2724,30.0,2014-01-01,2015-12-30,Tuesday,Martes Promo 30% OFF
8030,2724,25.0,2014-01-01,2015-12-30,Friday,Viernes Promo 25% OFF
8031,2993,30.0,2014-01-01,2015-12-30,Tuesday,Martes Promo 30% OFF
8032,2993,25.0,2014-01-01,2015-12-30,Friday,Viernes Promo 25% OFF
8033,2732,30.0,2014-01-01,2015-12-30,Tuesday,Martes Promo 30% OFF
8034,2732,25.0,2014-01-01,2015-12-30,Friday,Viernes Promo 25% OFF
8035,252,30.0,2014-01-01,2015-12-30,Tuesday,Martes Promo 30% OFF
8036,252,25.0,2014-01-01,2015-12-30,Friday,Viernes Promo 25% OFF
8037,3587,30.0,2014-01-01,2015-12-30,Tuesday,Martes Promo 30% OFF
8038,3587,25.0,2014-01-01,2015-12-30,Friday,Viernes Promo 25% OFF
8039,2059,30.0,2014-01-01,2015-12-30,Tuesday,Martes Promo 30% OFF
8040,2059,25.0,2014-01-01,2015-12-30,Friday,Viernes Promo 25% OFF
8041,1591,30.0,2014-01-01,2015-12-30,Tuesday,Martes Promo 30% OFF
8042,1591,25.0,2014-01-01,2015-12-30,Friday,Viernes Promo 25% OFF
8043,3022,30.0,2014-01-01,2015-12-30,Tuesday,Martes Promo 30% OFF
8044,3022,25.0,2014-01-01,2015-12-30,Friday,Viernes Promo 25% OFF
8045,3824,30.0,2014-01-01,2015-12-30,Tuesday,Martes Promo 30% OFF
8046,3824,25.0,2014-01-01,2015-12-30,Friday,Viernes Promo 25% OFF
8047,2770,30.0,2014-01-01,2015-12-30,Tuesday,Martes Promo 30% OFF
8048,2770,25.0,2014-01-01,2015-12-30,Friday,Viernes Promo 25% OFF
8049,2291,30.0,2014-01-01,2015-12-30,Tuesday,Martes Promo 30% OFF
8050,2291,25.0,2014-01-01,2015-12-30,Friday,Viernes Promo 25% OFF
8051,3340,30.0,2014-01-01,2015-12-30,Tuesday,Martes Promo 30% OFF
8052,3340,25.0,2014-01-01,2015-12-30,Friday,Viernes Promo 25% OFF
8053,1389,30.0,2014-01-01,2015-12-30,Tuesday,Martes Promo 30% OFF
8054,1389,25.0,2014-01-01,2015-12-30,Friday,Viernes Promo 25% OFF
8055,880,30.0,2014-01-01,2015-12-30,Tuesday,Martes Promo 30% OFF
8056,880,25.0,2014-01-01,2015-12-30,Friday,Viernes Promo 25% OFF
8057,1386,30.0,2014-01-01,2015-12-30,Tuesday,Martes Promo 30% OFF
8058,1386,25.0,2014-01-01,2015-12-30,Friday,Viernes Promo 25% OFF
8059,858,30.0,2014-01-01,2015-12-30,Tuesday,Martes Promo 30% OFF
8060,858,25.0,2014-01-01,2015-12-30,Friday,Viernes Promo 25% OFF
8061,279,30.0,2014-01-01,2015-12-30,Tuesday,Martes Promo 30% OFF
8062,279,25.0,2014-01-01,2015-12-30,Friday,Viernes Promo 25% OFF
8063,1300,30.0,2014-01-01,2015-12-30,Tuesday,Martes Promo 30% OFF
8064,1300,25.0,2014-01-01,2015-12-30,Friday,Viernes Promo 25% OFF
8065,1867,30.0,2014-01-01,2015-12-30,Tuesday,Martes Promo 30% OFF
8066,1867,25.0,2014-01-01,2015-12-30,Friday,Viernes Promo 25% OFF
